[
    {
        "start": 0.0,
        "end": 47.64,
        "speaker": "speaker_1",
        "text": "جايزه زي ما حضراتكو شايفين عباره عن الرستاله والتلاجه والبوتاجاز بالإضافه إلى مجموعه من المفشات كمان عندنا حاجه عزيبه أخد رأيكو فيها كمان نسيتها جدا الفستان ده ده فستان العروسه اللي كانت لابسازينا الفستان ده إحنا فيفكرنا إن إحنا نلديب الجامعيه واحده من الجامعيات الخيريه اللي تأجروا للفتيات يعني اللي هيتجوزوا اعرايس يلبسوه بعدين يرجعوه بعدين ناس ني تلبسوه يعني بتديب بس داه فلح الو طبعا بدهم طبعا طبعا فلازم ناخد موافقتكو طبعا  واسمين سنهد ه  ن إنت   ني"
    },
    {
        "start": 47.72,
        "end": 47.92,
        "speaker": "speaker_0",
        "text": "ال"
    },
    {
        "start": 47.92,
        "end": 48.36,
        "speaker": "speaker_1",
        "text": "دباهم"
    },
    {
        "start": 48.4,
        "end": 51.88,
        "speaker": "speaker_0",
        "text": "علىا"
    },
    {
        "start": 52.0,
        "end": 52.12,
        "speaker": "speaker_1",
        "text": "ش"
    },
    {
        "start": 52.12,
        "end": 53.04,
        "speaker": "speaker_0",
        "text": "عايز أسمع منك"
    },
    {
        "start": 53.04,
        "end": 56.28,
        "speaker": "speaker_1",
        "text": "بقى لأن هاني كمان مكلموشط"
    },
    {
        "start": 56.48,
        "end": 60.24,
        "speaker": "speaker_0",
        "text": "ده ه لمفروض إيه اللي انا طلعت بيه من المسلسل"
    },
    {
        "start": 60.8,
        "end": 70.48,
        "speaker": "speaker_1",
        "text": "الحاجه الأخيره اللي إنت جامعة اللاس عايز تقولها عايز تقولها أه أن الناس اللي تبعت المسلسل وحبيته جدا والفضل كبير جدا نجاح المسلسل ده لالورقه"
    },
    {
        "start": 71.08,
        "end": 84.64,
        "speaker": "speaker_0",
        "text": "للفضل الحقيقي جدا نجاح المسلسل ده الحقيقي هو ربنا  أنا أنا بشكره في الحته دي لحاجه واحده بس إن إحنا كلنا من أول محموده يوسف الفخراني مع حفظ الأفقار طبعا"
    }
]