[
    {
        "start": 0.0,
        "end": 8.64,
        "speaker": "speaker_1",
        "text": "الحقيقه كان ب قبد الموضوع والإعادات اللي حصلت وتطوير الفكره والشغل عليها و كل التفاصيل دي في النهايه طلعت العمل"
    },
    {
        "start": 8.68,
        "end": 38.96,
        "speaker": "speaker_0",
        "text": "الرائع ده أنا مره تانيه ب ألف مبروك  و إن شاء الله تبقى دي البدايه لأعمال تانيه كتير بالشكل ده ومتن بشكرك شكرا جزيلا خليني أقولكوا كده سريعا فاطمه سامي بصراحه مسلسل تحصه وزعلانه إنه خلص والحاله الأخيره تجنن بتتفرج على الفرح وبعيط وبضحك في نفس الوقت لأن كنت نفسي بابا يكون عايش ويشوف فرحي عم عبد الحميد وزين فكروني بابا وأنا بالظبط"
    }
]