[
    {
        "start": 0.0,
        "end": 5.92,
        "speaker": "speaker_1",
        "text": "والهيتفون يعني بجد تفاصيل جبت منين التفاصيل"
    },
    {
        "start": 5.92,
        "end": 36.04,
        "speaker": "speaker_0",
        "text": "دي م هما عندهم حاجه حبيتها أنا برضو أوي وأنا وأنا في مرحلة التحضير إن هما عندهم جزء تفولي أوي هو هو على طبيعته جدا وعلى حقيقته جدا لدرجه حسيه طفل هو مش طفل يعني هو ذقراءه يعني أ بس بالظبط فده براءه إم جراية الأطفال في حتة إن هو بيقول اللي على قلبه لو سألتي سؤال بيرد بصراحه شديده مش معندوش السوش الاسكينس بتاعت بتاعت البتاعتنا إحنا اللي هو"
    },
    {
        "start": 36.08,
        "end": 43.12,
        "speaker": "speaker_1",
        "text": "بتاعت الخداعه تتأو وبتل تعلنتي كويسه"
    },
    {
        "start": 44.52,
        "end": 47.16,
        "speaker": "speaker_1",
        "text": "مقت الخداع لوه والكلام ده كله ما كانش"
    },
    {
        "start": 47.8,
        "end": 60.16,
        "speaker": "speaker_0",
        "text": "عن زان كلنا عندنا كلنا كبني ادمين اللي هو لما اتقابل حد الأول ي في الطبهات بالظبط فلأ هو معندوش دي مبيفهمش مثلا إنه كانت مابيفهمش التشجيهات فهو"
    },
    {
        "start": 60.56,
        "end": 68.08,
        "speaker": "speaker_1",
        "text": "أصعب حاجه كانت عندك إيه أصعب حاجه أصعب مش أصعب مشهد بس أصعب تفصيله كانت عندك إيه"
    },
    {
        "start": 68.28,
        "end": 85.4,
        "speaker": "speaker_0",
        "text": "هو في الدور عامة أصعب حاجه كانت إن فعلا هو الممثل هو يعني مطلوب منه إن هو يعبر عن إحساس معين حاسه في المشهد الشخصيه دي تحديدا مبيعرفش يعبر عن إحساسه أو بيعبر عنه بطريقه مش ش الناس بتتعبر بيها عني"
    }
]