[
    {
        "start": 0.0,
        "end": 2.44,
        "speaker": "speaker_0",
        "text": "بالنسبالنا أو بالنسبالي أنا أقدر أقول إنها يعني"
    },
    {
        "start": 2.56,
        "end": 4.32,
        "speaker": "speaker_3",
        "text": "تشغلني بشكل كبير"
    },
    {
        "start": 4.6,
        "end": 7.16,
        "speaker": "speaker_2",
        "text": "لأنه الفوقه الأطه وهي"
    },
    {
        "start": 7.28,
        "end": 11.6,
        "speaker": "speaker_1",
        "text": "الحكايه كلها صحيح هي اللي بيطلع منها كل الحكاه مصري"
    },
    {
        "start": 11.92,
        "end": 14.56,
        "speaker": "speaker_3",
        "text": "طيبه ويعني مصطلح السوه بع"
    },
    {
        "start": 14.6,
        "end": 17.64,
        "speaker": "speaker_1",
        "text": "دها بتقلحك القت هو بيتقال على التضخم الوسطه المصريه"
    },
    {
        "start": 17.88,
        "end": 19.2,
        "speaker": "speaker_2",
        "text": "لفضلة شود البلد دي"
    },
    {
        "start": 19.24,
        "end": 20.12,
        "speaker": "speaker_1",
        "text": "فتره طويله جدا"
    }
]