[
    {
        "start": 0.0,
        "end": 1.04,
        "speaker": "speaker_1",
        "text": "في الأماكن"
    },
    {
        "start": 2.0,
        "end": 3.0,
        "speaker": "speaker_0",
        "text": "اللي حطاها فيها"
    },
    {
        "start": 3.04,
        "end": 3.28,
        "speaker": "speaker_1",
        "text": "يعني"
    },
    {
        "start": 3.32,
        "end": 14.6,
        "speaker": "speaker_0",
        "text": "من أكتر الأغنيات اللي أنا بحبها طبعا الشوارع حواديت طبعا لأن ده صوت العظيم صلح شاهين طبعا نسمع جزء من هذه الأغنيات درائعه لفرقة المصريين"
    }
]