[
    {
        "start": 0.0,
        "end": 0.4,
        "speaker": "speaker_2",
        "text": "امنصريه"
    },
    {
        "start": 0.4,
        "end": 2.88,
        "speaker": "speaker_1",
        "text": "هنا زي"
    },
    {
        "start": 3.08,
        "end": 6.72,
        "speaker": "speaker_2",
        "text": "أنا هحكيلك أناملش تاو الصعبيات"
    },
    {
        "start": 6.84,
        "end": 12.32,
        "speaker": "speaker_1",
        "text": "أنا نا نصحب على حد إخوار الهوا"
    },
    {
        "start": 12.44,
        "end": 14.6,
        "speaker": "speaker_3",
        "text": "بتعملي معاك كوباية شايفه خمسينه"
    },
    {
        "start": 14.72,
        "end": 15.68,
        "speaker": "speaker_1",
        "text": "خلاص معالق سكر"
    },
    {
        "start": 15.76,
        "end": 17.4,
        "speaker": "speaker_2",
        "text": "لحد نخش حلما دي خمس"
    },
    {
        "start": 17.44,
        "end": 20.88,
        "speaker": "speaker_0",
        "text": "معالق أه لو عبيل اللي هتعمله خليك حط اصبح في واح"
    },
    {
        "start": 20.92,
        "end": 27.84,
        "speaker": "speaker_2",
        "text": "لهو رهيب براهيب إبراهيب خمس"
    }
]