[
    {
        "start": 0.0,
        "end": 0.4,
        "speaker": "speaker_0",
        "text": "عايز يروح"
    },
    {
        "start": 0.44,
        "end": 0.92,
        "speaker": "speaker_2",
        "text": "لحبيبته"
    },
    {
        "start": 0.92,
        "end": 1.92,
        "speaker": "speaker_0",
        "text": "و هي سعادته"
    },
    {
        "start": 2.2,
        "end": 4.64,
        "speaker": "speaker_1",
        "text": "فهو هنا في المسلسل حاجه حلوه"
    },
    {
        "start": 4.8,
        "end": 5.88,
        "speaker": "speaker_3",
        "text": "إن هو بيعلمك"
    },
    {
        "start": 6.0,
        "end": 7.48,
        "speaker": "speaker_2",
        "text": "الحب بيجيب حب"
    },
    {
        "start": 7.56,
        "end": 9.48,
        "speaker": "speaker_3",
        "text": "إم وإنك تعدي المشاكل لو إنتي"
    },
    {
        "start": 9.52,
        "end": 9.76,
        "speaker": "speaker_1",
        "text": "عايزه"
    },
    {
        "start": 9.8,
        "end": 10.32,
        "speaker": "speaker_2",
        "text": "تحبي"
    },
    {
        "start": 10.48,
        "end": 13.4,
        "speaker": "speaker_1",
        "text": "وتعدي مشاكل ومتقفيش في الأوقات الصعبه"
    },
    {
        "start": 13.48,
        "end": 15.16,
        "speaker": "speaker_0",
        "text": "هتعديها أصلا"
    },
    {
        "start": 15.16,
        "end": 16.56,
        "speaker": "speaker_2",
        "text": "إم ده اللي في قصدها"
    },
    {
        "start": 16.56,
        "end": 16.96,
        "speaker": "speaker_1",
        "text": "الليهو"
    }
]