[
    {
        "start": 0.0,
        "end": 4.8,
        "speaker": "speaker_1",
        "text": "رساله اللي إنتي بعتيهاله على موبايله وكتبتيله فيها علوان العماره عندك"
    },
    {
        "start": 5.0,
        "end": 7.16,
        "speaker": "speaker_3",
        "text": "يعني إنتي مش زعلانه من"
    },
    {
        "start": 7.36,
        "end": 9.76,
        "speaker": "speaker_2",
        "text": "مره مرزوقه منا الصغير"
    },
    {
        "start": 9.96,
        "end": 11.44,
        "speaker": "speaker_0",
        "text": "تجع من المدرسه سوخنه"
    }
]