[
    {
        "start": 0.0,
        "end": 6.84,
        "speaker": "speaker_0",
        "text": "نهم إحنا حاسين بيكو وشايفينكو هما كمان شافوه أنا شايفه إن انتو كمان حابين بعض أ دي حتى في الكواليس قبل ما نبتدي"
    },
    {
        "start": 7.36,
        "end": 9.76,
        "speaker": "speaker_1",
        "text": "يش بالمظاهرينييد"
    },
    {
        "start": 9.8,
        "end": 23.08,
        "speaker": "speaker_0",
        "text": "والله كل ده كلام يعني  ام طيب لما زعة المساهد فاكر وفاكره ولى مشدي يعنين كمان إنتو حابين بعض أوي ما شاء الله يعن لله ده كان ظاهر اإن إنتو أسره يعني حتى اكلنا"
    },
    {
        "start": 23.16,
        "end": 23.68,
        "speaker": "speaker_1",
        "text": "أسر كل"
    },
    {
        "start": 23.72,
        "end": 24.16,
        "speaker": "speaker_0",
        "text": "يا حبيب"
    },
    {
        "start": 24.2,
        "end": 25.24,
        "speaker": "speaker_1",
        "text": "علي المسشل الخيس"
    },
    {
        "start": 25.28,
        "end": 28.24,
        "speaker": "speaker_0",
        "text": "إنت قعدت واعد على ال نرع نا"
    },
    {
        "start": 28.24,
        "end": 28.96,
        "speaker": "speaker_1",
        "text": "أصل إحنا كنا"
    },
    {
        "start": 29.0,
        "end": 30.48,
        "speaker": "speaker_0",
        "text": "مابنكسإمش المايك شصتك"
    },
    {
        "start": 30.72,
        "end": 38.04,
        "speaker": "speaker_1",
        "text": "أنا كنت بعتبر الي هما عيلته جدا إحنا كل كلنا بنعتبه نفسنا إن إحنا هنا وحده بنحب مجين كليه"
    },
    {
        "start": 38.16,
        "end": 44.32,
        "speaker": "speaker_0",
        "text": "ودت قاعد مثسلك إيد ماما دلوقتي أصلا كده أوي عادي لب  خلص  كان بج مني"
    },
    {
        "start": 44.76,
        "end": 49.28,
        "speaker": "speaker_1",
        "text": "مسلسل نجح إن شاء الله مسل جميل أوي نجعنا واللي خلص بجد كلنا ن"
    },
    {
        "start": 49.52,
        "end": 52.16,
        "speaker": "speaker_0",
        "text": "دين و كتوب يعني عد وقت حلو مبسوطين"
    },
    {
        "start": 52.16,
        "end": 55.76,
        "speaker": "speaker_1",
        "text": "إني إحنا نوحنا وبرهيعني زماييل هو خلص"
    },
    {
        "start": 55.92,
        "end": 65.96,
        "speaker": "speaker_0",
        "text": "إنتو حسيتوا نجاحدك يعني أكيد بتشوفوه تقروه طبعا على ما قتص الاجتماعي ل إحنا بنتكلم على مسلسل حق أكتر من مية مليون مشاهد على مستوى حلقته كلها"
    }
]