[
    {
        "start": 0.0,
        "end": 3.875,
        "speaker": "speaker_2",
        "text": "الاستراتيجيه دي تم إطلاقها في العام الماضي عم"
    },
    {
        "start": 3.875,
        "end": 4.875,
        "speaker": "speaker_1",
        "text": "ه بالظبط كده"
    },
    {
        "start": 4.875,
        "end": 6.875,
        "speaker": "speaker_2",
        "text": "تمام بتنص بقى على الاستراتيجيه دي"
    },
    {
        "start": 6.875,
        "end": 15.21,
        "speaker": "speaker_1",
        "text": "حضرتك إحنا لينا أهداف في الاستراتيجيه دي أولها إن هي لازم نعمل إنفاز القانون إم ولازم يبقى في دور للأطباء"
    },
    {
        "start": 6.875,
        "end": 7.125,
        "speaker": "speaker_2",
        "text": "يح"
    },
    {
        "start": 15.5,
        "end": 24.490000000000002,
        "speaker": "speaker_1",
        "text": "لأن إحنا بنلاحظ إن نسبة الأطباء زادت جدا في عملية فتان ناس إم كانت في الأول اللي بيعمل عملية فتان الناس دي جايه أو حلق صح أو أي شخص"
    },
    {
        "start": 24.78,
        "end": 35.155,
        "speaker": "speaker_1",
        "text": "بدأت الناس تلجأ للأطباء في عملية الفيتان إم فده كان مؤشر بالنسبالنا كان صدمه أه إن إحنا لقينا نسبة عملياة الفيتان دي كلها بيعملوها طيكن تمانين في الميه من الأر"
    },
    {
        "start": 35.155,
        "end": 40.65,
        "speaker": "speaker_2",
        "text": "إم إ المعدل بدون قطع كانه عملت ديه دكتور معدل عملية الختان"
    },
    {
        "start": 35.155,
        "end": 35.405,
        "speaker": "speaker_1",
        "text": "أه"
    },
    {
        "start": 41.02,
        "end": 45.77,
        "speaker": "speaker_2",
        "text": "النهارده كام في الميه وبحلول عم عشرين عشرين عايزين يبقى كام"
    },
    {
        "start": 45.98,
        "end": 68.85499999999999,
        "speaker": "speaker_1",
        "text": "هو إحنا بنبقى أهم مؤشر لينا الفتره اللي هي من خمستاشر لسبعتاشر أنا مش دعوه بالفتره اللي هي من خمستاشر لتسعه و أربعين إن دي هتفضل مستمره معايا إم في الفترات اللي جايه إم فبيهميني الفتره البنت اللي عندها من سن خمستاشر لسبعتاشر ل بعد كده معروف غالبا مبتحصلش عملية ختان بعد سن إم إحنا النسبه دي كانت في ألفين و تمانيه كانت أربعه وأسبعين في الميه"
    },
    {
        "start": 64.855,
        "end": 65.355,
        "speaker": "speaker_2",
        "text": ""
    },
    {
        "start": 68.855,
        "end": 69.605,
        "speaker": "speaker_2",
        "text": " أربعه وساعين"
    },
    {
        "start": 69.355,
        "end": 69.605,
        "speaker": "speaker_1",
        "text": ""
    },
    {
        "start": 69.605,
        "end": 83.855,
        "speaker": "speaker_1",
        "text": "ه بالظبط أرته في ألفين و اربعتاشر ألف بقت واحد وستين في الميه و احنا بنهدف إن إن شاء الله على ألفين وعشرين تبقى خمسين في الميه ودايما علماء الإحصاء علمونا إنبالنسبه لما بتوصل لخمسين في الميه بعد كده تعرف إن النسبه لمسل خالص"
    },
    {
        "start": 83.855,
        "end": 84.355,
        "speaker": "speaker_2",
        "text": ""
    },
    {
        "start": 83.855,
        "end": 84.105,
        "speaker": "speaker_1",
        "text": "سي"
    },
    {
        "start": 84.355,
        "end": 85.105,
        "speaker": "speaker_3",
        "text": "دي حاجه "
    },
    {
        "start": 84.355,
        "end": 84.605,
        "speaker": "speaker_1",
        "text": ""
    },
    {
        "start": 84.855,
        "end": 85.105,
        "speaker": "speaker_1",
        "text": "صر "
    },
    {
        "start": 85.105,
        "end": 85.855,
        "speaker": "speaker_1",
        "text": "كلوبيس بويس"
    },
    {
        "start": 85.605,
        "end": 85.855,
        "speaker": "speaker_3",
        "text": "رئيس"
    },
    {
        "start": 85.855,
        "end": 86.355,
        "speaker": "speaker_3",
        "text": ""
    },
    {
        "start": 85.855,
        "end": 86.105,
        "speaker": "speaker_1",
        "text": ""
    },
    {
        "start": 86.105,
        "end": 86.355,
        "speaker": "speaker_2",
        "text": "ت"
    },
    {
        "start": 86.355,
        "end": 87.105,
        "speaker": "speaker_2",
        "text": ""
    },
    {
        "start": 86.855,
        "end": 87.105,
        "speaker": "speaker_3",
        "text": ""
    },
    {
        "start": 87.105,
        "end": 95.29,
        "speaker": "speaker_3",
        "text": "إيمين قوليلي بعد تجربتك الإيجابيه دي بتنصحي أصحابك وبتقوليلهم إيه أضرار ختان الإناس"
    },
    {
        "start": 96.38,
        "end": 97.36999999999999,
        "speaker": "speaker_0",
        "text": ""
    },
    {
        "start": 98.3,
        "end": 100.675,
        "speaker": "speaker_3",
        "text": "ولا ماجاتلكيش فرصه إنك إنتي"
    },
    {
        "start": 100.675,
        "end": 102.17,
        "speaker": "speaker_0",
        "text": "من أنا مسحات إم"
    },
    {
        "start": 100.675,
        "end": 100.925,
        "speaker": "speaker_3",
        "text": "طل"
    },
    {
        "start": 103.02,
        "end": 105.61,
        "speaker": "speaker_0",
        "text": "لأ هو مكنش عندي فرصه على يعني"
    },
    {
        "start": 106.3,
        "end": 118.09,
        "speaker": "speaker_0",
        "text": "حتى الدايره اللي حواليا كلهم متعرضوش للحاجات دي إ بس لما بيطرح قدام الموضوع يعني بعرض وبتخانق وإن هو ده ما ينفعش ولا دينيا و لا طديا ولا أي حاجه"
    },
    {
        "start": 118.38,
        "end": 121.05,
        "speaker": "speaker_0",
        "text": "هو ولا ليه علاقه بالتربيه"
    },
    {
        "start": 121.5,
        "end": 125.625,
        "speaker": "speaker_2",
        "text": "طب إنتي قولتي لجمله دلوقتي إيمان اللي حواليكي متعرضوش لده"
    },
    {
        "start": 125.625,
        "end": 134.41,
        "speaker": "speaker_0",
        "text": "اللي حواليا من الدايره المقربه ليا مش دايرة أصحابي اللي في المدرسه إحنا لما طول الوقت في دايتين دارة صحابي في المدرسه دي الي يعني"
    },
    {
        "start": 125.625,
        "end": 125.875,
        "speaker": "speaker_2",
        "text": "ال"
    },
    {
        "start": 134.7,
        "end": 149.325,
        "speaker": "speaker_0",
        "text": "كنت بقعد أتكلم معاهم بس برضو فكرة المناقشه أو الحوار اللي أنا فيها دلوقتي إم غير زمان وأنا طفله صغيره يعني أه اكنش مكنتش أعرف أقود إم إم بس لما بيكون في فرصه إن أنا أقول ده "
    },
    {
        "start": 140.075,
        "end": 140.325,
        "speaker": "speaker_1",
        "text": ""
    },
    {
        "start": 149.075,
        "end": 149.325,
        "speaker": "speaker_2",
        "text": ""
    },
    {
        "start": 149.325,
        "end": 166.575,
        "speaker": "speaker_2",
        "text": "بس هل الموضوع كموضوع الموضوعات اللي إنتو بتتناقشوا فيها دلوقتي يما إن الكبرتي يعني شويه بتكلموي فيها عادي على المفتوح كده بتسألي ممكن تسأي حد صاعبك مثلا إنتي تعرضتي لعملية الخيتان تعرفي حد تعرض لعملية الختان أو لأ ولا مهاش موضوع متروح أصلا المناقشه ما بين"
    },
    {
        "start": 166.575,
        "end": 167.29,
        "speaker": "speaker_0",
        "text": "لأ"
    },
    {
        "start": 166.575,
        "end": 166.825,
        "speaker": "speaker_2",
        "text": "ي"
    },
    {
        "start": 167.5,
        "end": 177.625,
        "speaker": "speaker_0",
        "text": "الموضوع مطروح وإن هو زي مثلا ليوم العالمي لفتان الإناس بنبدأ نتكلم في موضوع نبدأ نطرح الأسئله هو ليه أهل عمله ده أصلا"
    },
    {
        "start": 177.625,
        "end": 178.17,
        "speaker": "speaker_2",
        "text": "طم"
    },
    {
        "start": 178.62,
        "end": 194.33,
        "speaker": "speaker_0",
        "text": "وهل هو لسه مستمر ولا لأ بس للأسف و لسه مستمر في بعض اليعني يالحي أماكن في بعض الأماكن الناحيه الشعبيه وحتى الناس المتدينه بس منغلق على نفسها لأن هما شايفين"
    },
    {
        "start": 194.62,
        "end": 196.41,
        "speaker": "speaker_0",
        "text": "بعد الناس استني جسم البنت"
    },
    {
        "start": 196.7,
        "end": 199.325,
        "speaker": "speaker_0",
        "text": "حاوره وإن هي مينفعش تحس أي حاجه"
    },
    {
        "start": 199.325,
        "end": 202.325,
        "speaker": "speaker_3",
        "text": "حسن الموضوع ده أثر عليكي على حياتك عموماغد"
    },
    {
        "start": 199.325,
        "end": 199.575,
        "speaker": "speaker_0",
        "text": "ح"
    },
    {
        "start": 202.075,
        "end": 202.325,
        "speaker": "speaker_0",
        "text": "ود"
    },
    {
        "start": 202.325,
        "end": 203.53,
        "speaker": "speaker_0",
        "text": "أهه يعني أكيد"
    },
    {
        "start": 202.325,
        "end": 202.575,
        "speaker": "speaker_3",
        "text": "ه"
    },
    {
        "start": 204.06,
        "end": 205.13,
        "speaker": "speaker_0",
        "text": "يعني"
    },
    {
        "start": 205.34,
        "end": 205.69,
        "speaker": "speaker_0",
        "text": "أوي"
    },
    {
        "start": 205.98,
        "end": 207.105,
        "speaker": "speaker_3",
        "text": "كان موضوع إيابي يعني"
    },
    {
        "start": 207.105,
        "end": 209.85,
        "speaker": "speaker_0",
        "text": "أه أه أه أكيد إم"
    },
    {
        "start": 210.06,
        "end": 219.185,
        "speaker": "speaker_0",
        "text": "وحسيت إن أنا حاجه دي حاجه بتاعتي فحسيت إن أنا ساعتها أي حاجه ممكن تحصلي بعد كده هقف واتكلم لأن دي حاجه خاصه بيه ما ينفعش أي حد من ضكي"
    },
    {
        "start": 218.935,
        "end": 219.185,
        "speaker": "speaker_3",
        "text": "مط"
    },
    {
        "start": 219.185,
        "end": 219.935,
        "speaker": "speaker_3",
        "text": "قوهيعنيأه"
    },
    {
        "start": 219.935,
        "end": 239.685,
        "speaker": "speaker_2",
        "text": "أه ضروري القصوت المرأه مسموعه متنا في القضايه مش بس قضية ختان الجناس أستاذ مصطفى إيري سان حضرتك تحب إن انت تقولها النهارده وإحنا بننخش هذا الموضوع حقيقي مش هنقجي ليه النهارده وبرضو محنول عشرين عشرين هتبام نسه خمسين في الميه و لكن الرسالله حضرتك كبت وص"
    },
    {
        "start": 219.935,
        "end": 220.185,
        "speaker": "speaker_0",
        "text": "أوي"
    },
    {
        "start": 239.685,
        "end": 244.01,
        "speaker": "speaker_1",
        "text": "هو لرساله رسالتين ورساله للأهل ورساله للأطباء إم"
    },
    {
        "start": 244.3,
        "end": 248.65,
        "speaker": "speaker_1",
        "text": "الأهل أنا بوجهلهم بقولهم الموضوع ما بيركش قوب"
    },
    {
        "start": 248.94,
        "end": 257.61,
        "speaker": "speaker_1",
        "text": "جزء من جسم البنت عشان خاطر إن انت تحاول تهزيبها أو يبقى عندها إخلاق الموضوع بيرجه للتربيه لأن كل الشنره من المخ أو العقل يعنيإ"
    },
    {
        "start": 257.82,
        "end": 264.49,
        "speaker": "speaker_1",
        "text": "حتى لو عملت كل شيء في اسمها البنت لو عايزه تنحرف هتنحرف الحساله المهمه للأطباء"
    },
    {
        "start": 264.94,
        "end": 280.57,
        "speaker": "speaker_1",
        "text": "يعني إحنا بنقول يا جماعه إحنا بنسأل الطب وليس ال الطبيب إم يعني بنشوف هل في الطب أو في المراجع الطبيه في حاجه اسمها عملية ختان إناس إحنا لما عملنا مؤتمر لسه حوالي أسبوع تلاته اتنين كان مؤتمر أطباء ضد الختام ناس"
    },
    {
        "start": 280.86,
        "end": 287.77000000000004,
        "speaker": "speaker_1",
        "text": "المؤتمر ده كان هدفه إن إحنا لازم نقدرول لأن في طلبه في كلية الطب لغاية دلوقتي ميعرفوش إن الختام ليه أضرار إم"
    },
    {
        "start": 287.98,
        "end": 290.89000000000004,
        "speaker": "speaker_1",
        "text": "كان أهم حاجه عندنا إن إحنا يبقى في منهج"
    },
    {
        "start": 291.18,
        "end": 294.33,
        "speaker": "speaker_1",
        "text": "في كلية الطب بيعرف عن أضراف في تمي النس"
    },
    {
        "start": 295.02,
        "end": 298.16999999999996,
        "speaker": "speaker_1",
        "text": "دي رساله بللأطباء إيه يا جماعه التقليه إن"
    },
    {
        "start": 298.38,
        "end": 313.755,
        "speaker": "speaker_1",
        "text": "موضوع ده إنت عندك قسم أقسمت ورساعة التخرج إن انت متأذيش مريض وإن هدف أي تدخل جراحي هو إن إمتى تنقي المريض أو تشيل القلل من عنده و بقصد العلاج و ليس بقصد الدرب إ فدي رسالتيه مهمين الأهل وللأطباء"
    },
    {
        "start": 313.755,
        "end": 314.33,
        "speaker": "speaker_2",
        "text": "ه"
    },
    {
        "start": 313.755,
        "end": 314.005,
        "speaker": "speaker_1",
        "text": "م"
    },
    {
        "start": 314.54,
        "end": 321.29,
        "speaker": "speaker_2",
        "text": "إمان نسمع إنتي منك برضو الرسانه توجهيها البنات اللي تسمي كله أصغر منك اللي ممكن في يوم من الأيام يتعرضه لمثل هذا الموق"
    },
    {
        "start": 321.58,
        "end": 322.57,
        "speaker": "speaker_0",
        "text": "تم"
    },
    {
        "start": 322.78,
        "end": 324.405,
        "speaker": "speaker_0",
        "text": "الجسمك ده بتاعك تانيإم"
    },
    {
        "start": 324.155,
        "end": 324.405,
        "speaker": "speaker_2",
        "text": ""
    },
    {
        "start": 324.405,
        "end": 324.655,
        "speaker": "speaker_2",
        "text": ""
    },
    {
        "start": 324.405,
        "end": 324.655,
        "speaker": "speaker_0",
        "text": ""
    },
    {
        "start": 324.655,
        "end": 329.60999999999996,
        "speaker": "speaker_0",
        "text": "إنتي إنتي اللي هتحسديه بكل حاجه إنتي اللي هتحس بالقلعم وإنتي اللي هتحس بالوجع"
    },
    {
        "start": 324.655,
        "end": 324.905,
        "speaker": "speaker_2",
        "text": ""
    },
    {
        "start": 330.38,
        "end": 332.73,
        "speaker": "speaker_0",
        "text": "على قدى القلم إن إنتي هتحسيه إ"
    },
    {
        "start": 333.02,
        "end": 337.28999999999996,
        "speaker": "speaker_0",
        "text": "بأي حاجه ساعة تحربش أو ساعد عملية فتان أو أي حاجه"
    },
    {
        "start": 337.66,
        "end": 342.01000000000005,
        "speaker": "speaker_0",
        "text": "لو فكرتي بس في الوجع دفعي عن ده بكل قوتك"
    },
    {
        "start": 342.54,
        "end": 345.77000000000004,
        "speaker": "speaker_0",
        "text": "جسمنا هيلتحق إن إحنا ندافع عنه ضد أي حاجه يعني "
    },
    {
        "start": 345.98,
        "end": 350.33000000000004,
        "speaker": "speaker_2",
        "text": "بحيكي على شان اتك وعلى موقفك وعلى سبودك مام الضغوط"
    },
    {
        "start": 350.54,
        "end": 359.915,
        "speaker": "speaker_1",
        "text": "هو بس إنت عايز أول حاجه أكيد بس يعنيكنت بتمنى إن اللي بيشوفونا أي حد إم يبقى عنده علم جريمة ختان ناسي تصل على رقم ده خط السياسي"
    },
    {
        "start": 359.665,
        "end": 359.915,
        "speaker": "speaker_2",
        "text": "سب"
    },
    {
        "start": 359.915,
        "end": 361.165,
        "speaker": "speaker_2",
        "text": "ب لاص يا خ"
    },
    {
        "start": 360.915,
        "end": 361.165,
        "speaker": "speaker_1",
        "text": "خل"
    },
    {
        "start": 361.165,
        "end": 367.05,
        "speaker": "speaker_1",
        "text": "ستاشر سي واحد وعشرين دهخلت المشوره الأسريه ده إحنا بنتلقى كل البلاغات عن جريمة ختان الناس"
    },
    {
        "start": 367.26,
        "end": 383.77,
        "speaker": "speaker_1",
        "text": "أو التوجه لأي نيابه عام أو مركز شرطه في تعاون من وزارة الداخليه ومكتب النقل العام في قضايا فتن ناس متسكتوش إم يعني تسمع أي كريم عن ختان إناس ياريت تتصل فورى مع الرقم ده أو تتوجه لأي مكتب نيابه أو اسم شر"
    },
    {
        "start": 384.06,
        "end": 387.685,
        "speaker": "speaker_3",
        "text": "تستخن تاني لمستستاشرواحد وعشرين"
    },
    {
        "start": 387.435,
        "end": 387.685,
        "speaker": "speaker_2",
        "text": "سلم"
    },
    {
        "start": 387.685,
        "end": 392.685,
        "speaker": "speaker_2",
        "text": "ستاشر زيرو واحد وعشرين أي حد بيسمع بيعرف عنأو"
    },
    {
        "start": 387.685,
        "end": 388.185,
        "speaker": "speaker_3",
        "text": "كسب"
    },
    {
        "start": 392.435,
        "end": 392.685,
        "speaker": "speaker_3",
        "text": "إ"
    },
    {
        "start": 392.685,
        "end": 393.685,
        "speaker": "speaker_3",
        "text": "نس الفوره"
    },
    {
        "start": 392.685,
        "end": 392.935,
        "speaker": "speaker_2",
        "text": "حس"
    },
    {
        "start": 393.685,
        "end": 395.935,
        "speaker": "speaker_1",
        "text": "أو الاستفطار عن الاستقرار أو أي شيء"
    },
    {
        "start": 395.935,
        "end": 396.73,
        "speaker": "speaker_2",
        "text": "ممتاش"
    },
    {
        "start": 397.1,
        "end": 406.225,
        "speaker": "speaker_3",
        "text": "أكيد هيبقى في إقبال على الرقم ده وأكيد ناس كتيره هتبقى حابه إن هي تبلغ عن الجرايم دي أو إن هي تستفسر كمان على"
    },
    {
        "start": 406.225,
        "end": 409.69,
        "speaker": "speaker_2",
        "text": "إحنا بندعمهم ن حقيقه يعنيعن إحنا ا هذه الفرصه وندعوهم يعني"
    },
    {
        "start": 410.22,
        "end": 415.13000000000005,
        "speaker": "speaker_2",
        "text": "متخافوش يا جماعه إرفاصا يا جماعه وقولوا والله إن أنا أعرف عن الحاله الفلانيه"
    },
    {
        "start": 415.42,
        "end": 424.81,
        "speaker": "speaker_2",
        "text": "أعمل إيه أبلا إزاي أتصرف إزاي ستاشر زيرو واحد وعشرين ده الخط الساخن للإستفسار أو للتبيغ عن أي حالات لخيتان الإنس"
    },
    {
        "start": 426.3,
        "end": 427.21000000000004,
        "speaker": "speaker_3",
        "text": "اكلمنا كتير"
    },
    {
        "start": 427.58,
        "end": 428.33,
        "speaker": "speaker_3",
        "text": "مجوعتش "
    },
    {
        "start": 428.54,
        "end": 430.415,
        "speaker": "speaker_2",
        "text": "جدابست"
    },
    {
        "start": 429.915,
        "end": 430.415,
        "speaker": "speaker_3",
        "text": ""
    },
    {
        "start": 430.415,
        "end": 436.73,
        "speaker": "speaker_3",
        "text": "طيب الأول أحب أشكر الأستاذ مصطفى عشكلي محب أشكرك جدا الإيمان مشي على شجاعتك وعلى"
    },
    {
        "start": 430.415,
        "end": 430.665,
        "speaker": "speaker_2",
        "text": ""
    },
    {
        "start": 436.94,
        "end": 443.61,
        "speaker": "speaker_3",
        "text": "إسرارك وعزيمتك بجد بحييكي وبحيي حضرتك على الدور الرائع اللي حضرتك بتقوم بيه من خلال التوعيه"
    },
    {
        "start": 443.9,
        "end": 446.025,
        "speaker": "speaker_3",
        "text": "ومحاربة العاده السيئكي"
    },
    {
        "start": 446.025,
        "end": 446.775,
        "speaker": "speaker_1",
        "text": "إن شاء الله"
    },
    {
        "start": 446.025,
        "end": 446.275,
        "speaker": "speaker_3",
        "text": ""
    },
    {
        "start": 446.775,
        "end": 453.275,
        "speaker": "speaker_2",
        "text": " رأيه ونا ستفيره عزيزه بس فقرتنا التاليه بقى الحق ا أستاذ مصطفى ايمين هننازمكم هي نوع هي اللي ه"
    },
    {
        "start": 446.775,
        "end": 447.025,
        "speaker": "speaker_3",
        "text": "ط"
    },
    {
        "start": 453.025,
        "end": 453.275,
        "speaker": "speaker_3",
        "text": "هت"
    },
    {
        "start": 453.275,
        "end": 454.775,
        "speaker": "speaker_3",
        "text": "أنا حبوب بقى حربخ النهارده"
    },
    {
        "start": 453.275,
        "end": 453.525,
        "speaker": "speaker_2",
        "text": "أنا"
    },
    {
        "start": 454.775,
        "end": 456.775,
        "speaker": "speaker_1",
        "text": "جريتك "
    },
    {
        "start": 456.775,
        "end": 460.525,
        "speaker": "speaker_2",
        "text": "فكره صحيه جدا هنقدم حضراتكم"
    },
    {
        "start": 456.775,
        "end": 457.025,
        "speaker": "speaker_1",
        "text": ""
    },
    {
        "start": 460.275,
        "end": 460.525,
        "speaker": "speaker_3",
        "text": ""
    },
    {
        "start": 460.525,
        "end": 462.525,
        "speaker": "speaker_3",
        "text": "لتلاته يونين تييش عل"
    },
    {
        "start": 460.525,
        "end": 460.775,
        "speaker": "speaker_2",
        "text": "يس"
    },
    {
        "start": 462.275,
        "end": 462.525,
        "speaker": "speaker_2",
        "text": "ل"
    },
    {
        "start": 462.525,
        "end": 462.775,
        "speaker": "speaker_2",
        "text": ""
    },
    {
        "start": 462.525,
        "end": 462.775,
        "speaker": "speaker_3",
        "text": ""
    },
    {
        "start": 462.775,
        "end": 465.025,
        "speaker": "speaker_3",
        "text": " علت كمان كريم وفروس سل"
    },
    {
        "start": 462.775,
        "end": 463.025,
        "speaker": "speaker_2",
        "text": ""
    },
    {
        "start": 465.025,
        "end": 466.57,
        "speaker": "speaker_2",
        "text": "صلد سواكن"
    },
    {
        "start": 465.025,
        "end": 465.275,
        "speaker": "speaker_3",
        "text": ""
    },
    {
        "start": 467.02,
        "end": 468.5,
        "speaker": "speaker_2",
        "text": "فقره صحيه فيصف"
    }
]