[
    {
        "start": 0.0,
        "end": 0.88,
        "speaker": "speaker_2",
        "text": "وحالة ضعفها"
    },
    {
        "start": 1.0,
        "end": 3.32,
        "speaker": "speaker_1",
        "text": "حالت دول معندهاش غير مقلبني"
    },
    {
        "start": 3.36,
        "end": 6.72,
        "speaker": "speaker_3",
        "text": "إم هي دي حالة الحب اللي كانت  برحه"
    },
    {
        "start": 7.16,
        "end": 7.4,
        "speaker": "speaker_1",
        "text": "اللي"
    },
    {
        "start": 7.44,
        "end": 8.08,
        "speaker": "speaker_3",
        "text": "كانت بتراحها"
    },
    {
        "start": 8.12,
        "end": 9.12,
        "speaker": "speaker_0",
        "text": "تاني مش أنا"
    },
    {
        "start": 11.24,
        "end": 11.96,
        "speaker": "speaker_2",
        "text": "بس بعد"
    }
]