[
    {
        "start": 0.0,
        "end": 16.68,
        "speaker": "speaker_2",
        "text": "كل كل متفرج بيتفرج على المسلسل لأ نفسه في شخصيه يعني إنتي هتلاقي نفسك شوفتي نفس تحد أنا شوفتنفشي في حد محمود الأستاذ سيد حلو ا أستاذ سيد   كل واحد"
    },
    {
        "start": 16.72,
        "end": 18.72,
        "speaker": "speaker_1",
        "text": "في التنوع ده شاشه ات كشيرو"
    },
    {
        "start": 18.8,
        "end": 19.04,
        "speaker": "speaker_0",
        "text": "كدا"
    },
    {
        "start": 19.2,
        "end": 25.32,
        "speaker": "speaker_2",
        "text": "ده اللي خلى الناس لتف حوالين المسلسل شفت لف طبقاتهم شوفوا فيسوق شوفن سهم جدا باختلاف"
    },
    {
        "start": 25.4,
        "end": 26.8,
        "speaker": "speaker_0",
        "text": "أعمارهم وده الجنود اللي باره"
    },
    {
        "start": 26.96,
        "end": 28.12,
        "speaker": "speaker_2",
        "text": "كان ده مهم أوي"
    },
    {
        "start": 28.72,
        "end": 53.16,
        "speaker": "speaker_0",
        "text": "إن إحنا توقعنا مثلا إن هتبقى نسبة المشاهده أعلى مع الجيل الأكبر شويه اللي عايش حالة الأسره المصريه دي دفقها ببيتها ببيت العيله بالتفاصيل بتاعت العيله ي الناس كانت بتفر أه إنما كان الحقيقه كمان إن الشباب اللي مثلا من سن ولا أو من سنه هجازي أو من سنه كروين كانوا بيتفرجوا بشده جدا جدا"
    },
    {
        "start": 53.28,
        "end": 55.36,
        "speaker": "speaker_1",
        "text": "لأ أنا هنفس مشاكل هما عايشنها إزاي"
    },
    {
        "start": 56.48,
        "end": 59.8,
        "speaker": "speaker_0",
        "text": "ي مشاكل أ أه بيتهم برضو محسوش بغربه وما بتفرج إن"
    },
    {
        "start": 59.92,
        "end": 71.44,
        "speaker": "speaker_1",
        "text": "ناسبة البيت واحد أروع المشاهد وقدالي إن ده عمل أكتر نسبة مشاهده في تاريخ السوشيال ميديا كلها المشهد اللي بينك ما بين عشقة عبد الحماد"
    },
    {
        "start": 73.36,
        "end": 75.28,
        "speaker": "speaker_0",
        "text": "أ أنا يعني في"
    },
    {
        "start": 75.28,
        "end": 81.44,
        "speaker": "speaker_1",
        "text": "البيت  ي ونتي عظيمه إحنا جاز معان المشهد يا جماعه طب ممكن نفتكره افتكره المشهد دي على"
    },
    {
        "start": 81.44,
        "end": 82.4,
        "speaker": "speaker_0",
        "text": "فكره ماأنا صاحبتي"
    },
    {
        "start": 82.44,
        "end": 83.16,
        "speaker": "speaker_1",
        "text": "جدا كمان"
    },
    {
        "start": 85.44,
        "end": 86.92,
        "speaker": "speaker_2",
        "text": "تليبالحياه"
    }
]