[
    {
        "start": 0.0,
        "end": 18.52,
        "speaker": "speaker_0",
        "text": "كان اك مدرسته من تمان يعني حست إنه ربنا يمكن أنصطهم من خلالنا بإنه يبقى في حاجه فعلا توري إنه ي إبري ونستشلم برقووي فمش المفروض إن حد يبقى بيقلق من حد أو بيعمل من حد أو حاجه علشان هو بس مختلف عنه يعني"
    },
    {
        "start": 18.88,
        "end": 21.76,
        "speaker": "speaker_1",
        "text": "أنا بشكرك على هذا الاختيار وأحب أقولك يمكن"
    }
]