[
    {
        "start": 0.0,
        "end": 4.96,
        "speaker": "speaker_1",
        "text": "اصيل هي اللي بتبني الدراما يعني هي اللي طلعت الورق ده شوية تفاصيل زياده بس إم"
    },
    {
        "start": 6.44,
        "end": 16.12,
        "speaker": "speaker_0",
        "text": "إنت اشتغلت على كل الأبطال يعني إنت مهتمتش مثلا بأسرة عايده بس أو بشخصية نجم أو إتنين أو شخصيه إنتربطت الناس بأكتر من شخصيه"
    },
    {
        "start": 16.44,
        "end": 17.84,
        "speaker": "speaker_1",
        "text": "ده البنه يعني أنا وأنا"
    }
]