[
    {
        "start": 0.0,
        "end": 11.61,
        "speaker": "speaker_1",
        "text": "كل ما يتعلق بإسماعيل ياسين وبهجنا يمتعنا يستعيد ذكريات جميله وكمان يخلينا نتطلع لالأمام ليه"
    },
    {
        "start": 11.82,
        "end": 17.69,
        "speaker": "speaker_1",
        "text": "لأن إحنا بنتعلم من هذه الرموز الفنيه ما بتموتش أبدا بنعيش"
    },
    {
        "start": 18.06,
        "end": 20.81,
        "speaker": "speaker_1",
        "text": "على التراث الفني الجميل يعني"
    },
    {
        "start": 21.26,
        "end": 22.490000000000002,
        "speaker": "speaker_1",
        "text": "ك"
    },
    {
        "start": 22.86,
        "end": 24.169999999999998,
        "speaker": "speaker_1",
        "text": "ا"
    },
    {
        "start": 24.46,
        "end": 24.73,
        "speaker": "speaker_0",
        "text": ""
    },
    {
        "start": 25.18,
        "end": 28.17,
        "speaker": "speaker_1",
        "text": "بتحاولي تشوفي تستفيدي من يعني هنا"
    },
    {
        "start": 28.54,
        "end": 29.93,
        "speaker": "speaker_1",
        "text": "إنتي"
    },
    {
        "start": 30.22,
        "end": 31.93,
        "speaker": "speaker_1",
        "text": "جدك على الشاشه"
    },
    {
        "start": 32.38,
        "end": 33.93,
        "speaker": "speaker_1",
        "text": "إيه"
    },
    {
        "start": 34.38,
        "end": 44.410000000000004,
        "speaker": "speaker_1",
        "text": "يعني بيبهجنا ويمتعنا يعني بتحاولي تشوفي تقولي لما القط حاجه من إسماعيل ياسين لما"
    },
    {
        "start": 44.78,
        "end": 47.93,
        "speaker": "speaker_1",
        "text": "أستفيد حاجه من هذا التاريخ الناصع"
    },
    {
        "start": 48.54,
        "end": 49.61,
        "speaker": "speaker_0",
        "text": "أ"
    },
    {
        "start": 49.98,
        "end": 54.089999999999996,
        "speaker": "speaker_0",
        "text": "طبعا إحنا واحنا صغيرين باباه كان على طول بيفرجنا على أفسامه"
    },
    {
        "start": 54.38,
        "end": 59.61,
        "speaker": "speaker_0",
        "text": "إم حتى كان في فرم مبيتعرضش كتير اللي هو اسمها ألياشين في الجيس إم هو جايبه"
    },
    {
        "start": 59.82,
        "end": 63.53,
        "speaker": "speaker_0",
        "text": "وكان حريص جدا إن إحنا نتفرج على أفلامه"
    },
    {
        "start": 63.9,
        "end": 67.77,
        "speaker": "speaker_0",
        "text": "وكان بيكلمنا على هو في الشغل عامل إزاي"
    },
    {
        "start": 68.14,
        "end": 73.77,
        "speaker": "speaker_0",
        "text": "يعني كان بيقولنا إن هو كان منضبط جدا بيحب المواعيد ملتزم"
    },
    {
        "start": 73.98,
        "end": 78.01,
        "speaker": "speaker_0",
        "text": "اإلي هو شخصيه في الحقيقه جد ومثقف"
    },
    {
        "start": 78.3,
        "end": 79.28999999999999,
        "speaker": "speaker_0",
        "text": "الحب الإيه"
    },
    {
        "start": 79.66,
        "end": 84.81,
        "speaker": "speaker_0",
        "text": "الحاجات اللي كنت لما بتفرج على سميدياسين باخدها"
    },
    {
        "start": 85.18,
        "end": 88.41000000000001,
        "speaker": "speaker_0",
        "text": "أو مركز فيها كانت ساعات في إفيهات كده"
    },
    {
        "start": 88.78,
        "end": 89.45,
        "speaker": "speaker_0",
        "text": "افزك"
    },
    {
        "start": 90.06,
        "end": 93.435,
        "speaker": "speaker_1",
        "text": "إفيزكي أه إنتي كده بتنقطي فعل"
    },
    {
        "start": 93.435,
        "end": 95.29,
        "speaker": "speaker_0",
        "text": "أه فكان يقول مثلا حاجات"
    },
    {
        "start": 95.9,
        "end": 96.17,
        "speaker": "speaker_0",
        "text": "سه"
    },
    {
        "start": 96.38,
        "end": 99.505,
        "speaker": "speaker_0",
        "text": "أنا الفيلم أنا مش قادره أفتكر اسمه"
    },
    {
        "start": 99.505,
        "end": 100.505,
        "speaker": "speaker_1",
        "text": "حاجات مش مباشره"
    },
    {
        "start": 99.505,
        "end": 99.755,
        "speaker": "speaker_0",
        "text": "حا"
    },
    {
        "start": 100.505,
        "end": 101.755,
        "speaker": "speaker_0",
        "text": " بيجيفرق مدبل"
    },
    {
        "start": 101.505,
        "end": 101.755,
        "speaker": "speaker_1",
        "text": "لا"
    },
    {
        "start": 101.755,
        "end": 103.755,
        "speaker": "speaker_1",
        "text": "هوهي بتركس قضيه وبتعك"
    },
    {
        "start": 101.755,
        "end": 102.005,
        "speaker": "speaker_0",
        "text": "وعد"
    },
    {
        "start": 103.755,
        "end": 110.57,
        "speaker": "speaker_0",
        "text": " كان في فيلم ملون الاسمهاعيلي اسير أيوه أو ن الفيلم ده في كام إفيهات"
    },
    {
        "start": 103.755,
        "end": 104.005,
        "speaker": "speaker_1",
        "text": "ست"
    },
    {
        "start": 107.255,
        "end": 108.255,
        "speaker": "speaker_1",
        "text": "عاي والنا"
    },
    {
        "start": 110.94,
        "end": 115.69,
        "speaker": "speaker_0",
        "text": "هما بيتكلموا على عصر قديم جدا بس حاجات بوقتهم"
    },
    {
        "start": 115.9,
        "end": 119.025,
        "speaker": "speaker_0",
        "text": "إمالإفيهات بتريليه  في أفلام دلوقتي أيعه"
    },
    {
        "start": 118.775,
        "end": 119.025,
        "speaker": "speaker_1",
        "text": "تي"
    },
    {
        "start": 119.025,
        "end": 121.275,
        "speaker": "speaker_1",
        "text": "إنك ممثل اشقط على الواقعاي أه"
    },
    {
        "start": 119.025,
        "end": 119.275,
        "speaker": "speaker_0",
        "text": "عندت"
    },
    {
        "start": 121.025,
        "end": 121.275,
        "speaker": "speaker_0",
        "text": "أ"
    },
    {
        "start": 121.275,
        "end": 124.73,
        "speaker": "speaker_0",
        "text": "أه الإفيهات اللي هو كان بيقولها كانت إفهات زكيه"
    },
    {
        "start": 124.94,
        "end": 136.81,
        "speaker": "speaker_0",
        "text": "يعني في ناس مثلا تطلع تقول إسمهاعيلياسين بتاع حركت بحركات زي مهرج لأ اللي يركز هيلاقي إنه في كتير إفاد زكيه وكان بيقولها طبعا إن هو كان مثقف"
    },
    {
        "start": 137.18,
        "end": 150.33,
        "speaker": "speaker_0",
        "text": "لو يعني مكتبته في الصور بتاعت بيته لأ كان عنده مكتبه كبيره جدا و كان بيحب الكتابه جدا فده بيباين إن في بعد تاني للشخصيه"
    },
    {
        "start": 150.7,
        "end": 160.73,
        "speaker": "speaker_0",
        "text": "إحنا كنا محظوظين إن إحنا سمعنا عنها من بابا وعرفنا البعد التاني م شخصية مانياسين وعلى أساسه حياته ومشيت الزي"
    },
    {
        "start": 161.02,
        "end": 162.895,
        "speaker": "speaker_0",
        "text": "يعني حياته ش إزاي نتيجة"
    },
    {
        "start": 162.895,
        "end": 170.33,
        "speaker": "speaker_1",
        "text": "للي هو البعض الثقافي ده للبعض يعتقد إنه يعني ممثل كوميديا لكن فعلا إسماعيل ياسين لأ"
    },
    {
        "start": 162.895,
        "end": 163.145,
        "speaker": "speaker_0",
        "text": ""
    },
    {
        "start": 170.7,
        "end": 175.825,
        "speaker": "speaker_1",
        "text": "إنت إنتي جبتي الجانب اللي هو التشهري بالثقافه افي زايك"
    },
    {
        "start": 175.825,
        "end": 184.97,
        "speaker": "speaker_0",
        "text": "المسؤوليه في بني آدم عنده مسؤوليه يعني من ضمن ليه مثلا في الاخر اشتغل تاني منروجس"
    },
    {
        "start": 175.825,
        "end": 176.075,
        "speaker": "speaker_1",
        "text": ""
    },
    {
        "start": 185.58,
        "end": 191.705,
        "speaker": "speaker_0",
        "text": "لأنه كان عنده أسره و كان عنده في بيوت هان فتحها ه و كان "
    },
    {
        "start": 190.455,
        "end": 191.205,
        "speaker": "speaker_1",
        "text": "زب ما فرجع"
    },
    {
        "start": 191.705,
        "end": 193.205,
        "speaker": "speaker_1",
        "text": "أشرات في الكابيريهات أه"
    },
    {
        "start": 192.955,
        "end": 193.205,
        "speaker": "speaker_0",
        "text": "طري"
    },
    {
        "start": 193.205,
        "end": 197.455,
        "speaker": "speaker_0",
        "text": "وا أنا لقصت أه رجع تاني لأنه كان في عنده مسؤوليه أه"
    },
    {
        "start": 193.205,
        "end": 193.455,
        "speaker": "speaker_1",
        "text": ""
    },
    {
        "start": 197.205,
        "end": 197.455,
        "speaker": "speaker_1",
        "text": "أ"
    },
    {
        "start": 197.455,
        "end": 201.705,
        "speaker": "speaker_1",
        "text": "أه إنه ميقعدش في إن العامل المادي هنا يقول لما اشتغل يعني"
    },
    {
        "start": 197.455,
        "end": 197.705,
        "speaker": "speaker_0",
        "text": ""
    },
    {
        "start": 201.455,
        "end": 201.705,
        "speaker": "speaker_0",
        "text": ""
    },
    {
        "start": 201.705,
        "end": 203.53,
        "speaker": "speaker_0",
        "text": "هو هو دي صنعته"
    },
    {
        "start": 201.705,
        "end": 201.955,
        "speaker": "speaker_1",
        "text": ""
    },
    {
        "start": 203.74,
        "end": 205.365,
        "speaker": "speaker_0",
        "text": "دي اللي يعرفه د اللي اتعلم"
    },
    {
        "start": 205.365,
        "end": 214.41,
        "speaker": "speaker_1",
        "text": "ماكنش مهينا يعني المياسين ماقالش لحضيق إنه كان كان قاصيا على إسماعيل يسين إنه اشتغل في الكابيريهات من جيس تاني بعد"
    },
    {
        "start": 205.365,
        "end": 205.615,
        "speaker": "speaker_0",
        "text": "ما"
    },
    {
        "start": 214.78,
        "end": 216.905,
        "speaker": "speaker_1",
        "text": "مصانع هذه الكوكبه"
    },
    {
        "start": 216.905,
        "end": 218.81,
        "speaker": "speaker_2",
        "text": "كان قاسي عليه نفسيا"
    },
    {
        "start": 219.26,
        "end": 220.57,
        "speaker": "speaker_2",
        "text": "على إسماعين ياسين نفسي"
    },
    {
        "start": 220.94,
        "end": 222.565,
        "speaker": "speaker_1",
        "text": "في نهاية حياته وبنشتغل"
    },
    {
        "start": 222.315,
        "end": 222.565,
        "speaker": "speaker_2",
        "text": ""
    },
    {
        "start": 222.565,
        "end": 225.13,
        "speaker": "speaker_2",
        "text": "أه إن هو يرجع تاني يقولمنروك"
    },
    {
        "start": 225.5,
        "end": 228.97,
        "speaker": "speaker_2",
        "text": "لكن كان هو كان لازم يشتغل"
    },
    {
        "start": 229.34,
        "end": 230.89000000000001,
        "speaker": "speaker_2",
        "text": "لازم الحياه تستمر"
    },
    {
        "start": 231.1,
        "end": 232.01,
        "speaker": "speaker_2",
        "text": "عنده ولد"
    },
    {
        "start": 232.3,
        "end": 233.37,
        "speaker": "speaker_2",
        "text": "حاطتله "
    },
    {
        "start": 233.74,
        "end": 236.33,
        "speaker": "speaker_2",
        "text": "وشكل معين إن هو يربيبي"
    },
    {
        "start": 236.7,
        "end": 237.13,
        "speaker": "speaker_2",
        "text": "أيو"
    },
    {
        "start": 237.34,
        "end": 242.25,
        "speaker": "speaker_2",
        "text": "في ناس مسؤوله في حياته منه فكان لازم يشتغل"
    },
    {
        "start": 242.46,
        "end": 244.085,
        "speaker": "speaker_2",
        "text": "م كنش ينفع يقعد في البيت"
    },
    {
        "start": 243.835,
        "end": 244.085,
        "speaker": "speaker_1",
        "text": ""
    },
    {
        "start": 244.085,
        "end": 248.89000000000001,
        "speaker": "speaker_1",
        "text": "الناس لازم يا جماعه اتعلم من الكلام دهو"
    },
    {
        "start": 244.085,
        "end": 244.835,
        "speaker": "speaker_2",
        "text": "إي"
    },
    {
        "start": 249.5,
        "end": 257.21,
        "speaker": "speaker_1",
        "text": "والفنان فعلا لما تقعد تشوف كده الفنان اللي أبهدنا وأمتعنا ده معقوله إنه يعني يضطر للعمل"
    },
    {
        "start": 257.58,
        "end": 263.45,
        "speaker": "speaker_1",
        "text": "في الكبريهات ويعمل منلوك تاني بعد ما عمل هذه الأفلام اللي ارتبطت بإسمه"
    },
    {
        "start": 264.14,
        "end": 266.89,
        "speaker": "speaker_1",
        "text": "لكن هي دي لبنان الصوره دي"
    },
    {
        "start": 267.42,
        "end": 268.49,
        "speaker": "speaker_1",
        "text": "مع أسرته"
    },
    {
        "start": 268.94,
        "end": 272.81,
        "speaker": "speaker_0",
        "text": "بابه على سميله وبع كده مروته وعلى يمين وطنط ميربط"
    },
    {
        "start": 273.1,
        "end": 274.81,
        "speaker": "speaker_0",
        "text": "كنت مارفتجيب إنت خالت بابا"
    },
    {
        "start": 275.02,
        "end": 276.895,
        "speaker": "speaker_0",
        "text": "واتربت معاهم من هي عندها سنتين"
    },
    {
        "start": 276.895,
        "end": 280.645,
        "speaker": "speaker_1",
        "text": "إم حتى مرحلة البنان دي إتهاجم فيها إنه عمل إعلا"
    },
    {
        "start": 276.895,
        "end": 277.145,
        "speaker": "speaker_0",
        "text": "لوا"
    },
    {
        "start": 280.145,
        "end": 280.645,
        "speaker": "speaker_2",
        "text": "عمل عملي"
    },
    {
        "start": 280.645,
        "end": 282.895,
        "speaker": "speaker_2",
        "text": "إعكان كانتوا إعلان بيره ومعرفش إيه"
    },
    {
        "start": 280.645,
        "end": 280.895,
        "speaker": "speaker_1",
        "text": "عال"
    },
    {
        "start": 282.895,
        "end": 283.895,
        "speaker": "speaker_1",
        "text": "علودات البيره"
    },
    {
        "start": 283.645,
        "end": 283.895,
        "speaker": "speaker_2",
        "text": "إ"
    },
    {
        "start": 283.895,
        "end": 288.96999999999997,
        "speaker": "speaker_2",
        "text": "أه وكلام من كل الفنانين بيعملوا إعلانت هوره عمل مسلسلات كمان ينا"
    },
    {
        "start": 289.18,
        "end": 289.805,
        "speaker": "speaker_1",
        "text": "ت"
    },
    {
        "start": 289.555,
        "end": 289.805,
        "speaker": "speaker_2",
        "text": ""
    },
    {
        "start": 289.805,
        "end": 291.305,
        "speaker": "speaker_2",
        "text": "بس علاقده"
    },
    {
        "start": 289.805,
        "end": 290.055,
        "speaker": "speaker_1",
        "text": ""
    },
    {
        "start": 290.805,
        "end": 291.305,
        "speaker": "speaker_1",
        "text": "عالقي د"
    },
    {
        "start": 291.305,
        "end": 293.305,
        "speaker": "speaker_1",
        "text": "قلت لبنان كان مضطر"
    },
    {
        "start": 291.305,
        "end": 291.555,
        "speaker": "speaker_2",
        "text": "علي"
    },
    {
        "start": 293.055,
        "end": 293.305,
        "speaker": "speaker_2",
        "text": ""
    },
    {
        "start": 293.305,
        "end": 296.41,
        "speaker": "speaker_2",
        "text": "كل الممثلين بعد سبعه وستين"
    },
    {
        "start": 296.7,
        "end": 299.575,
        "speaker": "speaker_2",
        "text": "المصريين صفروا كلهم لبنان"
    },
    {
        "start": 299.325,
        "end": 299.575,
        "speaker": "speaker_1",
        "text": ""
    },
    {
        "start": 299.575,
        "end": 299.825,
        "speaker": "speaker_1",
        "text": "أ"
    },
    {
        "start": 299.575,
        "end": 299.825,
        "speaker": "speaker_2",
        "text": "أ"
    },
    {
        "start": 299.825,
        "end": 301.84999999999997,
        "speaker": "speaker_2",
        "text": "سمعنا يإسماعين ياسين يعني"
    },
    {
        "start": 302.46,
        "end": 304.09,
        "speaker": "speaker_2",
        "text": "كلهم سفوا جناه"
    },
    {
        "start": 305.18,
        "end": 306.055,
        "speaker": "speaker_1",
        "text": "أه"
    },
    {
        "start": 305.805,
        "end": 306.055,
        "speaker": "speaker_2",
        "text": ""
    },
    {
        "start": 306.055,
        "end": 311.29,
        "speaker": "speaker_2",
        "text": "أنا بتكلم بقى بالنسبه للظروف الفنان أو الفنانين بتوع الزمن الجميل"
    },
    {
        "start": 311.82,
        "end": 315.77,
        "speaker": "speaker_2",
        "text": "أنا بطالب الدوله إنها لازم موضوع الحق الأداء العالني"
    },
    {
        "start": 316.46,
        "end": 318.585,
        "speaker": "speaker_1",
        "text": "أه هنا بيقلد عبد الوهاب"
    },
    {
        "start": 318.585,
        "end": 320.335,
        "speaker": "speaker_0",
        "text": "فاعد ميلاد ابنه"
    },
    {
        "start": 318.585,
        "end": 318.835,
        "speaker": "speaker_1",
        "text": ""
    },
    {
        "start": 320.335,
        "end": 321.085,
        "speaker": "speaker_1",
        "text": "أه"
    },
    {
        "start": 321.085,
        "end": 333.37,
        "speaker": "speaker_0",
        "text": "هو كان بيعمل دايما إ هو إبنه الوحيد ودايما بيحب كان بيحتفل بعيد ميلاد بابا في بيته ويعمل احتفال كبير إم و هو كان بيحب عبد الوهاب جدا وكان في بداية حياته فاكر إنه هيطلع ينافس عبد الوهب"
    },
    {
        "start": 321.085,
        "end": 321.335,
        "speaker": "speaker_1",
        "text": "هو"
    },
    {
        "start": 333.9,
        "end": 334.275,
        "speaker": "speaker_0",
        "text": "فهمن"
    },
    {
        "start": 333.9,
        "end": 334.275,
        "speaker": "speaker_1",
        "text": "فهمن"
    },
    {
        "start": 334.275,
        "end": 335.525,
        "speaker": "speaker_1",
        "text": "هينفس دلوقتي"
    },
    {
        "start": 334.275,
        "end": 334.525,
        "speaker": "speaker_0",
        "text": ""
    },
    {
        "start": 335.525,
        "end": 340.72999999999996,
        "speaker": "speaker_0",
        "text": "هكان المواقف إن هو بيقلد عبد الوهاب فاعد ميلاد إبنه يعني بعد ما بقى نجم"
    },
    {
        "start": 341.26,
        "end": 342.17,
        "speaker": "speaker_1",
        "text": "أه"
    },
    {
        "start": 342.38,
        "end": 344.255,
        "speaker": "speaker_1",
        "text": "وهو فعلا كان بيغني يعني"
    },
    {
        "start": 344.255,
        "end": 346.255,
        "speaker": "speaker_0",
        "text": "علأ هو كانت هو طالع ي أوهو"
    },
    {
        "start": 346.255,
        "end": 348.17,
        "speaker": "speaker_2",
        "text": "هيغلها يوه"
    },
    {
        "start": 346.255,
        "end": 346.505,
        "speaker": "speaker_0",
        "text": "به"
    },
    {
        "start": 348.54,
        "end": 349.165,
        "speaker": "speaker_0",
        "text": "رب"
    },
    {
        "start": 348.915,
        "end": 349.165,
        "speaker": "speaker_2",
        "text": "مين"
    },
    {
        "start": 349.165,
        "end": 350.915,
        "speaker": "speaker_2",
        "text": "لنا تحت الطراف يا فرج عبد الو"
    },
    {
        "start": 350.165,
        "end": 350.915,
        "speaker": "speaker_0",
        "text": "فرج ال"
    },
    {
        "start": 350.915,
        "end": 351.77000000000004,
        "speaker": "speaker_0",
        "text": "وإيه في فرع"
    },
    {
        "start": 350.915,
        "end": 351.165,
        "speaker": "speaker_2",
        "text": "وهي"
    },
    {
        "start": 352.22,
        "end": 365.37,
        "speaker": "speaker_1",
        "text": "فهو عفرق أعتقر إن ممكن أن يصبح قبد ف قبل قدايق العام ده نمهم جدا هل كنت زايله هو هو محمد رمضان اعتذر بعد كده لما قال أفلام إسماعيل ي سين"
    },
    {
        "start": 365.58,
        "end": 369.455,
        "speaker": "speaker_1",
        "text": "مساءة للجندي المصري بس هو واضح اعتذر"
    },
    {
        "start": 369.205,
        "end": 369.455,
        "speaker": "speaker_2",
        "text": ""
    },
    {
        "start": 369.455,
        "end": 373.28999999999996,
        "speaker": "speaker_2",
        "text": "أنا بسبب يعني الموضوع ده أنا بطالب"
    },
    {
        "start": 373.98,
        "end": 375.77000000000004,
        "speaker": "speaker_2",
        "text": "سيادة الرئيس السيسي"
    },
    {
        "start": 375.98,
        "end": 377.85,
        "speaker": "speaker_2",
        "text": "المكره إسماعيل ياسين"
    },
    {
        "start": 378.06,
        "end": 382.0,
        "speaker": "speaker_2",
        "text": "وخاصة فيعيد الفن ليه لأن إسماعيل ياسين"
    }
]