[
    {
        "start": 0.0,
        "end": 24.16,
        "speaker": "speaker_1",
        "text": "صانع واحد منصانعه يقبلعوس الأستاذ يسري الفخراني أنا عارفه إن إنتو عندكو تصوير وعندكو شهر رمضان ومعانا ب بدري وكان مهم جدا إنإنت تكونوا موجودين كأبطال العمل تفرحه إم نجاح ده وناس فرحانه جدا مش بس الناسل بيشوفوا ي الفزيون لا كمان الناس اللي بتابعنا على السوشيال ميديا أنا عايزاكو تخدمه يعني كلمتين قبل ما تمشو طبعا إحنا سهرانين مع بعض بتدي اليوم"
    },
    {
        "start": 24.28,
        "end": 31.68,
        "speaker": "speaker_3",
        "text": "أساس  شكر صدرافه وبقول أشامبروك وخنصلسنه الجايه بن معاك بي صغير وزينه نبي"
    },
    {
        "start": 31.68,
        "end": 32.92,
        "speaker": "speaker_0",
        "text": "وبري"
    },
    {
        "start": 34.04,
        "end": 37.8,
        "speaker": "speaker_3",
        "text": "في مبروك وفرحانلك خالص"
    },
    {
        "start": 37.88,
        "end": 39.04,
        "speaker": "speaker_1",
        "text": "اساه سوسن"
    },
    {
        "start": 39.2,
        "end": 88.76,
        "speaker": "speaker_0",
        "text": "مبروك عفاف وإن شاء الله تبقى حياه صعيده واللي معرفناش تجيبه النهارده مش هيجرا حاجه نجيبوا بكره وبجد أنا محظوظه إن كنت اشتركت في عمل ناجح زي ده وعمل مهم مش بس ناجح مهم على المستوى الدرامي على المستوى الفني على المستوى المجتمعي كمان وعندي أمل بإذن الله وثقه إن هتتغير حاجات كتير في الفتره اللي جايه مش عايز أقول إن عمل فني هيغير حاجات في المجتمع بس هيخلينا على الأقل نوعيد تفكير في حاجات كتير كنا واخدينها سوابت كده في حياتنا وإن شاء الله يا ب دايما نتقابل في نجاحات تانيه كتير ومسي جدا يني مسي كمان و إاحنا بكره مع إن إحنا عازينا"
    },
    {
        "start": 90.48,
        "end": 90.88,
        "speaker": "speaker_1",
        "text": "د كانت"
    },
    {
        "start": 91.0,
        "end": 91.44,
        "speaker": "speaker_2",
        "text": "جمهورن"
    },
    {
        "start": 91.48,
        "end": 93.32,
        "speaker": "speaker_0",
        "text": "ربنا إحنا  بحره"
    },
    {
        "start": 94.84,
        "end": 119.44,
        "speaker": "speaker_2",
        "text": "طبعا مبروك عفاف وبس أنا عايز أقول أنا عايز أشكر الدي مشي بالتحديد ديمشي دراما لأن مش بس المسلسل ده اليما أنا حسيته  كل المشاهده و في طياره في الدين مشي إنه يعمل علاقه مع المجتمع يعمل علاقه مع الناس من خلال اختياراته في المسلسلات إعادة مسلسلات قديمه وفي المسلسلات"
    }
]