[
    {
        "start": 0.0,
        "end": 4.68,
        "speaker": "speaker_2",
        "text": "زي الراجل إم و إذا كان من حق الرجل حاجه من حق المرأه نف"
    },
    {
        "start": 4.8,
        "end": 5.4,
        "speaker": "speaker_0",
        "text": "ت خينا"
    },
    {
        "start": 5.6,
        "end": 8.16,
        "speaker": "speaker_2",
        "text": "و اتناقشنا في الموضوع دهوت كتير وحسن مناقشات"
    },
    {
        "start": 10.08,
        "end": 14.52,
        "speaker": "speaker_0",
        "text": "صالح قالها أنا عامل كده إنتي من"
    },
    {
        "start": 15.52,
        "end": 30.76,
        "speaker": "speaker_2",
        "text": "هنا بس كفايه كفايه إنها تتطرح قضيه بالظبط القضيه ديت مش مطروحه من فتره طويله والراجل واخد حقه قالت وتلت وأه أصل دراجل و حته في التربيه لما بنربي عنه وبنت ده ولد يعمي اللي هو عايز إنتي"
    },
    {
        "start": 30.8,
        "end": 31.08,
        "speaker": "speaker_1",
        "text": "لأ"
    },
    {
        "start": 31.36,
        "end": 40.48,
        "speaker": "speaker_2",
        "text": "أنا شايف إن في مسوابن الرجل والمرأه في شته المواضيوع فلما المسلسل يطرح الفكره ديت للنقاش ده مهم"
    },
    {
        "start": 40.48,
        "end": 43.52,
        "speaker": "speaker_1",
        "text": "إم لأأن حقول حاجه تانيه بعد إذن مسلسلا إضافه لا"
    },
    {
        "start": 43.56,
        "end": 46.96,
        "speaker": "speaker_2",
        "text": "اتصدل يا أستاذ أحمد صالمسلسل"
    },
    {
        "start": 47.08,
        "end": 47.32,
        "speaker": "speaker_0",
        "text": "طرح"
    },
    {
        "start": 47.4,
        "end": 63.56,
        "speaker": "speaker_1",
        "text": "فكره أنا معتقدش إنها اقطرحت بالشكل ده قبل كده فكرة إيه مسئولية الست في الحفاظ على الأسره أه الزيت و بالتالي على المجتمع الست هي اللي دائما بتلمه يعني طار هنا الوفاه بتليده"
    },
    {
        "start": 66.08,
        "end": 109.92,
        "speaker": "speaker_1",
        "text": "ربنا هون إحنا مجتمعنا كده مجتمع الشرقي السيده هي المسؤوله عن حاجات كتير جدا في البيت الرجل مسئوليته الجزء الاقتصادي أو الجزء المادي بشكل أساسي إنما مسئولية التربيه والسلوك والحفاظ على البيت كلنا بينا استثناء كلعنا لقينا أهالينا كده لما حصل ده في مجتمعنا ي فتره من الفترات والست تخلت عن الدور ده وابتدت تلعب الدور الاقتصادي وسابت جوزء من دورها المهم جدا ده للرجل المجتمع ابتدت يتفك شويه هنا هاني كمان على ما أعتقد كان بيقصل لحتة دور السيده أو دور المرأه في بون المجتمع الصغير وبالتالي تلحم المجتمع الكبير هي"
    },
    {
        "start": 109.96000000000001,
        "end": 112.47999999999999,
        "speaker": "speaker_0",
        "text": "الست لما تخلت عن الدور ده ولعبت دور أكتر"
    },
    {
        "start": 112.6,
        "end": 116.8,
        "speaker": "speaker_1",
        "text": "أنا  مش بو مبر اتخلأه نا مش بناقش مبررات اتخلي م قد يكون"
    },
    {
        "start": 117.84,
        "end": 118.44,
        "speaker": "speaker_0",
        "text": "على النتينة"
    },
    {
        "start": 118.44,
        "end": 139.6,
        "speaker": "speaker_1",
        "text": "التخلي أنا بتكلم عن النتيجه هنا هو هنا حط الست الموظفه اللي بتشتغل في في شغلها الصبح في لشر العقاري هي برضو المسؤوله عن البيت عن بناتها عن ولادها الصغيرين البنت اللي بتذاكر البنيت اللي عندها مشكله مع خاطبها الولد الشاقي ي كل الأشياء مشكلة جوزها هي اللمسؤول هي اللي لما"
    }
]