[
    {
        "start": 0.0,
        "end": 1.76,
        "speaker": "speaker_3",
        "text": "س اللي موجودين افرع إحنا بقينا"
    },
    {
        "start": 1.8,
        "end": 4.16,
        "speaker": "speaker_2",
        "text": "عيله فعلاكل"
    },
    {
        "start": 4.16,
        "end": 6.92,
        "speaker": "speaker_1",
        "text": "الناس اللي اشتغلت حتى في"
    },
    {
        "start": 6.96,
        "end": 8.88,
        "speaker": "speaker_0",
        "text": "المزيكا العزيفين كمان"
    }
]