[
    {
        "start": 0.0,
        "end": 8.57,
        "speaker": "speaker_1",
        "text": "بسإه خمسه و عشرين ممسل و في دراما في الموضوع مش أغنيه بس إنت عندك دراما في الحدوته دي الصعوبه اللي لازم تقعد اذاكيها كويس"
    },
    {
        "start": 9.1,
        "end": 13.53,
        "speaker": "speaker_1",
        "text": "إن الأستاذ خالد عز يعمل المزيكا إم بدي"
    },
    {
        "start": 13.74,
        "end": 18.09,
        "speaker": "speaker_1",
        "text": "أوتقعدي اتذاكي المزيكا كمان عشان تشوفي إيه اللي هتعمليه خيلك هيروح فين"
    },
    {
        "start": 18.3,
        "end": 19.77,
        "speaker": "speaker_1",
        "text": "إنك تشتغلي مع الممثلين"
    },
    {
        "start": 20.14,
        "end": 22.73,
        "speaker": "speaker_1",
        "text": "إلتزام بقى الممثلين في حاجه تانيه خالص"
    },
    {
        "start": 23.02,
        "end": 29.53,
        "speaker": "speaker_1",
        "text": "إنك تلاقي كل الممثلين ايين في معادهم جاهزين بالميكب بالميكياش بالبوفير وكلهم"
    },
    {
        "start": 29.98,
        "end": 36.355000000000004,
        "speaker": "speaker_1",
        "text": "عايزين نا مستانيين وقتهم يعني مش محدش ولابيهم وشك ولان"
    },
    {
        "start": 36.105,
        "end": 36.355,
        "speaker": "speaker_0",
        "text": "نا"
    },
    {
        "start": 36.355,
        "end": 37.105,
        "speaker": "speaker_0",
        "text": "ت من بن"
    },
    {
        "start": 37.105,
        "end": 39.855,
        "speaker": "speaker_2",
        "text": "مه كت مدام يا عم لاما حسن"
    },
    {
        "start": 37.105,
        "end": 37.355,
        "speaker": "speaker_0",
        "text": "ليه ب"
    },
    {
        "start": 39.605,
        "end": 39.855,
        "speaker": "speaker_0",
        "text": "يزاج"
    },
    {
        "start": 39.855,
        "end": 40.355,
        "speaker": "speaker_0",
        "text": "أه"
    },
    {
        "start": 39.855,
        "end": 40.105,
        "speaker": "speaker_2",
        "text": ""
    },
    {
        "start": 40.355,
        "end": 40.605,
        "speaker": "speaker_1",
        "text": "لكن"
    },
    {
        "start": 40.605,
        "end": 41.29,
        "speaker": "speaker_0",
        "text": "كس"
    },
    {
        "start": 41.5,
        "end": 42.375,
        "speaker": "speaker_1",
        "text": "لكن ال"
    },
    {
        "start": 42.125,
        "end": 42.375,
        "speaker": "speaker_2",
        "text": ""
    },
    {
        "start": 42.375,
        "end": 46.17,
        "speaker": "speaker_2",
        "text": "شايل إن إنت جاي مد أه   مخرج "
    },
    {
        "start": 47.26,
        "end": 48.635,
        "speaker": "speaker_0",
        "text": "خلاصيه كلام"
    },
    {
        "start": 48.385,
        "end": 48.635,
        "speaker": "speaker_1",
        "text": "جه"
    },
    {
        "start": 48.635,
        "end": 53.635,
        "speaker": "speaker_1",
        "text": "المسلسل في مشاهد صعب إم في مشاهد صعبه يعني المشهد بتاع الأستاذ نرمين وم حصال"
    },
    {
        "start": 48.635,
        "end": 48.885,
        "speaker": "speaker_0",
        "text": "ل"
    },
    {
        "start": 53.635,
        "end": 59.385,
        "speaker": "speaker_2",
        "text": "نسل ي نت بتكلم عليه دلوقتي جايز معانا يا جماعه اللي هو ده ال ج  ز تزع"
    },
    {
        "start": 53.635,
        "end": 53.885,
        "speaker": "speaker_1",
        "text": ""
    },
    {
        "start": 59.135,
        "end": 59.385,
        "speaker": "speaker_1",
        "text": ""
    },
    {
        "start": 59.385,
        "end": 61.135,
        "speaker": "speaker_1",
        "text": "الدرجه اللي هو هشط ده"
    },
    {
        "start": 59.385,
        "end": 59.635,
        "speaker": "speaker_2",
        "text": "الطر"
    },
    {
        "start": 60.885,
        "end": 61.135,
        "speaker": "speaker_2",
        "text": "ير"
    },
    {
        "start": 61.135,
        "end": 62.635,
        "speaker": "speaker_2",
        "text": "ده كان مشهد"
    },
    {
        "start": 61.135,
        "end": 61.385,
        "speaker": "speaker_1",
        "text": "ده"
    },
    {
        "start": 62.385,
        "end": 62.635,
        "speaker": "speaker_1",
        "text": "يا"
    },
    {
        "start": 62.635,
        "end": 64.73,
        "speaker": "speaker_1",
        "text": "يالي أول مره تضرب في في"
    },
    {
        "start": 62.635,
        "end": 62.885,
        "speaker": "speaker_2",
        "text": "حيان"
    },
    {
        "start": 65.1,
        "end": 65.975,
        "speaker": "speaker_1",
        "text": "سلام"
    },
    {
        "start": 65.725,
        "end": 65.975,
        "speaker": "speaker_2",
        "text": ""
    },
    {
        "start": 65.975,
        "end": 67.13,
        "speaker": "speaker_2",
        "text": "  الحج"
    },
    {
        "start": 67.66,
        "end": 69.035,
        "speaker": "speaker_1",
        "text": " ف اموضوعه إن"
    },
    {
        "start": 69.035,
        "end": 71.13,
        "speaker": "speaker_2",
        "text": "أنا كنت خايفه جدا بس الحقيقه"
    },
    {
        "start": 69.035,
        "end": 69.285,
        "speaker": "speaker_1",
        "text": ""
    },
    {
        "start": 71.42,
        "end": 76.49000000000001,
        "speaker": "speaker_2",
        "text": "أستاذ كمال مش مش ش من النوع المخرج اللي هو بيحب"
    },
    {
        "start": 76.86,
        "end": 82.09,
        "speaker": "speaker_2",
        "text": "إن أنا الممثل عامة إن هو يتهان يعني الضرب ده في حد ذاته نوع من الإهانه"
    },
    {
        "start": 82.3,
        "end": 86.17,
        "speaker": "speaker_2",
        "text": "ممكن يبقى في حرافيه من الممثل إنه يؤدي الدور بطريقه"
    },
    {
        "start": 86.54,
        "end": 87.37,
        "speaker": "speaker_2",
        "text": "اإني بجد"
    },
    {
        "start": 88.14,
        "end": 90.57000000000001,
        "speaker": "speaker_2",
        "text": "إ أنا مثلا نفسي"
    },
    {
        "start": 90.94,
        "end": 94.49,
        "speaker": "speaker_2",
        "text": "إضربت والبهدلت والكلام من ده أنا عايز أقولك أنا ماتلامستش"
    },
    {
        "start": 94.78,
        "end": 97.61,
        "speaker": "speaker_2",
        "text": "والله ضر ده كله وقف عي عينه"
    },
    {
        "start": 97.82,
        "end": 105.945,
        "speaker": "speaker_2",
        "text": "وقالي متهت هتعمل كذا كذا كذا كذا كذا و انتي انيرمين كذا و خلي بالك كذا و هتتشدي كذا و في بعض المشاه الدهب قى قداب ده"
    },
    {
        "start": 105.945,
        "end": 106.80999999999999,
        "speaker": "speaker_1",
        "text": " يعني"
    },
    {
        "start": 105.945,
        "end": 106.195,
        "speaker": "speaker_2",
        "text": ""
    },
    {
        "start": 108.14,
        "end": 109.765,
        "speaker": "speaker_2",
        "text": "بسجرات كتير "
    },
    {
        "start": 109.765,
        "end": 112.65,
        "speaker": "speaker_1",
        "text": "هي بتفرق المولبة للمبلئ لكن هو تكنين"
    },
    {
        "start": 109.765,
        "end": 110.015,
        "speaker": "speaker_2",
        "text": ""
    },
    {
        "start": 112.86,
        "end": 116.985,
        "speaker": "speaker_1",
        "text": "إن إزاي أنا أوصلك إن هي إنضربت وإتسحلت شقه"
    },
    {
        "start": 116.735,
        "end": 116.985,
        "speaker": "speaker_2",
        "text": "إن شاء"
    },
    {
        "start": 116.985,
        "end": 117.735,
        "speaker": "speaker_2",
        "text": "كتير محدي"
    },
    {
        "start": 116.985,
        "end": 117.235,
        "speaker": "speaker_1",
        "text": "غير"
    },
    {
        "start": 117.735,
        "end": 125.85,
        "speaker": "speaker_1",
        "text": "من غير ما تبقى اتلبست و في نفس الوقت ممثل شاطر إن هو ينفذ اللي أنا هقوله عليه وبعدين المعزق الكبير اللو أنا هعمله وانشوط"
    },
    {
        "start": 117.735,
        "end": 117.985,
        "speaker": "speaker_2",
        "text": "اي نا"
    },
    {
        "start": 126.46,
        "end": 130.97,
        "speaker": "speaker_1",
        "text": "ده دي المشكله الجير اللي ممكن تساعدني فيها كمثله أو ماسك"
    },
    {
        "start": 131.42,
        "end": 137.92999999999998,
        "speaker": "speaker_1",
        "text": "في مشاهد كتير كان ليها برضو فيها صوبه يعني أنا مثلا يمكن يمكن"
    },
    {
        "start": 135.795,
        "end": 136.295,
        "speaker": "speaker_0",
        "text": "ه"
    },
    {
        "start": 138.3,
        "end": 139.425,
        "speaker": "speaker_1",
        "text": "مشهد الشهيد"
    },
    {
        "start": 139.425,
        "end": 140.425,
        "speaker": "speaker_0",
        "text": "شيد وجناز"
    },
    {
        "start": 139.425,
        "end": 139.675,
        "speaker": "speaker_1",
        "text": "يت"
    },
    {
        "start": 140.175,
        "end": 140.425,
        "speaker": "speaker_1",
        "text": "ن"
    },
    {
        "start": 140.425,
        "end": 145.29000000000002,
        "speaker": "speaker_1",
        "text": "الجنازه أه حجه حاجه ميها  نه يوم صعب بالنسبالي جدا"
    },
    {
        "start": 145.5,
        "end": 148.89,
        "speaker": "speaker_1",
        "text": "بس برضو أنا مساعدني إن الدراما مكتوبه كويس"
    },
    {
        "start": 149.26,
        "end": 157.69,
        "speaker": "speaker_1",
        "text": "المزيكا والأغاني أنا شايفها وسمعتهامن قبلها سمعت من قبلها فلازم تبقوا متخيله كل كدره هتعمليه إزاي"
    },
    {
        "start": 157.98,
        "end": 164.48999999999998,
        "speaker": "speaker_1",
        "text": "عندي حاجات في المسلسل برضو يعني مسذهاني حشنا في معظم كتير"
    },
    {
        "start": 164.94,
        "end": 166.49,
        "speaker": "speaker_1",
        "text": "ساعدني بجد"
    },
    {
        "start": 166.7,
        "end": 167.825,
        "speaker": "speaker_1",
        "text": "إن يبقى معايا"
    },
    {
        "start": 167.825,
        "end": 170.075,
        "speaker": "speaker_2",
        "text": "حلقتنا لخمستاشر"
    },
    {
        "start": 170.075,
        "end": 171.325,
        "speaker": "speaker_0",
        "text": "زيده هد د"
    },
    {
        "start": 171.075,
        "end": 171.325,
        "speaker": "speaker_1",
        "text": ""
    },
    {
        "start": 171.325,
        "end": 172.075,
        "speaker": "speaker_1",
        "text": "ص يا حجي"
    },
    {
        "start": 171.325,
        "end": 171.575,
        "speaker": "speaker_0",
        "text": "س"
    },
    {
        "start": 171.825,
        "end": 172.075,
        "speaker": "speaker_0",
        "text": "لجي"
    },
    {
        "start": 172.075,
        "end": 177.20999999999998,
        "speaker": "speaker_0",
        "text": "بيطلع من تسع حلقات أو خمستاشرزي ده اللي إنتو شايفينه ده بالحوار ده"
    },
    {
        "start": 172.075,
        "end": 172.325,
        "speaker": "speaker_1",
        "text": "جت"
    },
    {
        "start": 177.5,
        "end": 180.49,
        "speaker": "speaker_0",
        "text": "بالتفاصيل دي بالمعالجات اللي تمت للناس"
    },
    {
        "start": 181.42,
        "end": 183.29,
        "speaker": "speaker_0",
        "text": "البيوت اللي محتاجه"
    },
    {
        "start": 184.22,
        "end": 186.81,
        "speaker": "speaker_0",
        "text": "إعادة نظر في علاقتهم ببعض"
    },
    {
        "start": 187.18,
        "end": 187.93,
        "speaker": "speaker_0",
        "text": "تكلة الحب"
    },
    {
        "start": 188.46,
        "end": 188.73000000000002,
        "speaker": "speaker_0",
        "text": ""
    },
    {
        "start": 189.02,
        "end": 190.41,
        "speaker": "speaker_0",
        "text": " يعني ده مش "
    },
    {
        "start": 190.62,
        "end": 192.495,
        "speaker": "speaker_0",
        "text": "ده الميد يعني فكرة إنه يطلع"
    },
    {
        "start": 192.495,
        "end": 196.17000000000002,
        "speaker": "speaker_2",
        "text": "إحنا بالنسبالنا إحنا إحنا كمشاهدين إحنا مش يعني العمل"
    },
    {
        "start": 196.38,
        "end": 197.505,
        "speaker": "speaker_0",
        "text": "يفعت السوس ويده حاج"
    },
    {
        "start": 196.755,
        "end": 197.005,
        "speaker": "speaker_2",
        "text": "بسمو"
    },
    {
        "start": 197.505,
        "end": 199.45,
        "speaker": "speaker_2",
        "text": "أنا بكلم عليك كإنت بقى كواليس ك"
    },
    {
        "start": 199.66,
        "end": 203.29,
        "speaker": "speaker_0",
        "text": "بصراحه بصراحه أكتر واحد عانا معايا في ده"
    },
    {
        "start": 203.58,
        "end": 205.61,
        "speaker": "speaker_0",
        "text": "كمان طبعا لأن أنا المشاهد"
    },
    {
        "start": 206.78,
        "end": 215.155,
        "speaker": "speaker_0",
        "text": "كمان مشاهد صعبه كلها إحنا معندناش مشاهد بساجات يعني مافيش مشهد بيعدي المشهد مشهد"
    },
    {
        "start": 214.905,
        "end": 215.155,
        "speaker": "speaker_2",
        "text": ""
    },
    {
        "start": 215.155,
        "end": 215.655,
        "speaker": "speaker_2",
        "text": "ز بياخد"
    },
    {
        "start": 215.155,
        "end": 215.655,
        "speaker": "speaker_0",
        "text": "ز بياخد"
    },
    {
        "start": 215.655,
        "end": 217.37,
        "speaker": "speaker_0",
        "text": "واخد حقه و في تمثيل"
    },
    {
        "start": 215.655,
        "end": 215.905,
        "speaker": "speaker_2",
        "text": ""
    },
    {
        "start": 217.58,
        "end": 218.955,
        "speaker": "speaker_0",
        "text": "يعني لو في اتنين هو"
    },
    {
        "start": 218.705,
        "end": 218.955,
        "speaker": "speaker_2",
        "text": ""
    },
    {
        "start": 218.955,
        "end": 220.705,
        "speaker": "speaker_2",
        "text": " على فكره في إنجاز و ده مه"
    },
    {
        "start": 220.705,
        "end": 221.955,
        "speaker": "speaker_0",
        "text": "في العرض يتعرض"
    },
    {
        "start": 220.705,
        "end": 220.955,
        "speaker": "speaker_2",
        "text": "لع"
    },
    {
        "start": 221.955,
        "end": 222.705,
        "speaker": "speaker_2",
        "text": "يعني في جاه"
    },
    {
        "start": 222.705,
        "end": 229.85000000000002,
        "speaker": "speaker_0",
        "text": "هلى الفكره إيه كل يوم حلقه بتتعرض خلاص إحنا إننا رمضان يعني إحنا كننا اتنين رمضان كمان إم إحنا بنتكلم في ستين حله"
    },
    {
        "start": 222.705,
        "end": 222.955,
        "speaker": "speaker_2",
        "text": ""
    },
    {
        "start": 230.3,
        "end": 233.675,
        "speaker": "speaker_0",
        "text": "فطبعا الموضوع كان صعب جدا ما بين كتابه وما بين"
    },
    {
        "start": 233.425,
        "end": 233.675,
        "speaker": "speaker_1",
        "text": ""
    },
    {
        "start": 233.675,
        "end": 235.21,
        "speaker": "speaker_1",
        "text": "هو صوابة الحدوته فيه"
    },
    {
        "start": 233.675,
        "end": 233.925,
        "speaker": "speaker_0",
        "text": "هو"
    },
    {
        "start": 235.58,
        "end": 236.65,
        "speaker": "speaker_1",
        "text": "إنك إنتي"
    },
    {
        "start": 237.42,
        "end": 238.57,
        "speaker": "speaker_1",
        "text": "إنت هتبيك الناس"
    },
    {
        "start": 239.02,
        "end": 240.17000000000002,
        "speaker": "speaker_1",
        "text": "وإنت هتفراحي النس"
    },
    {
        "start": 240.54,
        "end": 241.0,
        "speaker": "speaker_1",
        "text": "نبيب"
    }
]