[
    {
        "start": 0.0,
        "end": 12.08,
        "speaker": "speaker_0",
        "text": "ده أنا بشوف إن الناس حبت المسلسل إنه وره إزاي يمكن نعمل نفي ولحب من غير فلوس إم أو بأقل الإمكانيات ونقدر نحب أكتر كمان إم"
    },
    {
        "start": 12.72,
        "end": 23.44,
        "speaker": "speaker_1",
        "text": "خط هنا قصل الحب لي بين نوو وأخوه شريف عبد الحميد هو شريف إيه الخط اللي إنتو كنتو قاويين عله إيه اللي حصل في"
    }
]