[
    {
        "start": 0.0,
        "end": 11.36,
        "speaker": "speaker_1",
        "text": "نا كل الناس قد إيه سندتني وقست جنبي وشجعتني وبجد زعلانه إن المسلسل خبس بجد بجد زعلان إن التصوير خلص"
    },
    {
        "start": 11.4,
        "end": 11.52,
        "speaker": "speaker_2",
        "text": "إم"
    },
    {
        "start": 11.8,
        "end": 13.92,
        "speaker": "speaker_3",
        "text": "نارتبطه بالحالهالكواليس"
    },
    {
        "start": 14.0,
        "end": 35.0,
        "speaker": "speaker_1",
        "text": "كانت حاجه محصلتش والحاله كانت حاجه محصلتش والتوافق اللي حصل بين كل الناس كل حد بجد عمل الدور بتاعه زي ما مكتوب في الكتاب إم على قد ما دوري ك مستفز وناس كتير أوي دشكوره"
    },
    {
        "start": 35.12,
        "end": 35.52,
        "speaker": "speaker_3",
        "text": "وبدا"
    },
    {
        "start": 35.52,
        "end": 36.28,
        "speaker": "speaker_1",
        "text": "يخميو"
    },
    {
        "start": 36.32,
        "end": 37.56,
        "speaker": "speaker_3",
        "text": "ده الأمال الليمستفيده"
    },
    {
        "start": 39.0,
        "end": 41.32,
        "speaker": "speaker_1",
        "text": "هومحادرين عبد الحميد وعاده والعيش"
    },
    {
        "start": 41.48,
        "end": 42.04,
        "speaker": "speaker_3",
        "text": "عايزين حد"
    },
    {
        "start": 43.04,
        "end": 51.24,
        "speaker": "speaker_1",
        "text": "حد يخش بوظ الدنيا بس أنا بجد حبه الدور وحبه السته اللي أنا اتحطيت فيها"
    },
    {
        "start": 51.4,
        "end": 52.0,
        "speaker": "speaker_3",
        "text": "أماني"
    },
    {
        "start": 52.2,
        "end": 53.96,
        "speaker": "speaker_2",
        "text": "أولا أنا مبسوط إن أنا معاكي"
    },
    {
        "start": 54.0,
        "end": 55.8,
        "speaker": "speaker_3",
        "text": "أنا اللي مبسوطه أوبشكر"
    },
    {
        "start": 55.92,
        "end": 68.72,
        "speaker": "speaker_2",
        "text": "أستاذ كمال أوي على الفرصه اللي هو دهاني بشكر أستاذ هاني كمال وبشكركل الممثلين للاعدين معانا وأستاذه رانيا عشان أنا طلعت في الاخر المسلسل ده إن إحنا بقيلنا صحاب أوي"
    },
    {
        "start": 68.8,
        "end": 69.68,
        "speaker": "speaker_3",
        "text": "يعني فريد شوي"
    },
    {
        "start": 70.08,
        "end": 92.56,
        "speaker": "speaker_2",
        "text": "طب  وبيسألوني في الشارع لا يمكن إنتو أول مره تشتغلوا مع بعض إحنا فعلا صحبي جد و أنا هي إحنا اتقابلنا جوه المسلسل و كمان ده هنا هشام أنا برضو هي صاحبتي جوه المسلسل مش قبل وبقينا صحاب أوي إم وبشكر كل كل عمل و أنا يعني مبسوطه جدا ن انا اشتغلت معاه و طبعا بس الحدوده التاني لأنه ساعدني كتير جدا ساعتنا"
    },
    {
        "start": 92.6,
        "end": 93.84,
        "speaker": "speaker_1",
        "text": "كلنا بج"
    },
    {
        "start": 93.92,
        "end": 116.08,
        "speaker": "speaker_2",
        "text": "كان به جدا حتى و هو تعبان و احنا تعبانين لا يمكن كان بياخدني مشهد وحش و لو وحشه بيقولي وحش بيفظ أه و بيرفضوا صحيح اي من هو تعبان ممكن يعديها ف يوم مضغوط جدا وأستاذ هاني كمان أنا كنت بكلمه كل شويه أقوله الكلام الحلو اللي انت بتكتبه يعني إزاي كتب كده يعني إزاي ده مبروك"
    },
    {
        "start": 116.12,
        "end": 137.76,
        "speaker": "speaker_3",
        "text": "عليكو ومبروك فيكو ومبروك كمان للمشاهدين اللي شافوا المسلسل لبراوعه دي وتعالوني بقى اخر حاجه هنختب بيها الحاله الخمسه يعني نبقى بقول لي أنا مبروك نش  قولها مبروك يلا شوف الحاله الخمسه لل كسبت معاهأنا إسمه هايدي جابه وخش كمان ترشهور"
    },
    {
        "start": 138.0,
        "end": 150.92000000000002,
        "speaker": "speaker_0",
        "text": "شغاله من حد يرعز يعني أمس سلم حاجه دخل مفش معايا حاجه مكنتش بيساعدني جوزت بنتين فبنتن الجم أنا مش جهزتهم يعني مجوزتهم وجبتلهم حاجات قريلاو"
    }
]