[
    {
        "start": 0.0,
        "end": 9.84,
        "speaker": "speaker_2",
        "text": "كان عاية مصر خير هو موجود هناك أهو إن شاء الله يوم السبت القادم إن شاء الله بيشتريوه أو هنشوف إزاي هنقدر توصلهلهم بشكل مباشر ل كن الأجيزه كلها موجوده معانا"
    },
    {
        "start": 9.96,
        "end": 13.4,
        "speaker": "speaker_0",
        "text": "إيه سيديوهاتنا في دقيق أمثيل"
    },
    {
        "start": 14.64,
        "end": 18.08,
        "speaker": "speaker_2",
        "text": "بوص  سميه تانيه"
    },
    {
        "start": 18.08,
        "end": 26.56,
        "speaker": "speaker_1",
        "text": "والله بروكا صميه بجد إنت عروسه زي القمر وإحنا لاحظين إنك إنتي تابعي مسلسلنا و ربنا يتمنك بخير"
    },
    {
        "start": 26.68,
        "end": 27.72,
        "speaker": "speaker_0",
        "text": "إنا شاء الله يا رب"
    },
    {
        "start": 30.6,
        "end": 32.68,
        "speaker": "speaker_1",
        "text": "نشايفبإذن"
    },
    {
        "start": 32.72,
        "end": 35.56,
        "speaker": "speaker_2",
        "text": "الله عايزيمينا بس صغير شوفي إن أنا"
    },
    {
        "start": 35.6,
        "end": 56.6,
        "speaker": "speaker_0",
        "text": "عايز أقول حاجه بس مختصره كده بسيطه أوي دايما الأناع نفسي التجارب اللي أنا قدرت أخوتها في حياتي الناحيه الفنيه إن أنا لما بدخل لعمل بيبقى في حب يبقى في توافق سوا من شركة إنتاج بتوصلك كل حاجه أنا مش بتكلم على شركة إنتاج عشان هما أنتجوا هذا العمل فقط لكن هما فعلا يستحقوا ده كانوا"
    }
]