[
    {
        "start": 0.38,
        "end": 5.16,
        "speaker": "speaker_2",
        "text": "وبقت محتله من أهم المحطات فكل العوامل حلوه يتخيلي"
    },
    {
        "start": 5.16,
        "end": 5.44,
        "speaker": "speaker_4",
        "text": "الحاجه"
    },
    {
        "start": 5.44,
        "end": 5.72,
        "speaker": "speaker_2",
        "text": "تنجح"
    },
    {
        "start": 6.2,
        "end": 6.32,
        "speaker": "speaker_4",
        "text": "ن"
    },
    {
        "start": 6.4,
        "end": 25.48,
        "speaker": "speaker_2",
        "text": "كان ممثلين أو الفنانين كلهم مع بعض بجد أنا النهارده و إحنا قاعدين أنا قولت كمه واحده قولت إحنا كلنا أوفر لازم يكون لنا مع بعض صحي منتقسمش إحنا عايزين نطلع كلنا مع بعض عشان بالفعل في ناس أصحاب في ناس بينتقكوا أو مره ببعض ربن يعني بتكلم"
    },
    {
        "start": 25.52,
        "end": 25.8,
        "speaker": "speaker_0",
        "text": "مثلا"
    },
    {
        "start": 26.6,
        "end": 26.76,
        "speaker": "speaker_2",
        "text": "ع"
    },
    {
        "start": 26.8,
        "end": 27.04,
        "speaker": "speaker_1",
        "text": "علي"
    },
    {
        "start": 27.6,
        "end": 30.44,
        "speaker": "speaker_4",
        "text": "بقيتو رامز الروماسيه و القصص الحب"
    },
    {
        "start": 31.12,
        "end": 32.12,
        "speaker": "speaker_2",
        "text": "ره عمل علقات"
    },
    {
        "start": 32.76,
        "end": 33.28,
        "speaker": "speaker_4",
        "text": "في الشارع"
    },
    {
        "start": 33.6,
        "end": 36.92,
        "speaker": "speaker_1",
        "text": "أنا أنا ولا كمان دفعه واحده يمعسمه مسرحيه كمان"
    },
    {
        "start": 37.4,
        "end": 38.12,
        "speaker": "speaker_4",
        "text": "كانت أصحابي"
    },
    {
        "start": 38.12,
        "end": 38.6,
        "speaker": "speaker_2",
        "text": "يع"
    },
    {
        "start": 38.6,
        "end": 55.12,
        "speaker": "speaker_1",
        "text": "أه با عشر سنين نيكان لسه سالا عشر سنين و اشتغلنا مع بعض مسرح ودفعه واحده بقولك يعني في ذكريات كتير ا أول مره معاها قدام كاميرا مثلا ونمثل مع بعض سين ولفصين وحاجات و أنا شايفها طول عم أختي"
    },
    {
        "start": 55.28,
        "end": 57.08,
        "speaker": "speaker_0",
        "text": "يني  سنا مع بعض نمصرواح"
    },
    {
        "start": 57.12,
        "end": 57.76,
        "speaker": "speaker_1",
        "text": "أه من السنه"
    },
    {
        "start": 57.84,
        "end": 59.0,
        "speaker": "speaker_0",
        "text": "مصرح إحنا واقفين معاه"
    },
    {
        "start": 59.08,
        "end": 71.28,
        "speaker": "speaker_1",
        "text": "بس بس قدام كاميرا أول مرات  متمنه و كمان بحبها يعني الفكره فن و هو ده هنبدأ نحس بعض ه دان عشر سنين نه بس الحمد"
    },
    {
        "start": 71.28,
        "end": 76.16,
        "speaker": "speaker_4",
        "text": "لله الناس بيقولكوا إيس التعليقات اللي بتهديهم بشكل مباشر من النسلا بشوف في الشارع"
    },
    {
        "start": 76.16,
        "end": 77.28,
        "speaker": "speaker_1",
        "text": "اتفضلي"
    },
    {
        "start": 77.32,
        "end": 81.16,
        "speaker": "speaker_0",
        "text": "و الله الناس بتبقى مبسوطه يعني في الشارع بيهادوني بين"
    },
    {
        "start": 81.16,
        "end": 81.92,
        "speaker": "speaker_4",
        "text": "بإديكي نصايح"
    },
    {
        "start": 81.96000000000001,
        "end": 104.75999999999999,
        "speaker": "speaker_0",
        "text": "أه بيقعدوا يخبصوليا على رانيا عملت إيه و خلي بالك ومش عارف إيه حمايتك عملت إيه النهارده إوقيت تصدقيها مش عارف إيه التفاصيل دي كلها بشوف رد فعل الناس لو في خناقات أو في أي حاجه بشوفناس معه وناس ضد في مشهد البلالين ده جالي تعليقات من الناس اللي هو البنات إيه الله إحنا متخانقهش إن إيه شان مثلا لأ"
    },
    {
        "start": 105.08,
        "end": 105.32,
        "speaker": "speaker_2",
        "text": "نا"
    },
    {
        "start": 105.36,
        "end": 105.64,
        "speaker": "speaker_4",
        "text": "ب"
    },
    {
        "start": 111.56,
        "end": 113.47999999999999,
        "speaker": "speaker_1",
        "text": "تعال ا"
    },
    {
        "start": 113.47999999999999,
        "end": 113.56,
        "speaker": "speaker_2",
        "text": "و"
    },
    {
        "start": 113.56,
        "end": 113.75999999999999,
        "speaker": "speaker_0",
        "text": "إنتي"
    },
    {
        "start": 113.8,
        "end": 118.52000000000001,
        "speaker": "speaker_3",
        "text": "كلما إنتي قولتي كده مهمه جدا وأنا قاعد بره فلازم اسألك فيها إنتي قولتي إن"
    }
]