[
    {
        "start": 12.68,
        "end": 29.76,
        "speaker": "speaker_1",
        "text": "العروسه رقم أربعه وناس لسعيد بنقولها مبروك إنتي كسبت معانا جهاز العروسه المقدم من المصر خير وإن شاء الله يوم السبت تكون تسلامت هذا يا سماعتي بتقول إنها كانت تتفرج عليكي وتشوفكأهمبروك"
    },
    {
        "start": 29.92,
        "end": 42.6,
        "speaker": "speaker_0",
        "text": "منا وربنا يا رب يكملك على خير وشرف فينا والله إنك إنتي طبعا مسلسلين مبسوطه والله الناس رد عليها حلو جدا عن امسلسل مشاهد الصعب"
    },
    {
        "start": 42.84,
        "end": 44.68,
        "speaker": "speaker_1",
        "text": "لسعايف"
    },
    {
        "start": 45.48,
        "end": 45.64,
        "speaker": "speaker_1",
        "text": "ي"
    },
    {
        "start": 45.84,
        "end": 51.0,
        "speaker": "speaker_0",
        "text": "تر كروجييكان"
    },
    {
        "start": 51.04,
        "end": 51.24,
        "speaker": "speaker_2",
        "text": "أنا"
    },
    {
        "start": 51.28,
        "end": 74.72,
        "speaker": "speaker_1",
        "text": "طبعا عايز أشكركوا جميعا وعايز أقولكوا ألف مبروك وعايز أقولكوا إن إنتو عملتوا حاله حلوه أوي وناس حبتكوا أوي حببكوا أكتر يمكن الشخصيات يعني هيا مرتبطه معاكو بالشخصيات اللي عاشت ليها جوه المسلسل فأنا عايزاكوا برضو يعني تختموا بطريقتكم يعني كل واحد يختم حاجه قريبه من شخصيته أو مم كنك"
    },
    {
        "start": 74.72,
        "end": 75.16,
        "speaker": "speaker_2",
        "text": "جد حاجه"
    },
    {
        "start": 76.28,
        "end": 88.92,
        "speaker": "speaker_1",
        "text": "كان  كد هنعمل شهد رومس مش يحضروا مع بعض  اتفضل"
    },
    {
        "start": 91.08,
        "end": 91.28,
        "speaker": "speaker_2",
        "text": "إحنا"
    },
    {
        "start": 91.56,
        "end": 91.84,
        "speaker": "speaker_0",
        "text": "سقها"
    },
    {
        "start": 91.84,
        "end": 92.56,
        "speaker": "speaker_2",
        "text": "في الخلفيه طول"
    },
    {
        "start": 92.6,
        "end": 96.16,
        "speaker": "speaker_1",
        "text": "الوقت على فكره ن أول ا حلقه  ت معانا الأول على"
    },
    {
        "start": 97.12,
        "end": 106.88,
        "speaker": "speaker_2",
        "text": "الحاله اللي فيلونا بيه من مسلسل ا هو ممكن ده يمكن لم تلاكي بيه من المزيكا لأن برضو المزيكا زي إن هي ي مش مش حاجه بتسمنا بس عشان خاطر غير مدن"
    },
    {
        "start": 107.32,
        "end": 107.64,
        "speaker": "speaker_1",
        "text": "طبعا"
    },
    {
        "start": 107.75999999999999,
        "end": 115.96000000000001,
        "speaker": "speaker_2",
        "text": "هي لغه برضو لغه الناس تتكلمهاي بيحصل بينهم تواصل يعني ليها الحاجه اللي ممكن أكون ترواطي بيهم"
    }
]