[
    {
        "start": 0.0,
        "end": 7.2,
        "speaker": "speaker_0",
        "text": "يتي غير كده ودايما بيتعملي أنا وهجرك في نفس الحاجه كلها الأغاني فإنتي الستويس كلها عباره عن الأغاني بتاعتهم"
    },
    {
        "start": 7.56,
        "end": 8.8,
        "speaker": "speaker_1",
        "text": "الأغنبيه أجنبيه يني"
    },
    {
        "start": 9.32,
        "end": 19.44,
        "speaker": "speaker_0",
        "text": "ن ن ش بس ل على فكره بتفرج على أفلام أفيض قسط بس بس أنا ماكنتش بسمع الأرين أغان كانت المصريين يعني أنا أنا أقدم من كده بكتير"
    },
    {
        "start": 19.72,
        "end": 31.64,
        "speaker": "speaker_2",
        "text": "ده يعتبر إنتاج يعني مش مكلف يعني منقدرش نقول إن هو إنتاج مكلف لكن لكن إنتاج مجازف يفي مجزفه"
    },
    {
        "start": 31.76,
        "end": 42.88,
        "speaker": "speaker_1",
        "text": "في مش فكرة إن جز هي فكرة التحدي إن إحنا نقدر نوجه الناس نقدر نخليهم فعلا يقتنع اللي هو إم إنت واحد مش مش مروض إم هو فكرة"
    }
]