[
    {
        "start": 0.0,
        "end": 3.56,
        "speaker": "speaker_2",
        "text": "نقدر نوصل لسل لناس وده التحدي اللي إحنا بنقابله كل يوم"
    },
    {
        "start": 3.96,
        "end": 8.12,
        "speaker": "speaker_1",
        "text": "كل لينا الإنتاج مع طارق الجنايني وطارق الحقيقه"
    },
    {
        "start": 8.6,
        "end": 12.24,
        "speaker": "speaker_4",
        "text": "منتج ممتاز صوه ودايما عنده عين فاقبه"
    },
    {
        "start": 12.32,
        "end": 13.44,
        "speaker": "speaker_0",
        "text": "في اختيار المواضيع"
    },
    {
        "start": 13.48,
        "end": 15.24,
        "speaker": "speaker_1",
        "text": "وأنا بحييني وعامل حريفه"
    },
    {
        "start": 15.32,
        "end": 18.32,
        "speaker": "speaker_3",
        "text": "وعمل المسلسل حالهخاصه"
    },
    {
        "start": 18.4,
        "end": 19.6,
        "speaker": "speaker_1",
        "text": "يعني هي طارق عنده"
    },
    {
        "start": 19.64,
        "end": 20.72,
        "speaker": "speaker_0",
        "text": "دايما اختيارات مهم"
    }
]