[
    {
        "start": 0.0,
        "end": 13.28,
        "speaker": "speaker_1",
        "text": "هو الورق مسلسل و كنت يمكن من أوائل المرشحين أول مره كنت أقعد قعدت بقى مع اأستاذ كمال أستاذ هيني تعرفت بيهم كنت عامله زيت الميزه يعني كنتي متخوفه عشان"
    },
    {
        "start": 13.28,
        "end": 15.2,
        "speaker": "speaker_2",
        "text": "بقالك فتره طيه  مت"
    },
    {
        "start": 15.2,
        "end": 30.64,
        "speaker": "speaker_1",
        "text": "بس حصل عندي نوع من المداقيه يعني ساعت إنتي بتقعدي أنا واخده إن أنا يبقى عندي سيناريو كامل أول مره أتعامل بطريقه إن أنا ما عنديش الورق كامل بالطريقه دي  يعني  دينه شويه نستعى"
    },
    {
        "start": 30.72,
        "end": 30.88,
        "speaker": "speaker_0",
        "text": "على"
    },
    {
        "start": 30.92,
        "end": 34.2,
        "speaker": "speaker_1",
        "text": "الحلقات يعني إحنا بنشال كانت بتجيلنا على الهوا"
    },
    {
        "start": 34.28,
        "end": 38.6,
        "speaker": "speaker_0",
        "text": "لأ يا جما"
    },
    {
        "start": 38.72,
        "end": 40.64,
        "speaker": "speaker_2",
        "text": "لا"
    },
    {
        "start": 40.68,
        "end": 40.8,
        "speaker": "speaker_0",
        "text": "لا"
    },
    {
        "start": 41.0,
        "end": 41.24,
        "speaker": "speaker_1",
        "text": "إحنا"
    },
    {
        "start": 41.28,
        "end": 43.12,
        "speaker": "speaker_0",
        "text": "يعني الموع إحنا دخلنا ل"
    },
    {
        "start": 43.12,
        "end": 48.08,
        "speaker": "speaker_2",
        "text": "إنت كده بتأثر عليه على بيده   عل ن ن أن حقيق أنا بقولوا على انيه لنه"
    },
    {
        "start": 48.12,
        "end": 54.8,
        "speaker": "speaker_0",
        "text": "كانا دخلنا التصوير نتيجة الوقت بتاع العرب دخلنا التصوير معانا خمستاشر حلقه مساش حلو"
    },
    {
        "start": 54.88,
        "end": 56.44,
        "speaker": "speaker_1",
        "text": "أناأنا ماجاينيش مستاشر"
    },
    {
        "start": 56.48,
        "end": 56.76,
        "speaker": "speaker_0",
        "text": "حلقه"
    },
    {
        "start": 56.84,
        "end": 58.16,
        "speaker": "speaker_1",
        "text": "أنا ماجايليش رتسعه"
    },
    {
        "start": 58.32,
        "end": 59.16,
        "speaker": "speaker_0",
        "text": "خمستاشر حلقه"
    },
    {
        "start": 60.24,
        "end": 61.6,
        "speaker": "speaker_1",
        "text": "جاني تسعه وت"
    },
    {
        "start": 61.76,
        "end": 68.2,
        "speaker": "speaker_0",
        "text": "خلصر حلى لدخلنا بيم أوكيه برضو ألواه أه أنا كان هما كانوا خمستاشر بس هي كاهتساعدي معرفش إزاي"
    },
    {
        "start": 68.44,
        "end": 68.6,
        "speaker": "speaker_1",
        "text": "مش"
    },
    {
        "start": 69.44,
        "end": 76.76,
        "speaker": "speaker_0",
        "text": "من خمستاشر حلقه إمإنتي بتشتغلي خمستار مش بتشتغلي بشكل إن المشاهد بتيجي هوه لأ برضو ع"
    },
    {
        "start": 76.76,
        "end": 77.64,
        "speaker": "speaker_1",
        "text": "مش إنت شتغلن"
    },
    {
        "start": 77.68,
        "end": 85.84,
        "speaker": "speaker_0",
        "text": "إنتي بتسلمي حلقات بس إنتي بتشتغلي والراجل بيصور أنا معاه كل يوم بكتب الحلقه في وقتها بنقعد نقراه عل الواكت"
    },
    {
        "start": 85.88,
        "end": 91.36,
        "speaker": "speaker_2",
        "text": "بعد ما تقي تصوير تغير مثلا إنت كنت عاملها خط معين تلاقي كنا بعد ما بدأ صوروا مغير"
    },
    {
        "start": 92.28,
        "end": 100.24000000000001,
        "speaker": "speaker_0",
        "text": "مبغيرش بس خليني مثلا يديكي مثل إنتي وإنتي بتكتبي وإنتي شايفاهم غير وإنتي بتكتبيه و"
    },
    {
        "start": 100.28,
        "end": 101.2,
        "speaker": "speaker_2",
        "text": "تخيرهم بسم د"
    },
    {
        "start": 101.28,
        "end": 105.68,
        "speaker": "speaker_0",
        "text": "ان وغير كمان وإنتي بتكتبي جوه المكان يعني البيت السباره المشهد بتاع"
    },
    {
        "start": 106.24000000000001,
        "end": 108.52000000000001,
        "speaker": "speaker_1",
        "text": "الشمنه الل لأن أنا أه طبعا ه"
    },
    {
        "start": 108.88,
        "end": 137.72,
        "speaker": "speaker_0",
        "text": "ني بتحب الموضوع ده جدا أه السباره أنا كتبت عليها مشهد يعني الصباره الموجوده في الجنينه دي دي مش عليها إنها تتساب لأن سباره شكلها غريب جدا وخوف وتحت وفوق في ورد لازم تكتبي عليها مشهد أنا لو ما كنتش موجود ماكنش أكتب المشهد ده مثلا في شوية تفاصيل بتطلع من روح المكان وبتطلع من روحهم هما يعني أنا بعد إسبواع من شغلهم أنا خلاص بقيت شايف حجازي مش شايف شايفنا"
    },
    {
        "start": 137.72,
        "end": 141.4,
        "speaker": "speaker_1",
        "text": "لما بيجي ده المسلسل ويشوف ده قدامه أكيد بيبقى"
    },
    {
        "start": 141.72,
        "end": 144.44,
        "speaker": "speaker_2",
        "text": "ده الشخصيه اللي تابع ورقه بقت لحمولما"
    },
    {
        "start": 144.48,
        "end": 157.44,
        "speaker": "speaker_0",
        "text": "تدوري كمان تطوري أكتر لأن إنت شايفاها زي العجينه إنتي شايفاها بقى يعني الكلام اللي بكتب بيتقال قلب نفس الإحساس لجل الأمانه كمان الراجل ده كان معايا أمين ق الوسط طبعا أمين فوق الوصف"
    },
    {
        "start": 157.76,
        "end": 159.6,
        "speaker": "speaker_1",
        "text": "هو كانتين على كل الناس الهنين"
    },
    {
        "start": 159.6,
        "end": 166.84,
        "speaker": "speaker_0",
        "text": "عل الممثلين وقيوني على لورقن دايما بقوله ده أنا المخرج بالنسبالي مخرمين كتير وبتور لكن فكرة إن إنتي تلاقي مخرج أمين قلبوه"
    },
    {
        "start": 166.88,
        "end": 167.04,
        "speaker": "speaker_2",
        "text": "على"
    },
    {
        "start": 167.04,
        "end": 171.6,
        "speaker": "speaker_0",
        "text": "الشغللأ أمين كمان إن إنتي ورقك أنا بحب ورقي فلما أسيب ورقي"
    }
]