[
    {
        "start": 0.0,
        "end": 5.84,
        "speaker": "speaker_1",
        "text": "إنتي تحسي بجد إنتي ماش إنتي في قلب البيت مش حاسه إنك إنتي غريبك إم فده طلع على الشاشه"
    },
    {
        "start": 6.04,
        "end": 25.92,
        "speaker": "speaker_0",
        "text": "بمناسبة إن حضرتك بتقولي إنه في ب في بعض الأحيان كنت بتسمع الأغنيه أو المسيقه أو اللحن وبعدين تبتدي يعني تشوف الدنيا ي فده معناه إنه كتير من الأحيان الألحان أو الغنيه هي اللي بترسم لوح يش العكس هو أنا كان ليابعد"
    }
]