[
    {
        "start": 0.0,
        "end": 2.96,
        "speaker": "speaker_2",
        "text": "هتبقى وحش عايز تبقى بتحب تبقى بني ادم"
    },
    {
        "start": 3.12,
        "end": 6.16,
        "speaker": "speaker_1",
        "text": "تملى الدنيا حب عايز تكره كل حواليكه تكره"
    },
    {
        "start": 6.16,
        "end": 6.32,
        "speaker": "speaker_3",
        "text": "إم"
    },
    {
        "start": 7.76,
        "end": 17.32,
        "speaker": "speaker_1",
        "text": "وهي المزيكا وتاخد إن هي شبها كده وطبعا المزيكا مفيهاش حاجه غريبه هي المزيكا بتاعت بلدني مفيش حاجه مستحرسه حاجه قوريانت منهد الشن"
    },
    {
        "start": 17.32,
        "end": 19.28,
        "speaker": "speaker_0",
        "text": "إم أنا بالنسبالي مبسوط جدا"
    }
]