[
    {
        "start": 0.0,
        "end": 28.24,
        "speaker": "speaker_0",
        "text": "نشهر مثلا عزيفين بيشتغلوا معا أكبر نجوم في مصر الناس تكلم تقولي الناس بتباركلي صوت صوت مختلف لاللي هو صوت وشارفني وفعلا هو بالموضوع كان بز إحنا رزق في إن إحنا مش مطلوبين إن أنا أعمل حاجه غرإن إحنا نكسد حقيقتنا إحنا مصريين ناس عاديه جدا جدا زايعه فخد من الأستاذ سيد قل من شويه و مدامسه مثلا قلت برضو مشويه نفس الفكره برضو إحنا ده الطبيعي إحنا معملناش غير إن هي يعني نقلت"
    },
    {
        "start": 28.24,
        "end": 28.56,
        "speaker": "speaker_1",
        "text": "اصوره"
    },
    {
        "start": 28.84,
        "end": 61.28,
        "speaker": "speaker_0",
        "text": "سور نا م موي اللي إحنا كنا فيه بس إحنا يعني يعني هو مكان م اللي إنت بتعرف تعمله فإحنا عملنا إن إحنا بنعفعمه حتى في المزيكا و كل مره بقول لهاني بس الكلام بقول لأستاذ كان ناس كلان برضو بقوله دارس المزيكا لي حصلت دي في المسلسل رزل مسلسل مصري ميه في الميه القلت شرقي جدا جدا واقلات كلها تعبره عن بلد وفعلا الحاله اللي بقت بين الناس كسوره أو كسوت أو أغاني أو أو أو أي حاجه لأ يعني"
    },
    {
        "start": 61.6,
        "end": 68.03999999999999,
        "speaker": "speaker_1",
        "text": "لثابته مش موضوع تبقى عليهمشأي مش مم الميزه للحاله دي الحالة التليه بالظبط"
    },
    {
        "start": 68.32,
        "end": 72.24,
        "speaker": "speaker_0",
        "text": "منشتغلناش قد ما إحنا يعني حسينا فترجنا اللي إحنا عملناه بس مش"
    },
    {
        "start": 72.28,
        "end": 76.76,
        "speaker": "speaker_1",
        "text": "امراسة الحالات تعالوا شوف الحاله التاته الحاله التالته الكيث بت معانا النهارده"
    }
]