[
    {
        "start": 0.0,
        "end": 3.4,
        "speaker": "speaker_1",
        "text": "بيبقى مبسوط بجد أوي من قلبه إن احنا في الحقيقه بره"
    },
    {
        "start": 3.44,
        "end": 8.32,
        "speaker": "speaker_0",
        "text": "المشاهد إحنا قاعدين مع بعض ومندمجين فلأ الحمد لله كانت عيله مترابطه"
    },
    {
        "start": 8.36,
        "end": 9.28,
        "speaker": "speaker_1",
        "text": "جدا في الحقيقه إن"
    },
    {
        "start": 9.32,
        "end": 11.8,
        "speaker": "speaker_0",
        "text": "شاء الله وكنا كل حاجه طلعه مننا"
    },
    {
        "start": 12.0,
        "end": 13.96,
        "speaker": "speaker_2",
        "text": "حقيقيه ومصدقينها جدا جدا"
    },
    {
        "start": 14.04,
        "end": 15.04,
        "speaker": "speaker_0",
        "text": "لأن إحنا كنا"
    },
    {
        "start": 15.08,
        "end": 15.88,
        "speaker": "speaker_2",
        "text": "عايشين حقيقي"
    }
]