[
    {
        "start": 0.0,
        "end": 2.24,
        "speaker": "speaker_3",
        "text": "دي هاي لايت نقط"
    },
    {
        "start": 2.52,
        "end": 3.36,
        "speaker": "speaker_0",
        "text": "أنا حبيت أوي"
    },
    {
        "start": 3.4,
        "end": 5.36,
        "speaker": "speaker_1",
        "text": "إن أنا أكون جوز منها و ده و ده"
    },
    {
        "start": 5.36,
        "end": 7.64,
        "speaker": "speaker_0",
        "text": "اللي أحب أشكر عليه والله بكمان برضو"
    },
    {
        "start": 8.08,
        "end": 10.28,
        "speaker": "speaker_2",
        "text": "الأصقاء في وتشت"
    },
    {
        "start": 10.44,
        "end": 10.92,
        "speaker": "speaker_0",
        "text": "إن إحنا"
    }
]