[
    {
        "start": 0.0,
        "end": 1.24,
        "speaker": "speaker_0",
        "text": "ن كلهم يعني مبسوط"
    },
    {
        "start": 1.4,
        "end": 3.76,
        "speaker": "speaker_2",
        "text": "دريبيين هترجعي بقى خلاص ولاعيها"
    },
    {
        "start": 3.76,
        "end": 7.16,
        "speaker": "speaker_0",
        "text": "و إن شاء الله طبعا أنا مبسوطه طبعا إن أنا رجعت في المسلسل أنا"
    },
    {
        "start": 7.16,
        "end": 10.8,
        "speaker": "speaker_2",
        "text": "بص أصل أنا لازم أقولك بيتقل إيه في لكترول لازم ترجعي"
    },
    {
        "start": 11.72,
        "end": 12.76,
        "speaker": "speaker_0",
        "text": "عنت"
    },
    {
        "start": 12.76,
        "end": 15.8,
        "speaker": "speaker_2",
        "text": "يعني الحلم الجميل لناس كتير جدا ف"
    },
    {
        "start": 15.8,
        "end": 19.56,
        "speaker": "speaker_0",
        "text": "يعني"
    },
    {
        "start": 20.52,
        "end": 22.72,
        "speaker": "speaker_2",
        "text": "لأ أنا ب ا متقلب كي"
    },
    {
        "start": 22.76,
        "end": 78.56,
        "speaker": "speaker_0",
        "text": "ن الحقيقي فعلا مبسوطه إن انا لما جيت رجت ويعني إشاعة اللي طلعت كتير أنا كنت قاعده في بيتي ملتزمه صمت تماما سعيده وفخوره جدا بإني فعمل بجد عمل احترام عمل بي وخاطب كل العقول منستحترش بيه أبدا أبدا صعيده بكل كرول عمل من الصغاير الكبير من الأطفال كممثلين لحد النجوم الكبار صعيده إن انا كنت محطوطه في عيدي أمينه بجد بجد وبيشتغلوا بمنتهى الحب واللي بيزرع حب بيلاقي حب فأنا بشكر الجميع بجد وعيده وإن شاء الله يا رب إن شاء الله يا رب تكون فتحة خير مش عشان أنا أرجع فتحة خير لأن بعد ما المسلسل نجح النجاح ده كله بسم الله ما شاء الله يبقى فكرة الناس لما يجوا يعملوا بقى مسلسل بعد كده"
    },
    {
        "start": 79.44,
        "end": 79.88,
        "speaker": "speaker_2",
        "text": "على نفس"
    },
    {
        "start": 80.4,
        "end": 94.75999999999999,
        "speaker": "speaker_0",
        "text": "ن يقدموا حاجه للمشاهد تعلي ثقافته منبقاش منرجعش لورا عايزين نطلع لقدام والمسلسل ده طلعنا خطوات كتير أوي أوي أوي و أنا بشكره ونا بجد جميعا وبشكرك طبعا"
    },
    {
        "start": 95.28,
        "end": 101.75999999999999,
        "speaker": "speaker_1",
        "text": "ورجلد الدور ده كان فرصه كبيره أوي بالنسبالي ومش"
    }
]