[
    {
        "start": 0.0,
        "end": 3.48,
        "speaker": "speaker_1",
        "text": "إنتو تأثرتوا بيها وقدرته برضو إن هو طه ياخد منها معهو"
    },
    {
        "start": 3.48,
        "end": 7.96,
        "speaker": "speaker_0",
        "text": "عبد الله اللي كانت الدكتوره جاليه كانت بتكلم عليه هوفعلا ديم بيشتغل"
    },
    {
        "start": 8.0,
        "end": 8.76,
        "speaker": "speaker_1",
        "text": "معانا في وتش"
    },
    {
        "start": 8.8,
        "end": 11.88,
        "speaker": "speaker_0",
        "text": "اصوت أصلا موجود معاك في مهن بعد"
    },
    {
        "start": 13.76,
        "end": 13.96,
        "speaker": "speaker_0",
        "text": "ب"
    },
    {
        "start": 13.96,
        "end": 17.76,
        "speaker": "speaker_2",
        "text": "هو  مسلسل شتغل إه ي وتش في"
    },
    {
        "start": 17.76,
        "end": 22.04,
        "speaker": "speaker_1",
        "text": "الأجل في ال كده نتير أه ده ده أكيد منتير شاكر جدا"
    },
    {
        "start": 22.04,
        "end": 22.96,
        "speaker": "speaker_0",
        "text": "جدا ومش كده"
    },
    {
        "start": 23.04,
        "end": 24.72,
        "speaker": "speaker_1",
        "text": "أنا متخيله إن هو منتي شابر"
    },
    {
        "start": 24.92,
        "end": 49.96,
        "speaker": "speaker_0",
        "text": "كل الناس إتفجأت بي بس طول الوقت طول ما إحنا شايفينه إحنا شايفين دي بكل تفاصيله بالسماعه بلبس بالحركه بتاعته كل حاجه فعلا هو نديم فأول مش أول ما نبصتله يعني قولتله إنت طه سوقي من أول يوم شوفته في فقولت إزاي تهو أصلا ما كنش لسه رايح الجمعيه من الدكتوره جاليا فقولت إزاي طبطها كان جايب الشخصيه دي من أول يوم قبلن"
    }
]