[
    {
        "start": 0.0,
        "end": 1.92,
        "speaker": "speaker_3",
        "text": "ديني إنتي ممكن تسألي عبده"
    },
    {
        "start": 2.04,
        "end": 4.96,
        "speaker": "speaker_1",
        "text": "أنا إيه اللي خليني أبعتله سله سيتي"
    },
    {
        "start": 5.16,
        "end": 8.12,
        "speaker": "speaker_0",
        "text": "أنا وعليا لبني شعايز أعرف"
    },
    {
        "start": 8.32,
        "end": 9.88,
        "speaker": "speaker_2",
        "text": "مهمنيش"
    },
    {
        "start": 10.12,
        "end": 11.48,
        "speaker": "speaker_0",
        "text": "أنا جيت شرف بحضرتك"
    }
]