[
    {
        "start": 0.0,
        "end": 29.625,
        "speaker": "speaker_0",
        "text": "أنا وجد عبد الرازق كارول المراوي طبعا  وراه عملت معاهم و بعد كده اشتغلت أنا والحناوإي ده العمل الخامس  إم يعني ده العمل التانييه عظيمه ده الطبعا في بينا طبعا طبعا خلاص هاطمين بعض إم كمان إحنا لأنه دول و معانا محمد شفيق و قعد الصوت يعني ومدير التصوير أه و مهندس وو سينيرجي بت الإنتاج طبعا تيجي تخش بعد كده شركة التا هنا كعنصو طبعا متعرفش كنت تشتغل برياحيه"
    },
    {
        "start": 28.875,
        "end": 29.625,
        "speaker": "speaker_1",
        "text": "ر يا حي"
    },
    {
        "start": 29.625,
        "end": 30.375,
        "speaker": "speaker_1",
        "text": "ده حقيقي"
    },
    {
        "start": 29.625,
        "end": 29.875,
        "speaker": "speaker_0",
        "text": "يا"
    },
    {
        "start": 30.375,
        "end": 36.81,
        "speaker": "speaker_0",
        "text": "إم لو مع شركه عايزه تقلب إم أو لو شركه شركه موتراك إه إم"
    },
    {
        "start": 30.375,
        "end": 30.625,
        "speaker": "speaker_1",
        "text": ""
    },
    {
        "start": 37.02,
        "end": 42.25,
        "speaker": "speaker_0",
        "text": "بأي شكل بالأشكال حتك مش جايزه شغلك مش جاز دفعادتك"
    },
    {
        "start": 38.145,
        "end": 38.645,
        "speaker": "speaker_1",
        "text": "لحته"
    },
    {
        "start": 42.54,
        "end": 44.915,
        "speaker": "speaker_1",
        "text": "دفعك الجاهزهجاي"
    },
    {
        "start": 44.915,
        "end": 54.01,
        "speaker": "speaker_0",
        "text": "كدهفي عنصر بقى مو اج يعني عندنا في العمل ده لازم يعني كلنا برضو ننتبله منار"
    },
    {
        "start": 44.915,
        "end": 45.165,
        "speaker": "speaker_1",
        "text": "جي"
    },
    {
        "start": 47.165,
        "end": 47.915,
        "speaker": "speaker_1",
        "text": "إنطب جمت ج"
    },
    {
        "start": 54.7,
        "end": 75.075,
        "speaker": "speaker_0",
        "text": "للأسف ده الست القسم إسمها ك بس مشمك الحنسه شغلها ولا بصرتها منارر اللي عملت شغل الكاستينج لأنه  بعد ما بتختار النجوم لصف الأول والتاني وبتاع بيبقى عندك مجموعه من الشباب ومجموعه من الأدوار المهمه عايز تسكنها صح دي شغلاده مهمه يعني مش دايما عندنا"
    },
    {
        "start": 75.075,
        "end": 78.075,
        "speaker": "speaker_1",
        "text": "زي ما بتقولوا بلغة لسمه تبقى إين كان ع"
    },
    {
        "start": 78.075,
        "end": 82.075,
        "speaker": "speaker_0",
        "text": " و هي لهنا ن ت فين إن الشباب إم بوا"
    },
    {
        "start": 78.075,
        "end": 78.325,
        "speaker": "speaker_1",
        "text": ""
    },
    {
        "start": 81.825,
        "end": 82.075,
        "speaker": "speaker_1",
        "text": "ن"
    },
    {
        "start": 82.075,
        "end": 85.29,
        "speaker": "speaker_1",
        "text": "كويس بس لحاجه حاجه في الحاجات برضو لازم نشيد بيها"
    },
    {
        "start": 82.075,
        "end": 82.325,
        "speaker": "speaker_0",
        "text": "أوكي"
    },
    {
        "start": 85.66,
        "end": 86.41,
        "speaker": "speaker_1",
        "text": "إنه "
    },
    {
        "start": 86.7,
        "end": 88.17,
        "speaker": "speaker_0",
        "text": "ياش صبلار والله "
    },
    {
        "start": 88.46,
        "end": 91.21,
        "speaker": "speaker_1",
        "text": "إن هذا المسلسل لما بنتكلم على خمسه وأربعين حلقه"
    },
    {
        "start": 91.5,
        "end": 100.625,
        "speaker": "speaker_1",
        "text": "بس في زخم في الأحداث إه و بالتالي مبنحبش في لحظه إنه رتمه عليه لأن كل يوم نعيش مع الأقطه دي مشكله إم وفي هظا الاطار خلينا نرحب بقى المؤلف إنعلك"
    },
    {
        "start": 93.125,
        "end": 93.375,
        "speaker": "speaker_0",
        "text": ""
    },
    {
        "start": 99.875,
        "end": 100.625,
        "speaker": "speaker_0",
        "text": "ه  لك"
    },
    {
        "start": 100.625,
        "end": 100.875,
        "speaker": "speaker_0",
        "text": ""
    },
    {
        "start": 100.875,
        "end": 103.93,
        "speaker": "speaker_1",
        "text": "ا و عنا على الهاتف يا أستاذ محمد مساء الخير"
    },
    {
        "start": 100.875,
        "end": 101.125,
        "speaker": "speaker_0",
        "text": "ت"
    },
    {
        "start": 107.02,
        "end": 107.85,
        "speaker": "speaker_1",
        "text": "أستاذ محمد"
    },
    {
        "start": 110.14,
        "end": 112.81,
        "speaker": "speaker_1",
        "text": "شكله بيألف مسلسل جديه ه أصطفى محمد ص"
    },
    {
        "start": 113.82,
        "end": 115.195,
        "speaker": "speaker_0",
        "text": "يفتب اخمسه و أربعين قيه"
    },
    {
        "start": 114.945,
        "end": 115.195,
        "speaker": "speaker_1",
        "text": ""
    },
    {
        "start": 115.195,
        "end": 143.69,
        "speaker": "speaker_1",
        "text": "أب نحاول نرجعله مره تانيه لأ الحقيقه فعلا لازمه حقيله إنه أه صعب خمسه وأربعين حلقه يفضلوا كل حاجه دي الحقيقي اللي قريته لحضرتك اللي هي يدورين إم دي حاله أنا سمعتها من كذا حد وأنا شخصيا وقعت فيها أه اللي هو بجت تفرج على واتش خلصت الحلقه لأ دوس نفس عايز أعف إيه اللي حصل أدوس نفسي عايز أعرف إيه ال حصل فبالتالي الواحد بفجأ بلاقي نفسه دخل في عشر حلقات ورا بعض بالتالي رجعلنا مرات يا أستاذ محمد الحناوي الكاتب والمؤس الأستاذ محمد مساء الخير"
    },
    {
        "start": 115.195,
        "end": 115.445,
        "speaker": "speaker_0",
        "text": ""
    },
    {
        "start": 143.9,
        "end": 145.275,
        "speaker": "speaker_2",
        "text": "مساء النور يا فندم يلا"
    },
    {
        "start": 145.025,
        "end": 145.275,
        "speaker": "speaker_1",
        "text": "الا"
    },
    {
        "start": 145.275,
        "end": 146.01000000000002,
        "speaker": "speaker_1",
        "text": "معانا"
    },
    {
        "start": 146.22,
        "end": 148.345,
        "speaker": "speaker_0",
        "text": "وكيت الكلام الأغنيه والله"
    },
    {
        "start": 148.095,
        "end": 148.345,
        "speaker": "speaker_1",
        "text": "لغي"
    },
    {
        "start": 148.345,
        "end": 148.845,
        "speaker": "speaker_1",
        "text": "والله"
    },
    {
        "start": 148.345,
        "end": 148.595,
        "speaker": "speaker_0",
        "text": ""
    },
    {
        "start": 148.595,
        "end": 148.845,
        "speaker": "speaker_2",
        "text": ""
    },
    {
        "start": 148.845,
        "end": 150.095,
        "speaker": "speaker_2",
        "text": "ك أنا ه الأغنيه"
    },
    {
        "start": 150.095,
        "end": 161.37,
        "speaker": "speaker_1",
        "text": "ما شاء الله يعني أنا لازم أحييك بصراحه لسه بقول إن خمسه وأربعين حلقه كلهم مشدودين وكلهم فيهم زخم في الأحداث ويشدوا الواحد من الأول الاخر ودي ميزه واعين في نفس الوقت من اللي بيتفرج على واتشت"
    },
    {
        "start": 150.095,
        "end": 150.345,
        "speaker": "speaker_2",
        "text": "اباش"
    },
    {
        "start": 161.58,
        "end": 163.205,
        "speaker": "speaker_1",
        "text": "إنه بيمسك حلقه مبيعرفش "
    },
    {
        "start": 162.955,
        "end": 163.205,
        "speaker": "speaker_2",
        "text": "في"
    },
    {
        "start": 163.205,
        "end": 165.205,
        "speaker": "speaker_2",
        "text": "أخليك يا أستاذ ربنا يخليك"
    },
    {
        "start": 163.205,
        "end": 163.455,
        "speaker": "speaker_1",
        "text": ""
    },
    {
        "start": 165.205,
        "end": 167.45000000000002,
        "speaker": "speaker_1",
        "text": "لا والله يبقى بحييق فعلا بس"
    },
    {
        "start": 165.205,
        "end": 165.455,
        "speaker": "speaker_2",
        "text": ""
    },
    {
        "start": 167.66,
        "end": 176.32999999999998,
        "speaker": "speaker_1",
        "text": "قولي حرفية إنك تصيخ كل هذه المشاكل والتحديات اللي في الحلقات دي كلها مع بعض هذه السلاسه ده مكنش سهل أكيد"
    },
    {
        "start": 177.02,
        "end": 182.81,
        "speaker": "speaker_2",
        "text": "أكيد ما كنش سهل بس يعني قبل ما أتكلم عن الجزئيه دي يعني أولا عايز بس أقول مدخله صغيره"
    },
    {
        "start": 183.1,
        "end": 197.60999999999999,
        "speaker": "speaker_2",
        "text": "يعني أنا شغال في الدراما بقالي اتناشر سنه وظهوري في الإعلام قليل جدا يعني ممكن كون زارت تلات أربع مرات أه وده ن عندي يعني لكن المرادي أنا غيران بصراحه طيران الحلقه الجميله دي والصحبه الحلو أوي أوي أوي"
    },
    {
        "start": 197.82,
        "end": 201.195,
        "speaker": "speaker_2",
        "text": "وخصوصا ن الأستاذ رامي لأن انا بحبك جدا"
    },
    {
        "start": 201.195,
        "end": 202.445,
        "speaker": "speaker_1",
        "text": "اس ي لا ص ا فيم"
    },
    {
        "start": 201.195,
        "end": 201.445,
        "speaker": "speaker_2",
        "text": ""
    },
    {
        "start": 202.195,
        "end": 202.445,
        "speaker": "speaker_2",
        "text": "حد"
    },
    {
        "start": 202.445,
        "end": 204.695,
        "speaker": "speaker_2",
        "text": "والله و أنا مش بطاعن فاق ومعرفنيأ"
    },
    {
        "start": 204.445,
        "end": 204.695,
        "speaker": "speaker_1",
        "text": "ط"
    },
    {
        "start": 204.695,
        "end": 205.195,
        "speaker": "speaker_1",
        "text": "لله يخليك"
    },
    {
        "start": 204.945,
        "end": 205.195,
        "speaker": "speaker_2",
        "text": "ليك"
    },
    {
        "start": 205.195,
        "end": 212.0,
        "speaker": "speaker_2",
        "text": "الحاجه التانيه إن أستاذ خارد الأساذه صابرين دول من أمتع النجوم اللي ممكن تشت"
    },
    {
        "start": 205.195,
        "end": 205.445,
        "speaker": "speaker_1",
        "text": "ي"
    }
]