[
    {
        "start": 0.0,
        "end": 1.32,
        "speaker": "speaker_1",
        "text": "إبراهيم مساء الخير"
    },
    {
        "start": 1.48,
        "end": 2.88,
        "speaker": "speaker_0",
        "text": "مساء الخيرن شايف"
    },
    {
        "start": 3.0,
        "end": 4.72,
        "speaker": "speaker_1",
        "text": "عايز مبروك أولا"
    },
    {
        "start": 4.96,
        "end": 5.96,
        "speaker": "speaker_0",
        "text": "الله يبارك فيكي"
    },
    {
        "start": 6.08,
        "end": 11.72,
        "speaker": "speaker_1",
        "text": "ومعاكا كل الأبطال ونجوم المسلسل عايزاك تقولهم مبروك كمان"
    },
    {
        "start": 12.16,
        "end": 18.68,
        "speaker": "speaker_0",
        "text": "تحيات لليكي وتحياتي لكل أبطال العمل موجودين يملوريني يا أساذ ده يت"
    },
    {
        "start": 18.72,
        "end": 23.48,
        "speaker": "speaker_1",
        "text": "إنت فين مجيتش للي هيعايزين أجبليه"
    },
    {
        "start": 23.6,
        "end": 26.88,
        "speaker": "speaker_0",
        "text": "يعني حضرة النجوم يا فتز إحنا موجودين لازم ينش"
    },
    {
        "start": 27.76,
        "end": 29.72,
        "speaker": "speaker_1",
        "text": "حضرة النجوم ف همو"
    },
    {
        "start": 30.16,
        "end": 32.6,
        "speaker": "speaker_0",
        "text": "رسم عل"
    },
    {
        "start": 32.6,
        "end": 35.6,
        "speaker": "speaker_1",
        "text": "عايز نور"
    },
    {
        "start": 35.64,
        "end": 35.8,
        "speaker": "speaker_0",
        "text": "على"
    },
    {
        "start": 35.84,
        "end": 58.52,
        "speaker": "speaker_1",
        "text": "حله لو لأ بجد لعين إنتاج محترم وشغل حلو يعني في بعض الحاجات اللي ممكن تبقى الشغل محترم أوي بس نسبة المشاهده مش عاليه و في العكس حاجه بيبقى ليه نسب شهد عاليه جدا بس شغل في بعض الحاجات في المحتوى مش ده كان المسلسل ده قدر يجمع مبيل حاجتين إنه نسبة مشاهده ما شاء الله عاليه جدا وفي نفس الوقت شغل حلو محترم"
    },
    {
        "start": 58.6,
        "end": 60.72,
        "speaker": "speaker_0",
        "text": "ودور كايات عايله كمان دي حاجه"
    },
    {
        "start": 60.76,
        "end": 65.64,
        "speaker": "speaker_1",
        "text": "فلوس أه طبعا دي عم حاجه بالنسبالك عل العرب و بالنسبالنا"
    },
    {
        "start": 67.64,
        "end": 82.92,
        "speaker": "speaker_0",
        "text": "لأ جايل النجاح الحمد لله لما بيبقى حضرة ساسل قايمين على إيه عمل ده بيخلي الناس تفكر الحقيقه تركير مختلف إزاي تعمل عمل يبقى ناجح جماهيرين وفي نفس الوقت حي مردود"
    }
]