[
    {
        "start": 0.0,
        "end": 1.32,
        "speaker": "speaker_2",
        "text": "موسك اللي في رجلي دلوقتي"
    },
    {
        "start": 2.04,
        "end": 2.92,
        "speaker": "speaker_3",
        "text": "معايا في الكلام"
    },
    {
        "start": 3.04,
        "end": 5.96,
        "speaker": "speaker_0",
        "text": "إنت فاكني زيك ولا إنتي أوسخ مني"
    },
    {
        "start": 6.24,
        "end": 7.92,
        "speaker": "speaker_1",
        "text": "تقدري تقوليلي كنتي مرزوعه"
    }
]