[
    {
        "start": 0.0,
        "end": 16.2,
        "speaker": "speaker_1",
        "text": "رئيس الجمعيه المصريه للأوتيزن داليا صديقتنا وي عملنا حلقات كتيره داليه بس المسلسل ده العشر حلقات بمجهود كبير جدا يعني يعني إزاي ممكن دراما تأثر في الناس وتدخل"
    },
    {
        "start": 16.24,
        "end": 16.96,
        "speaker": "speaker_0",
        "text": "فيها"
    },
    {
        "start": 17.84,
        "end": 18.24,
        "speaker": "speaker_1",
        "text": "فعلا"
    },
    {
        "start": 18.36,
        "end": 19.28,
        "speaker": "speaker_0",
        "text": "تخليكي"
    },
    {
        "start": 19.84,
        "end": 31.52,
        "speaker": "speaker_1",
        "text": "مش بس متعاطفه ده تخليكي عندك بشن وعندك شغف إنه هؤلاء يكونوا جزء من المجتمع قوليلي ساعدتي طاها إزاي"
    },
    {
        "start": 31.88,
        "end": 46.52,
        "speaker": "speaker_0",
        "text": "زي يا أستاذ نيس زي ما ودسيسي معاه من زمان وأنا علقتل توعيه كتير أنا سعدتهم إنأستاذ طارق الجنعيني جابلي الكاسر"
    },
    {
        "start": 46.68,
        "end": 47.44,
        "speaker": "speaker_1",
        "text": "ونعرفها"
    },
    {
        "start": 47.48,
        "end": 63.84,
        "speaker": "speaker_0",
        "text": "علينا وإتفقنا إن عشان الجامعيه تشترك معاهم وهياخدوا زي مسصيف عن يه هو الحب وقبلوا حالات كتيره كان يهميني إن هما يقابلوا حاجات مختلفه متجيش بالحالات"
    },
    {
        "start": 63.88,
        "end": 64.16,
        "speaker": "speaker_1",
        "text": "اللي"
    },
    {
        "start": 64.2,
        "end": 92.32,
        "speaker": "speaker_0",
        "text": "معاي نبتدي من حيالت الصعبه سفين إ على أساس إن هما يقدروا يشوفوا اخلافإن هو فعلا طيف أو هو قند فكره طه يقدي اشره يقديها بشكل جاي والحقيقه المجموعه لازم أقول إ أنا اشتغلت مع ناس كتيره بس المجموعه دي مميزه جدا مش عارفه إحنا شغان دحمص ولقيت مميزين جدا جدا جدا في الجيشك النانيت"
    },
    {
        "start": 92.4,
        "end": 92.92,
        "speaker": "speaker_1",
        "text": "كان طهر"
    }
]