[
    {
        "start": 0.0,
        "end": 1.8,
        "speaker": "speaker_1",
        "text": "روح فيه لأني هو اخويا الكبير"
    },
    {
        "start": 1.88,
        "end": 2.56,
        "speaker": "speaker_0",
        "text": "و إحنا بقالنا"
    },
    {
        "start": 2.6,
        "end": 3.88,
        "speaker": "speaker_3",
        "text": "ده خمس تعمل مع بعض"
    },
    {
        "start": 4.08,
        "end": 5.2,
        "speaker": "speaker_0",
        "text": "فيعني إحنا مدنين"
    },
    {
        "start": 5.28,
        "end": 6.48,
        "speaker": "speaker_2",
        "text": "بعض ما شاءا"
    },
    {
        "start": 6.48,
        "end": 7.04,
        "speaker": "speaker_0",
        "text": "صادرين أنا"
    },
    {
        "start": 7.04,
        "end": 7.56,
        "speaker": "speaker_3",
        "text": "بتمنى ده"
    },
    {
        "start": 7.6,
        "end": 7.72,
        "speaker": "speaker_0",
        "text": "من"
    },
    {
        "start": 7.76,
        "end": 8.12,
        "speaker": "speaker_3",
        "text": "زمان"
    },
    {
        "start": 8.28,
        "end": 9.56,
        "speaker": "speaker_0",
        "text": "ف لدرجه إن أنا أول"
    },
    {
        "start": 9.6,
        "end": 9.84,
        "speaker": "speaker_3",
        "text": "ما"
    },
    {
        "start": 10.04,
        "end": 15.2,
        "speaker": "speaker_1",
        "text": "خدت كلمني قالي شايف مين في ناس كلتلوا صابرين كورا واحدا إم قفلي وقال"
    },
    {
        "start": 15.24,
        "end": 15.48,
        "speaker": "speaker_3",
        "text": "الله"
    },
    {
        "start": 15.48,
        "end": 16.92,
        "speaker": "speaker_0",
        "text": "عليك من أول كلمه يعني ول"
    }
]