[
    {
        "start": 0.0,
        "end": 5.2,
        "speaker": "speaker_2",
        "text": "عايش تفاصيلها في الفي المسلسل وأكيد النبض ده يعني بصلكم لردود الفعل"
    },
    {
        "start": 5.52,
        "end": 7.16,
        "speaker": "speaker_1",
        "text": "صحأه"
    },
    {
        "start": 7.28,
        "end": 8.72,
        "speaker": "speaker_0",
        "text": "كالد الكلام يقول"
    },
    {
        "start": 9.76,
        "end": 29.64,
        "speaker": "speaker_1",
        "text": "نة أهم حاجه في الموضوع ده في الموضوع بتاع أعمل إيه إن إحنا فكان كلمنا قبلها بسنتين ونص أيسنتين ونص إم هي عمره مشروعده إم بس هو يعني قولي ده في وقت وص حجمه وفي المدى بتاعه وكل حاجه"
    }
]