[
    {
        "start": 0.0,
        "end": 1.88,
        "speaker": "speaker_0",
        "text": "دوت وبيضحكوا"
    },
    {
        "start": 2.12,
        "end": 2.32,
        "speaker": "speaker_1",
        "text": "لأ"
    },
    {
        "start": 2.4,
        "end": 2.76,
        "speaker": "speaker_0",
        "text": "خالص"
    },
    {
        "start": 3.32,
        "end": 6.4,
        "speaker": "speaker_2",
        "text": "بس عنا ساعت بروح الحفا بسه جامله يعني"
    },
    {
        "start": 6.8,
        "end": 24.16,
        "speaker": "speaker_1",
        "text": "لبص إنت عارف مثلا إن إسماعيل ياسين وشكوكو كل الفنانين الكبار دول كانوا جزء من أدائهم غير المنونوج اللي كانت بتعمل كان يبقى في كذا حاجه كده في الحولأ ه كأنها نوكت أيوه وبعدين غالبا دي تطورت إلى فكرة إزه"
    },
    {
        "start": 24.16,
        "end": 26.92,
        "speaker": "speaker_0",
        "text": "وكمان العظيم أستاذ سمير غانم طب"
    }
]