[
    {
        "start": 0.0,
        "end": 1.61,
        "speaker": "speaker_2",
        "text": "المشاعر الأحاسيسديت"
    },
    {
        "start": 1.9,
        "end": 3.9299999999999997,
        "speaker": "speaker_2",
        "text": "وشكل الأسر المصريه موجود"
    },
    {
        "start": 4.22,
        "end": 6.33,
        "speaker": "speaker_2",
        "text": "إحنا قدمنالهم نفسهم"
    },
    {
        "start": 6.7,
        "end": 7.61,
        "speaker": "speaker_0",
        "text": "صحيح"
    },
    {
        "start": 7.82,
        "end": 8.89,
        "speaker": "speaker_2",
        "text": "اللي اتخبت"
    },
    {
        "start": 9.1,
        "end": 12.49,
        "speaker": "speaker_2",
        "text": "أو اتحط عليها شوية تراث كده في خلال فترات طويلهدت"
    },
    {
        "start": 12.86,
        "end": 17.53,
        "speaker": "speaker_2",
        "text": "وبنقولهم رجعوا نفسكو تاني ورجعوا شكل أسره المصرويه تاني"
    },
    {
        "start": 17.98,
        "end": 18.89,
        "speaker": "speaker_2",
        "text": "كا"
    },
    {
        "start": 19.1,
        "end": 21.69,
        "speaker": "speaker_2",
        "text": "كان يجب إنه نجح فالحمد لله"
    },
    {
        "start": 22.14,
        "end": 30.73,
        "speaker": "speaker_0",
        "text": "أوم العروسه و الحمل العلاقه الأبديه اللي مبتليش أبدا منير كنتي مزميهاعرشه ش "
    },
    {
        "start": 31.82,
        "end": 36.01,
        "speaker": "speaker_0",
        "text": " ح إنتي الطريقه عليه أه إنتمشفت الحكايه دي الأسبوع اسعلت"
    },
    {
        "start": 36.86,
        "end": 42.97,
        "speaker": "speaker_0",
        "text": "ه أشي لما شايد اللي بيقولوا عليكي بسإنتي كنتي حامه حمه يعني شوفتيه إيه ده"
    },
    {
        "start": 39.485,
        "end": 40.485,
        "speaker": "speaker_1",
        "text": ""
    },
    {
        "start": 43.26,
        "end": 44.89,
        "speaker": "speaker_0",
        "text": "بجد يعني"
    },
    {
        "start": 45.1,
        "end": 51.77,
        "speaker": "speaker_0",
        "text": "عملتي دور يعني الناس كنت مضايقه مني جدا بصراحه حقيقه أنا متأسف الحقيقه"
    },
    {
        "start": 52.14,
        "end": 52.81,
        "speaker": "speaker_1",
        "text": "على القمل"
    },
    {
        "start": 53.1,
        "end": 59.85,
        "speaker": "speaker_0",
        "text": " معناه إنها عمليتهجداقناعة الناس على فكره أنا مسفاها أصدقاء عمر"
    },
    {
        "start": 60.06,
        "end": 62.57,
        "speaker": "speaker_0",
        "text": "عمرنا كله مع بعض"
    },
    {
        "start": 63.02,
        "end": 67.93,
        "speaker": "speaker_0",
        "text": "فأنا قولتله بس طولما المسلسل بتعد يعني إحنا مش هقول إن إحنا أصحاب"
    },
    {
        "start": 68.22,
        "end": 69.69,
        "speaker": "speaker_0",
        "text": "تقدروا تعملو الحاله دي"
    },
    {
        "start": 69.9,
        "end": 81.37,
        "speaker": "speaker_0",
        "text": "عشان يكنعوا المشاهد هما لعيروير لا لا بس  كنا بنعمل ده إحنا يعني حب طب بنلعب كده يا طبا لأ إحنا بين أحلى المشاهد على فكره مشهدل الكاكرين وبين بعض في"
    },
    {
        "start": 81.74,
        "end": 90.08999999999999,
        "speaker": "speaker_0",
        "text": "يعني الطبا الأم أم العروسه والحما يعني تتدي من أحلى المشاهد معنا كانت مشاهي المفروض تضيق بس كن بتلضحك"
    },
    {
        "start": 89.615,
        "end": 90.08999999999999,
        "speaker": "speaker_1",
        "text": "صحي"
    },
    {
        "start": 90.3,
        "end": 92.57,
        "speaker": "speaker_0",
        "text": "إم ده إحنا كان بنضحك"
    },
    {
        "start": 93.9,
        "end": 96.65,
        "speaker": "speaker_0",
        "text": "ش موضروع عن لما جيت ترف على الحلقه"
    },
    {
        "start": 97.02,
        "end": 106.49,
        "speaker": "speaker_0",
        "text": "مدام سفاء و هي داخله أنا عيطت في المشهد ده بجد أنا عيط لما دخلت بتبوس راسي  اخر حاجه  لحه"
    },
    {
        "start": 106.7,
        "end": 111.77000000000001,
        "speaker": "speaker_0",
        "text": "من الناس نقلتني من من لحظه أومن حدوته طول المسلسلل أنا مشي فيها"
    },
    {
        "start": 112.14,
        "end": 113.37,
        "speaker": "speaker_0",
        "text": "للحظة الأم"
    },
    {
        "start": 113.9,
        "end": 119.29,
        "speaker": "speaker_0",
        "text": "أنا أنا شخصيا ممثله في المسلسل وهي صدقتي قه صدقتي النقله دي"
    },
    {
        "start": 120.22,
        "end": 123.45,
        "speaker": "speaker_0",
        "text": "ودي دي دي بقى الحما يعني دي الحمه زي ما الكتاب بيقول"
    },
    {
        "start": 123.82,
        "end": 126.00999999999999,
        "speaker": "speaker_0",
        "text": "ده حقيقي أه عشان منضحكش على"
    },
    {
        "start": 127.42,
        "end": 127.69,
        "speaker": "speaker_0",
        "text": ""
    },
    {
        "start": 127.98,
        "end": 128.65,
        "speaker": "speaker_0",
        "text": "ملا تحب"
    },
    {
        "start": 128.94,
        "end": 130.81,
        "speaker": "speaker_0",
        "text": "غل الحمواكيه حبيبه"
    },
    {
        "start": 131.42,
        "end": 132.32999999999998,
        "speaker": "speaker_1",
        "text": "يك"
    },
    {
        "start": 132.7,
        "end": 132.97,
        "speaker": "speaker_0",
        "text": ""
    },
    {
        "start": 134.14,
        "end": 135.45,
        "speaker": "speaker_0",
        "text": "نا عمري سوي سود"
    },
    {
        "start": 137.18,
        "end": 137.69,
        "speaker": "speaker_1",
        "text": "ه"
    },
    {
        "start": 137.9,
        "end": 145.61,
        "speaker": "speaker_0",
        "text": "مب ما بتزعقش برضو مش مهز و أنا بقى أبو العريس أو الزوج شويه"
    },
    {
        "start": 146.06,
        "end": 148.41,
        "speaker": "speaker_0",
        "text": "يعني مغلوب على أمره في بعض الأحيان "
    },
    {
        "start": 147.935,
        "end": 148.41,
        "speaker": "speaker_1",
        "text": "والله"
    },
    {
        "start": 148.62,
        "end": 149.495,
        "speaker": "speaker_1",
        "text": "غير لتظير"
    },
    {
        "start": 149.495,
        "end": 150.97,
        "speaker": "speaker_0",
        "text": "أعمل حاجه م"
    },
    {
        "start": 151.42,
        "end": 156.045,
        "speaker": "speaker_1",
        "text": "أنا في الحقيقه كده يعني بقى جابي الأورضه أفضل مستني سل"
    },
    {
        "start": 152.795,
        "end": 153.045,
        "speaker": "speaker_0",
        "text": "أ"
    },
    {
        "start": 156.045,
        "end": 156.795,
        "speaker": "speaker_0",
        "text": "حركإيه"
    },
    {
        "start": 156.045,
        "end": 156.295,
        "speaker": "speaker_1",
        "text": "خرج"
    },
    {
        "start": 156.795,
        "end": 159.45,
        "speaker": "speaker_1",
        "text": "يلا نصور حاجه يلا"
    },
    {
        "start": 160.38,
        "end": 161.85,
        "speaker": "speaker_0",
        "text": "بس جه في الآخر إيه"
    },
    {
        "start": 162.14,
        "end": 163.015,
        "speaker": "speaker_1",
        "text": "لما تعبت اله"
    },
    {
        "start": 163.015,
        "end": 164.08999999999997,
        "speaker": "speaker_0",
        "text": "بقى خلاصب"
    },
    {
        "start": 164.54,
        "end": 166.17,
        "speaker": "speaker_1",
        "text": "لأ هو الحكايه"
    },
    {
        "start": 166.94,
        "end": 169.13,
        "speaker": "speaker_1",
        "text": "هو غاني كمان لكاتب"
    },
    {
        "start": 169.34,
        "end": 170.25,
        "speaker": "speaker_1",
        "text": "علاقه"
    },
    {
        "start": 170.7,
        "end": 171.69,
        "speaker": "speaker_1",
        "text": "معيش نموطيه"
    },
    {
        "start": 172.3,
        "end": 178.89000000000001,
        "speaker": "speaker_1",
        "text": "يعني كتير أوي شوفنا الزوج المغروب على أمره والست صاحبة السطوى اللي من طبقه اجتماعيه مختلفه"
    },
    {
        "start": 179.1,
        "end": 182.32999999999998,
        "speaker": "speaker_1",
        "text": "الراجل ده ه طبقه اجتماعيه مختلفه شوفنا النمض ده كتير"
    },
    {
        "start": 182.62,
        "end": 185.13,
        "speaker": "speaker_1",
        "text": "إنما هو هاني وزارها بشكل مختلف"
    },
    {
        "start": 185.58,
        "end": 187.37,
        "speaker": "speaker_1",
        "text": "الراجل ده اللي بينى نفسه"
    },
    {
        "start": 187.58,
        "end": 190.09,
        "speaker": "speaker_1",
        "text": "وحب الست دي والست دي حبه جدا"
    },
    {
        "start": 190.78,
        "end": 192.73,
        "speaker": "speaker_1",
        "text": "بس مش قادره تخ نسلخ"
    },
    {
        "start": 193.1,
        "end": 197.85,
        "speaker": "speaker_1",
        "text": "من أصلها الرستقراتي وهو مش قادر يوصل لهذا المستوى"
    },
    {
        "start": 198.54,
        "end": 204.65,
        "speaker": "speaker_1",
        "text": "سلاتي شويه لعب شويه إنما لما تيجي الحكايه جنب البيت هوبيقول كده له"
    },
    {
        "start": 205.02,
        "end": 212.145,
        "speaker": "speaker_1",
        "text": "بيقوله وهيقورلك إن أنا بكلم بيه وهزر مع ديه وبتاع إن أومك حاجه مختلفه شالسري مختلفه"
    },
    {
        "start": 210.645,
        "end": 211.145,
        "speaker": "speaker_0",
        "text": "السلاح"
    },
    {
        "start": 211.895,
        "end": 212.145,
        "speaker": "speaker_0",
        "text": ""
    },
    {
        "start": 212.145,
        "end": 212.73000000000002,
        "speaker": "speaker_0",
        "text": "ال"
    },
    {
        "start": 212.145,
        "end": 212.73000000000002,
        "speaker": "speaker_1",
        "text": "ال"
    },
    {
        "start": 212.94,
        "end": 213.565,
        "speaker": "speaker_0",
        "text": "في ه"
    },
    {
        "start": 212.94,
        "end": 213.565,
        "speaker": "speaker_1",
        "text": "في ه"
    },
    {
        "start": 213.565,
        "end": 214.17,
        "speaker": "speaker_1",
        "text": "عن"
    },
    {
        "start": 213.565,
        "end": 213.815,
        "speaker": "speaker_0",
        "text": ""
    },
    {
        "start": 214.38,
        "end": 219.85,
        "speaker": "speaker_1",
        "text": "نا عايز أقول لأ مش عايزه بره هو كل  ه بي مف إحنا إحنا كده"
    },
    {
        "start": 220.06,
        "end": 222.25,
        "speaker": "speaker_1",
        "text": "ه برنامج ه "
    },
    {
        "start": 222.46,
        "end": 222.65,
        "speaker": "speaker_0",
        "text": ""
    },
    {
        "start": 223.42,
        "end": 223.69,
        "speaker": "speaker_0",
        "text": "لأ"
    },
    {
        "start": 224.3,
        "end": 226.425,
        "speaker": "speaker_1",
        "text": "  بتتر"
    },
    {
        "start": 226.175,
        "end": 226.425,
        "speaker": "speaker_0",
        "text": "فاتر"
    },
    {
        "start": 226.425,
        "end": 227.13000000000002,
        "speaker": "speaker_0",
        "text": "العدل"
    },
    {
        "start": 226.425,
        "end": 226.675,
        "speaker": "speaker_1",
        "text": ""
    },
    {
        "start": 227.42,
        "end": 228.48999999999998,
        "speaker": "speaker_0",
        "text": "ش ع ر يعني"
    },
    {
        "start": 228.78,
        "end": 230.405,
        "speaker": "speaker_0",
        "text": "مينا حاجه تانيه تمام"
    },
    {
        "start": 230.155,
        "end": 230.405,
        "speaker": "speaker_1",
        "text": ""
    },
    {
        "start": 230.405,
        "end": 230.89000000000001,
        "speaker": "speaker_1",
        "text": "لأ"
    },
    {
        "start": 230.405,
        "end": 230.655,
        "speaker": "speaker_0",
        "text": ""
    },
    {
        "start": 231.1,
        "end": 232.17,
        "speaker": "speaker_1",
        "text": "إن المسأله دي"
    },
    {
        "start": 232.62,
        "end": 237.0,
        "speaker": "speaker_1",
        "text": "البيت لأهو خصوصيا إم عند أي راجل شرقي عموم"
    }
]