[
    {
        "start": 0.0,
        "end": 12.96,
        "speaker": "speaker_1",
        "text": "بوظ اللي هو عايز يعمله بس هو يعيني فال عنده سبب مدافع كبير أوي إنه يعمل كده يعني حتى عبير هو هو حبها بجد ولقى فيها البني ادمه المصريه البسيطه اللي عايزه تعيش اللي  كان جيلها"
    },
    {
        "start": 13.0,
        "end": 13.8,
        "speaker": "speaker_0",
        "text": "سوني يعني"
    },
    {
        "start": 14.0,
        "end": 20.24,
        "speaker": "speaker_1",
        "text": "لأ هو طبها مسوري أه بس وسولي عشان هو عص وسطه"
    },
    {
        "start": 20.4,
        "end": 20.68,
        "speaker": "speaker_0",
        "text": "قاعد"
    },
    {
        "start": 20.76,
        "end": 42.56,
        "speaker": "speaker_1",
        "text": "يقولك قد إيه عز حلو لأ طبعا كان مصول طععي بس هو و عايز د بس حقيقي يعني هو بد طبعا هو م بيدريش زي ما بقولك في المسلسل ده م بيدريش عيوبه يجو باين عليه و يمكن عشان كده الناس اتعاقفت معاه شويه و أنا فعلا قلبت بني دم الحقيقي أنا أنا جبت حتى بالسكسوكه بالبدل المعينه أوي اللي من وسط البلد اللقي ماشي في ارع"
    },
    {
        "start": 42.84,
        "end": 44.48,
        "speaker": "speaker_0",
        "text": "إنتي حد ن في حدد كده"
    },
    {
        "start": 44.6,
        "end": 77.6,
        "speaker": "speaker_1",
        "text": "أه و كمان عملت ريسرتش كده وشوفت بصراحه أنا و فريده الستايلست شوفنا محامين فعلا هما أصل في يعني مكان كده في وسط البلد ماشور أوي بتاع بدل بتقيمشي في الشارع واحد بيشدد كده بيقولك عليه ديب برنامش دي كان تعديد برد هو بدل بسعر المصر أه سعر المصر بيبقك ا ابيبقه كلها ليها ليها شكل معين ليها شكل فإحنا جبنا البدل دي البسن الترب الطب دي عملنا سكسوكه زي واحد معين كده مش هعد أقول إسمه بس نقفشته على الفيس بوك يعني وقعدت ذاكري علت هو بالظبط هو عامل كيف"
    },
    {
        "start": 77.6,
        "end": 95.47999999999999,
        "speaker": "speaker_0",
        "text": "هو كان كان شكله كالب وبدل و كانت أغرب خلونا نشوف مشهد تاني من بقى أعتقد في رمامه وعبير مع بعض في مشهد أخر"
    },
    {
        "start": 95.64,
        "end": 95.96000000000001,
        "speaker": "speaker_1",
        "text": "إيه"
    },
    {
        "start": 96.16,
        "end": 96.84,
        "speaker": "speaker_0",
        "text": "أنا بن"
    }
]