[
    {
        "start": 0.0,
        "end": 6.56,
        "speaker": "speaker_1",
        "text": "حقيقتي لأ مثلا ده نفس سؤالهولجبو للأستاذه"
    },
    {
        "start": 6.76,
        "end": 16.28,
        "speaker": "speaker_0",
        "text": "أنا قلت قبل كده يعني ناس بحب بس واضح إن أه بشوفه واضح إن أه يعني بس أنا دماهيجي مش مستوعبه إن هو أه بس الأفعال أو"
    },
    {
        "start": 16.56,
        "end": 22.24,
        "speaker": "speaker_1",
        "text": "ن الناس قالتلك إنتي إزاي تختاري تتجوزي ده قولتلهم أمال الاختياراتي الحيايه تشوفوها إزاي"
    },
    {
        "start": 22.44,
        "end": 25.12,
        "speaker": "speaker_0",
        "text": "وضوح ينكشف أوي   خلي بال"
    },
    {
        "start": 25.28,
        "end": 31.32,
        "speaker": "speaker_1",
        "text": "جوزتاني متجوزه لأ أوفي اختيارات عموما في حياه كلها تقسك"
    },
    {
        "start": 31.4,
        "end": 32.76,
        "speaker": "speaker_0",
        "text": "الحمد لله"
    },
    {
        "start": 33.04,
        "end": 42.56,
        "speaker": "speaker_1",
        "text": "وفاصل وبعد الفاصل هنكلمكوا على شخصيه تانيه موجوده فعلا أيضا في الحقيقه وكان طاهه برضو جمعة واتش"
    }
]