[
    {
        "start": 0.0,
        "end": 10.57,
        "speaker": "speaker_1",
        "text": "علق بإسماعيل ياسين وبهجنا يمتعنا يستعيد ذكريات جميله وكمان يخلينا نتطلع لالأمام ليه"
    },
    {
        "start": 10.78,
        "end": 16.65,
        "speaker": "speaker_1",
        "text": "لأن إحنا بنتعلم من هذه الرموز الفنيه ما بتموتش أبدا بنعيش"
    },
    {
        "start": 17.02,
        "end": 19.77,
        "speaker": "speaker_1",
        "text": "على التراث الفني الجميل يعني"
    },
    {
        "start": 20.22,
        "end": 21.529999999999998,
        "speaker": "speaker_1",
        "text": "ك"
    },
    {
        "start": 21.82,
        "end": 23.21,
        "speaker": "speaker_1",
        "text": "فا"
    },
    {
        "start": 23.5,
        "end": 23.77,
        "speaker": "speaker_1",
        "text": ""
    },
    {
        "start": 24.22,
        "end": 27.13,
        "speaker": "speaker_1",
        "text": "بتحاولي تشوفي تستفيدي من يعني هنا"
    },
    {
        "start": 27.5,
        "end": 28.89,
        "speaker": "speaker_1",
        "text": "إنتي"
    },
    {
        "start": 29.18,
        "end": 30.89,
        "speaker": "speaker_1",
        "text": "جدك على الشاشه"
    },
    {
        "start": 31.34,
        "end": 32.97,
        "speaker": "speaker_1",
        "text": "إي"
    },
    {
        "start": 33.34,
        "end": 39.61,
        "speaker": "speaker_1",
        "text": "يعني بيبهجنا ويمتعنا يعني بتحاولي تشوفي تقولي"
    },
    {
        "start": 39.82,
        "end": 43.37,
        "speaker": "speaker_1",
        "text": "لما ألقط حاجه من إسماعيل ياسين لما"
    },
    {
        "start": 43.74,
        "end": 46.89,
        "speaker": "speaker_1",
        "text": "أستفيد حاجه من هذا التاريخ الناصع"
    },
    {
        "start": 47.58,
        "end": 48.65,
        "speaker": "speaker_2",
        "text": ""
    },
    {
        "start": 49.02,
        "end": 53.13,
        "speaker": "speaker_2",
        "text": "طبعا إحنا واحنا صغيرين باباه كان على طول بيفرجنا على أفلامه"
    },
    {
        "start": 53.34,
        "end": 62.49,
        "speaker": "speaker_2",
        "text": "إم حتى كان في فرم مبيتعرضش كتير اللي هو اسمها ألياسين في الجيس إم هو جايبه وكان حريص جدا إن إحنا نتفرج على أفلامه"
    },
    {
        "start": 62.94,
        "end": 66.73,
        "speaker": "speaker_2",
        "text": "وكان بيكلمنا على هو في الشغل عامل إزاي"
    },
    {
        "start": 67.1,
        "end": 77.05,
        "speaker": "speaker_2",
        "text": "يعني كان بيقولنا إن هو كان منضبط جدا بيحب المواعيد ملتزم إن هو شخصيه في الحقيقه جد ومثقف"
    },
    {
        "start": 77.26,
        "end": 78.33,
        "speaker": "speaker_2",
        "text": "الحم الإيه"
    },
    {
        "start": 78.62,
        "end": 83.85000000000001,
        "speaker": "speaker_2",
        "text": "الحاجات اللي كنت لما بتفرج على سميدياسين باخدها"
    },
    {
        "start": 84.22,
        "end": 85.21,
        "speaker": "speaker_2",
        "text": "أو اركز فيها"
    },
    {
        "start": 85.42,
        "end": 87.45,
        "speaker": "speaker_2",
        "text": "كانت ساعات في إفيهات كده"
    },
    {
        "start": 87.74,
        "end": 88.41,
        "speaker": "speaker_2",
        "text": "افزك"
    },
    {
        "start": 89.02,
        "end": 92.395,
        "speaker": "speaker_1",
        "text": "فيازكي أه إنتي كده بتنقطي فعل"
    },
    {
        "start": 92.395,
        "end": 94.33,
        "speaker": "speaker_2",
        "text": "أه فكان يقول مثلا حاجات"
    },
    {
        "start": 94.78,
        "end": 98.655,
        "speaker": "speaker_2",
        "text": "فعلا أنا الفيلم أنا مش قادره أفتكر إسمي"
    },
    {
        "start": 98.655,
        "end": 99.405,
        "speaker": "speaker_1",
        "text": "حيات مش موباي"
    },
    {
        "start": 99.405,
        "end": 100.655,
        "speaker": "speaker_2",
        "text": "سه بشيفر مدم"
    },
    {
        "start": 100.655,
        "end": 102.655,
        "speaker": "speaker_1",
        "text": "أههي بتعكس قضيه وبتع"
    },
    {
        "start": 102.655,
        "end": 109.29,
        "speaker": "speaker_2",
        "text": "ذت كان في فيلم ملون الاسماعيليه فير أيوه إن الفيلم ده في كام إفهات"
    },
    {
        "start": 109.98,
        "end": 118.105,
        "speaker": "speaker_2",
        "text": "هما بيتكلموا على عصر قديم جدا بس حاجات بوقتهم إم الإفيهات بتريليك في أفلام دلوقتي يعني"
    },
    {
        "start": 118.105,
        "end": 120.105,
        "speaker": "speaker_1",
        "text": "تمثل اقط على الواقعهيعن"
    },
    {
        "start": 120.105,
        "end": 123.69,
        "speaker": "speaker_2",
        "text": "أه الإفيهات اللي هو كان بيقولها كانت إفهات زكيه"
    },
    {
        "start": 123.98,
        "end": 135.77,
        "speaker": "speaker_2",
        "text": "يعني في ناس مثلا تطلع تقول إسماعيلياسين بتاع حركت بحركات زي مهرج لأ اللي يركز هيلاقي إنه في كتير إفاد زكيه وكان بيقولها طبعا إن هو كان مثقف"
    },
    {
        "start": 136.22,
        "end": 149.37,
        "speaker": "speaker_2",
        "text": "لو يعني مكتبته في الصور بتاعت بيته لأ كان عنده مكتبه كبيره جدا و كان بيحب الكتابه جدا فده بيباين إن في بعد تاني للشخصيه"
    },
    {
        "start": 149.74,
        "end": 159.69,
        "speaker": "speaker_2",
        "text": "إحنا كنا محظوظين إن إحنا سمعنا عنها من بابا وعرفنا البعد التاني م شخصية مانياسين وعلى أساسه حياته ومشيت الزايت"
    },
    {
        "start": 159.98,
        "end": 162.105,
        "speaker": "speaker_2",
        "text": "يعني حياته إم شكه إزاي ناتيج جا"
    },
    {
        "start": 162.105,
        "end": 169.29,
        "speaker": "speaker_1",
        "text": "هو البعض الثقافي ده اللبعض يعتقد إنه يعني ممثل كوميديا لكن فعلا إسماعيل ياسين لأ"
    },
    {
        "start": 169.66,
        "end": 174.785,
        "speaker": "speaker_1",
        "text": "إنتإنتي جبتي الجانب اللي هو التشعري بالثقافه في إذاكي"
    },
    {
        "start": 174.785,
        "end": 179.45,
        "speaker": "speaker_2",
        "text": "والمسؤوليه في بني آدم عنده مسؤوليه يعني"
    },
    {
        "start": 179.66,
        "end": 183.93,
        "speaker": "speaker_2",
        "text": "من ضمن ليه مثلا في الاخر اشتغل تاني منرجسم"
    },
    {
        "start": 184.62,
        "end": 190.745,
        "speaker": "speaker_2",
        "text": "لأنه كان عنده أسره و كان عنده في بيوت هان فتحها ه و كان "
    },
    {
        "start": 190.745,
        "end": 191.995,
        "speaker": "speaker_1",
        "text": "شرات ي الكابيريهات أه"
    },
    {
        "start": 191.995,
        "end": 196.49,
        "speaker": "speaker_2",
        "text": "أيه وا أنا لقست أه رجع تاني لأنه كان في عنده مسؤوليه أهأ"
    },
    {
        "start": 196.86,
        "end": 200.735,
        "speaker": "speaker_1",
        "text": "إنه ميقعدش في إن العامل المادي هنا يقول لما اشتغل يعني"
    },
    {
        "start": 200.735,
        "end": 202.49,
        "speaker": "speaker_2",
        "text": "هو هو دي صنعته"
    },
    {
        "start": 202.78,
        "end": 204.405,
        "speaker": "speaker_2",
        "text": "دي اللي يعرفها اللي اتعلمه"
    },
    {
        "start": 204.405,
        "end": 213.45,
        "speaker": "speaker_1",
        "text": "ما كنش مهينا يعني المياسين ماقالش لحضيق إنه كان كان قاصيا على إسماعيل يسين إنه اشتغل في الكابيريهات من جيس تاني بعد"
    },
    {
        "start": 213.74,
        "end": 215.865,
        "speaker": "speaker_1",
        "text": "مصانع هذه الكوكبه"
    },
    {
        "start": 215.865,
        "end": 217.77,
        "speaker": "speaker_3",
        "text": "كان اسي عليه نفسيا"
    },
    {
        "start": 218.22,
        "end": 219.60999999999999,
        "speaker": "speaker_3",
        "text": "على إسماعين ياسين نفسي"
    },
    {
        "start": 219.98,
        "end": 221.605,
        "speaker": "speaker_1",
        "text": "في نهاية حياته وبنشتغل"
    },
    {
        "start": 221.605,
        "end": 224.17,
        "speaker": "speaker_3",
        "text": "أه إن هو يرجع تاني يقولمنروك"
    },
    {
        "start": 224.46,
        "end": 227.93,
        "speaker": "speaker_3",
        "text": "لكن كان هو كان لازم يشتغل"
    },
    {
        "start": 228.38,
        "end": 229.85,
        "speaker": "speaker_3",
        "text": "لازم الحياه تستمر"
    },
    {
        "start": 230.14,
        "end": 231.04999999999998,
        "speaker": "speaker_3",
        "text": "عنده ولد"
    },
    {
        "start": 231.26,
        "end": 232.32999999999998,
        "speaker": "speaker_3",
        "text": "حاطتله"
    },
    {
        "start": 232.7,
        "end": 235.29,
        "speaker": "speaker_3",
        "text": "وشكل معين إن هو يربيبي"
    },
    {
        "start": 235.66,
        "end": 241.21,
        "speaker": "speaker_3",
        "text": "في ناس مسؤوله في حياته مإنه فكان لازم يشتغل"
    },
    {
        "start": 241.5,
        "end": 243.125,
        "speaker": "speaker_3",
        "text": "ما كنش ينفع يقعد في البيت"
    },
    {
        "start": 243.125,
        "end": 247.93,
        "speaker": "speaker_1",
        "text": "الناس لازم يا جماعه اتعلم من الكلام دهو"
    },
    {
        "start": 248.46,
        "end": 256.17,
        "speaker": "speaker_1",
        "text": "والفنان فعلا لما تقعد تشوف كده الفنان اللي أبهدنا وأمتعنا ده معقوله إنه يعني يضطر للعمل"
    },
    {
        "start": 256.62,
        "end": 262.49,
        "speaker": "speaker_1",
        "text": "في الكبريهات ويعمل منلوك تاني بعد ما عمل هذه الأفلام اللي ارتبطت بإسمه"
    },
    {
        "start": 263.1,
        "end": 265.85,
        "speaker": "speaker_1",
        "text": "لكن هي دي لبنان الصوره دي"
    },
    {
        "start": 266.38,
        "end": 267.53,
        "speaker": "speaker_1",
        "text": "مع أسرته"
    },
    {
        "start": 267.9,
        "end": 271.77,
        "speaker": "speaker_2",
        "text": "بابه على سميله وبعد كده مروته وعلى يمين وطنط مربط"
    },
    {
        "start": 272.06,
        "end": 276.185,
        "speaker": "speaker_2",
        "text": "كانت مارفت تديب إنت خالت بابا واتربت معاهم من هي عندها سنتين إم"
    },
    {
        "start": 276.185,
        "end": 279.685,
        "speaker": "speaker_1",
        "text": "حتى مرحلة البنان دي اتهاجم فيها إنه عمل إعلان"
    },
    {
        "start": 279.685,
        "end": 281.935,
        "speaker": "speaker_3",
        "text": "كان كانتوا إعلان بيره ومعرفش إيه"
    },
    {
        "start": 281.935,
        "end": 282.935,
        "speaker": "speaker_1",
        "text": "علومات البيره"
    },
    {
        "start": 282.935,
        "end": 287.935,
        "speaker": "speaker_3",
        "text": "وكلام منك كل الفنانين بيعملوا إعلانت هوره عمل مسلسلات كمان ينا"
    },
    {
        "start": 287.935,
        "end": 288.73,
        "speaker": "speaker_1",
        "text": "أه"
    },
    {
        "start": 288.94,
        "end": 290.315,
        "speaker": "speaker_3",
        "text": "بس وحج"
    },
    {
        "start": 290.315,
        "end": 292.315,
        "speaker": "speaker_1",
        "text": "قالت لبنان كان مضطره"
    },
    {
        "start": 292.315,
        "end": 295.45,
        "speaker": "speaker_3",
        "text": "كل الممثلين بعد سبعه وستين"
    },
    {
        "start": 295.66,
        "end": 298.535,
        "speaker": "speaker_3",
        "text": "المصريين صفروا كلهم لبنان"
    },
    {
        "start": 298.535,
        "end": 298.785,
        "speaker": "speaker_1",
        "text": "أيو"
    },
    {
        "start": 298.785,
        "end": 300.89000000000004,
        "speaker": "speaker_3",
        "text": "اسمعنا ياإسمعين ياسين يعني"
    },
    {
        "start": 301.5,
        "end": 303.05,
        "speaker": "speaker_3",
        "text": "كلهم سفوا جبنان"
    },
    {
        "start": 304.14,
        "end": 305.015,
        "speaker": "speaker_1",
        "text": "أه"
    },
    {
        "start": 305.015,
        "end": 310.25,
        "speaker": "speaker_3",
        "text": "أنا بتكلم بقى بالنسبه للظروف الفنان أو الفنانين بتوع الزمن الجميل"
    },
    {
        "start": 310.78,
        "end": 314.80999999999995,
        "speaker": "speaker_3",
        "text": "أنا بطالب الدوله إنها لازم موضوع الحق الأداء العالمي"
    },
    {
        "start": 315.42,
        "end": 317.795,
        "speaker": "speaker_1",
        "text": "أه هنا بيقلد عبد الوهاب"
    },
    {
        "start": 317.795,
        "end": 319.545,
        "speaker": "speaker_2",
        "text": "فاعد ميلاد ابنه"
    },
    {
        "start": 319.545,
        "end": 320.045,
        "speaker": "speaker_1",
        "text": "ه"
    },
    {
        "start": 320.045,
        "end": 332.41,
        "speaker": "speaker_2",
        "text": "هو كان بيعمل دايما إم هو إبنه الوحيد ودايما بيحب كان بيحتفل بعيد ميلاد بابا في بيته ويعمل احتفال كبير إم و هو كان بيحب عبد الوهاب جدا وكان في بداية حياته فاكر إنه هيطلع ينافس عبد الوهاب"
    },
    {
        "start": 332.86,
        "end": 333.235,
        "speaker": "speaker_2",
        "text": "فهي"
    },
    {
        "start": 333.235,
        "end": 334.485,
        "speaker": "speaker_1",
        "text": "ينفس دلوقتي"
    },
    {
        "start": 334.485,
        "end": 339.69,
        "speaker": "speaker_2",
        "text": "هفكن الموقع إن هو بيقلد عبد الوهاب فاعد ميلاد إبنه يعني بعد ما بقى نجم"
    },
    {
        "start": 340.3,
        "end": 341.21000000000004,
        "speaker": "speaker_1",
        "text": "أهأ"
    },
    {
        "start": 341.42,
        "end": 343.295,
        "speaker": "speaker_1",
        "text": "وهو فعلا كان بيغني يعني"
    },
    {
        "start": 343.295,
        "end": 345.295,
        "speaker": "speaker_2",
        "text": "علأ هو كانت هو طالع ي أوهي"
    },
    {
        "start": 345.295,
        "end": 347.13,
        "speaker": "speaker_3",
        "text": "كها يوها"
    },
    {
        "start": 347.5,
        "end": 348.125,
        "speaker": "speaker_2",
        "text": "رب "
    },
    {
        "start": 348.125,
        "end": 350.125,
        "speaker": "speaker_3",
        "text": "نا تحت الترافه ي فرت عبد الوهاب"
    },
    {
        "start": 350.125,
        "end": 350.81,
        "speaker": "speaker_2",
        "text": "في فرح"
    },
    {
        "start": 351.26,
        "end": 355.385,
        "speaker": "speaker_1",
        "text": "فهو الفرق أعتقر إن ممكن أن يصبح حد فا"
    },
    {
        "start": 355.385,
        "end": 355.61,
        "speaker": "speaker_3",
        "text": ""
    },
    {
        "start": 355.82,
        "end": 368.195,
        "speaker": "speaker_1",
        "text": "قبل  أداي العام ده نمهم جدا هل كنت زايله وهو محمد رمضان اعتذر بعد كده لما قال أفلام إسماعيل ي سين أساءة لجندي المصري ب و وضح واعتذت"
    },
    {
        "start": 368.195,
        "end": 372.57,
        "speaker": "speaker_3",
        "text": "أنا بسبب يعني الموضوع ده أنا بطالب"
    },
    {
        "start": 373.02,
        "end": 374.81,
        "speaker": "speaker_3",
        "text": "سيادة الرئيس السيسي"
    },
    {
        "start": 375.02,
        "end": 376.89,
        "speaker": "speaker_3",
        "text": "المكره إسماعيل ياسين"
    },
    {
        "start": 377.1,
        "end": 378.57000000000005,
        "speaker": "speaker_3",
        "text": "وخاصة عيد الفن"
    },
    {
        "start": 378.78,
        "end": 381.04999999999995,
        "speaker": "speaker_3",
        "text": "ليه إمه لأن إسماعيل ياسين"
    },
    {
        "start": 381.66,
        "end": 384.97,
        "speaker": "speaker_3",
        "text": "الفنان الوحيد اللي وقف مع الجيش المصري"
    },
    {
        "start": 385.42,
        "end": 386.045,
        "speaker": "speaker_1",
        "text": "طبعا"
    },
    {
        "start": 386.045,
        "end": 398.65000000000003,
        "speaker": "speaker_3",
        "text": "هو الليعمل سلسلة الأفلام اللي كان بسبب الثوره بتاعت اتنين وخمسين كانوا عايزين الشعب بيحب الجيش ويحب يتطوع ويحب إن هو يأدي الجنديه"
    },
    {
        "start": 399.02,
        "end": 403.645,
        "speaker": "speaker_3",
        "text": "إسماعيل ياسين عمل سلسلة أفلام حبيبة الشعب فعل للا"
    },
    {
        "start": 403.645,
        "end": 410.895,
        "speaker": "speaker_1",
        "text": "إ إنه الناس يعني تشعر إنهالجيش يعني و ده كان في أعتقد فكرة عبد الناصر و"
    },
    {
        "start": 410.895,
        "end": 416.57,
        "speaker": "speaker_3",
        "text": "أيوه أه كانت من الرياسه كان أوردر من أهن الرياسه نمره إتنين سته وخمسين"
    },
    {
        "start": 417.02,
        "end": 425.53,
        "speaker": "speaker_3",
        "text": "إسماعيل ياسين اتبرع بألفين جنيه أه للمجهود الحربي والألفين جنيه يسته وخمسين متهيألي مبلغ كبير"
    },
    {
        "start": 426.3,
        "end": 434.57,
        "speaker": "speaker_1",
        "text": "يعني هنا يعني بأفلام اسماعيلياسين سلسيرة الأفلام حتى اسمهايسين في الجيش واسمهايلياسين في الصول إسماعيل ياسين"
    },
    {
        "start": 434.78,
        "end": 443.84999999999997,
        "speaker": "speaker_1",
        "text": "هذه الأفلام المختلفه والمتنوعه لأ يعني حببت الناس هذه المؤسسات اللي هي ممكن تكون"
    },
    {
        "start": 444.06,
        "end": 448.935,
        "speaker": "speaker_1",
        "text": "الناس شويه بعدش عارف"
    },
    {
        "start": 448.935,
        "end": 450.435,
        "speaker": "speaker_3",
        "text": " كنتين مكنتش "
    },
    {
        "start": 450.435,
        "end": 453.85,
        "speaker": "speaker_1",
        "text": "ما بيداخلنها من مشاعر وما بيداخلها من"
    },
    {
        "start": 454.06,
        "end": 457.185,
        "speaker": "speaker_1",
        "text": "إنا لحم دم يعني وحياه حقيقيهيعني"
    },
    {
        "start": 457.185,
        "end": 461.37,
        "speaker": "speaker_3",
        "text": "فأنا الموضوع إني عدم تكريم إسماي ياسين ده شمد عمي جدا"
    },
    {
        "start": 461.66,
        "end": 463.61,
        "speaker": "speaker_3",
        "text": "متيليه أقل شيء"
    },
    {
        "start": 464.46,
        "end": 469.28999999999996,
        "speaker": "speaker_3",
        "text": "يعني النهارده إن هو يتكرم وتكرم الدوله"
    },
    {
        "start": 469.58,
        "end": 470.455,
        "speaker": "speaker_1",
        "text": "أنا واحده "
    },
    {
        "start": 470.455,
        "end": 470.705,
        "speaker": "speaker_3",
        "text": "بك"
    },
    {
        "start": 470.705,
        "end": 471.205,
        "speaker": "speaker_2",
        "text": "الرمز"
    },
    {
        "start": 471.205,
        "end": 477.60999999999996,
        "speaker": "speaker_1",
        "text": "وصفا نصوت حضرتك هيوصل و كمان حق الأداءئ يعني انتو بتشوفو أفلام إسمايليسين كده تقعد"
    },
    {
        "start": 477.9,
        "end": 481.275,
        "speaker": "speaker_1",
        "text": "وأسرته حته تبقى مش نش حاجه تعيشه مش"
    },
    {
        "start": 481.275,
        "end": 483.28999999999996,
        "speaker": "speaker_3",
        "text": "عارفه أستاذ وائل مش إحنا بس"
    },
    {
        "start": 483.58,
        "end": 488.01,
        "speaker": "speaker_3",
        "text": "بكل أكتر فنانين الزمن الجميل في الجمعيه بتاعت"
    },
    {
        "start": 488.22,
        "end": 491.13000000000005,
        "speaker": "speaker_3",
        "text": "أبناء الزمن الجميل أناعرف ناس منهم"
    },
    {
        "start": 491.66,
        "end": 493.21000000000004,
        "speaker": "speaker_3",
        "text": "الأداء العالمي ده"
    },
    {
        "start": 493.42,
        "end": 496.49,
        "speaker": "speaker_3",
        "text": "يهقيي يحسن هيحسن معشته"
    },
    {
        "start": 496.78,
        "end": 516.49,
        "speaker": "speaker_1",
        "text": "طبعا و ما ينفعش نسيب أبناء الرموز الفنيه وعائلتهم بهذا الشكل يعني أيوه طيب سنه لو عايزه تقولي تعليق يم عنا كان نفسي لازم تقلدي وإنتي مبهره لو سأنا كنت متخيل إنه لو في سياغة فيلم عن إسماعيل ياسين و قصة حياته و كان ياسين كان عامل ده واتعمل"
    },
    {
        "start": 516.78,
        "end": 518.905,
        "speaker": "speaker_1",
        "text": "مشيعني مسلبل كمان"
    },
    {
        "start": 518.905,
        "end": 519.05,
        "speaker": "speaker_0",
        "text": ""
    },
    {
        "start": 520.3,
        "end": 522.175,
        "speaker": "speaker_1",
        "text": "كنتي إنتي تعملي حاجه فيها ده "
    },
    {
        "start": 522.175,
        "end": 523.2099999999999,
        "speaker": "speaker_3",
        "text": "الإسماعين ياسم"
    },
    {
        "start": 523.5,
        "end": 524.375,
        "speaker": "speaker_3",
        "text": ""
    },
    {
        "start": 524.375,
        "end": 526.49,
        "speaker": "speaker_1",
        "text": "طب لو قاضولك عمل إسماعيليسين"
    },
    {
        "start": 527.42,
        "end": 528.295,
        "speaker": "speaker_0",
        "text": "يعني"
    },
    {
        "start": 528.295,
        "end": 528.9699999999999,
        "speaker": "speaker_2",
        "text": ""
    },
    {
        "start": 530.22,
        "end": 532.595,
        "speaker": "speaker_0",
        "text": "مش واقفه ي صريحه "
    },
    {
        "start": 532.595,
        "end": 533.095,
        "speaker": "speaker_1",
        "text": ""
    },
    {
        "start": 533.095,
        "end": 534.25,
        "speaker": "speaker_0",
        "text": "سوف"
    },
    {
        "start": 535.18,
        "end": 536.305,
        "speaker": "speaker_0",
        "text": "اطلع أتكلم عنه أه"
    },
    {
        "start": 536.305,
        "end": 543.53,
        "speaker": "speaker_1",
        "text": "طيب تحتفظ بالجمال الإنساوي تحتفظ بالروح اسماعيل ياسين بما فيها من جمال مبهر"
    },
    {
        "start": 543.74,
        "end": 546.33,
        "speaker": "speaker_1",
        "text": "وحب للحياه وبهجه"
    },
    {
        "start": 546.94,
        "end": 551.315,
        "speaker": "speaker_1",
        "text": "سنه إيه لو عايز تقول حاجه في الن هي تتعلق بإسماعيلياسمي و"
    },
    {
        "start": 551.315,
        "end": 551.565,
        "speaker": "speaker_3",
        "text": "قى"
    },
    {
        "start": 551.565,
        "end": 556.8900000000001,
        "speaker": "speaker_0",
        "text": "أحب أقوله الله يرحمكه و دايما نكون من احيى ذكره"
    },
    {
        "start": 557.42,
        "end": 559.29,
        "speaker": "speaker_0",
        "text": "و"
    },
    {
        "start": 559.82,
        "end": 565.21,
        "speaker": "speaker_0",
        "text": "إن إن الجيل القديم مينساهوش وجيل الجديد اللي ميعرفوش يعرفوه"
    },
    {
        "start": 565.82,
        "end": 568.445,
        "speaker": "speaker_1",
        "text": "ف الناس يقولك أنا بتعلم من إسماعي ياسين"
    },
    {
        "start": 568.445,
        "end": 574.33,
        "speaker": "speaker_0",
        "text": "ربنا يحط فيزان حسنته الضحكه والابتسامه اللي حطه في سوش الناس"
    },
    {
        "start": 574.54,
        "end": 576.415,
        "speaker": "speaker_0",
        "text": "و دايما يبقى منور شيفا إن اء"
    },
    {
        "start": 576.415,
        "end": 581.29,
        "speaker": "speaker_1",
        "text": "يارب مع كل ضحكه بيضحكه الناس وكل ابتسامه"
    },
    {
        "start": 581.66,
        "end": 587.37,
        "speaker": "speaker_1",
        "text": "يعني طبعا يصنع ابتسامه ويصنع خيرا كل ده يعود عليه "
    },
    {
        "start": 588.06,
        "end": 591.685,
        "speaker": "speaker_1",
        "text": "طب مين اللي أقطلعك إن تقليد إسماعيل ياسين ممكن ميرجعتش البيت"
    },
    {
        "start": 591.685,
        "end": 592.7299999999999,
        "speaker": "speaker_3",
        "text": ""
    },
    {
        "start": 592.94,
        "end": 593.2900000000001,
        "speaker": "speaker_0",
        "text": ""
    },
    {
        "start": 593.5,
        "end": 593.77,
        "speaker": "speaker_1",
        "text": ""
    },
    {
        "start": 594.3,
        "end": 595.175,
        "speaker": "speaker_0",
        "text": "يعنيإ"
    },
    {
        "start": 595.175,
        "end": 595.925,
        "speaker": "speaker_1",
        "text": ""
    },
    {
        "start": 595.925,
        "end": 596.81,
        "speaker": "speaker_0",
        "text": "خلاص كبير"
    },
    {
        "start": 597.58,
        "end": 601.205,
        "speaker": "speaker_1",
        "text": "هل هل دي مشاعر أمومه ولا"
    },
    {
        "start": 601.205,
        "end": 605.21,
        "speaker": "speaker_0",
        "text": "يعني في جوزه أحابل أحافوظها على التيست  قدامه"
    },
    {
        "start": 605.66,
        "end": 607.035,
        "speaker": "speaker_3",
        "text": "في عن"
    },
    {
        "start": 607.035,
        "end": 608.73,
        "speaker": "speaker_1",
        "text": "الي واخده الكريهأ"
    },
    {
        "start": 608.94,
        "end": 614.315,
        "speaker": "speaker_0",
        "text": "يعني لأ خلاص و في بقى ولاد يعني لو يعني لو لمحوني كده يعني"
    },
    {
        "start": 614.315,
        "end": 618.065,
        "speaker": "speaker_1",
        "text": "بيسيجي بس أنا لو أعرف أقل اسماي يسين قلده بس معرفش"
    },
    {
        "start": 618.065,
        "end": 621.0500000000001,
        "speaker": "speaker_0",
        "text": "ما هو أنا بعرف بس بجد يعني دلوقتي مش هعرف"
    },
    {
        "start": 621.34,
        "end": 621.61,
        "speaker": "speaker_2",
        "text": ""
    },
    {
        "start": 622.14,
        "end": 624.265,
        "speaker": "speaker_1",
        "text": "ادخل قلي ياسين"
    },
    {
        "start": 624.265,
        "end": 624.65,
        "speaker": "speaker_2",
        "text": "هم"
    },
    {
        "start": 624.94,
        "end": 625.21,
        "speaker": "speaker_1",
        "text": ""
    },
    {
        "start": 626.62,
        "end": 629.69,
        "speaker": "speaker_1",
        "text": "بتحب إسماعيل ياسين أوي"
    },
    {
        "start": 630.14,
        "end": 631.77,
        "speaker": "speaker_1",
        "text": "أه وبتقعد تشوف الأفلام"
    },
    {
        "start": 632.22,
        "end": 632.89,
        "speaker": "speaker_4",
        "text": "لما "
    },
    {
        "start": 633.26,
        "end": 633.53,
        "speaker": "speaker_2",
        "text": "ي"
    },
    {
        "start": 633.74,
        "end": 634.8100000000001,
        "speaker": "speaker_4",
        "text": "ساعات وساعات"
    },
    {
        "start": 635.02,
        "end": 635.93,
        "speaker": "speaker_4",
        "text": " يعني"
    },
    {
        "start": 636.46,
        "end": 638.73,
        "speaker": "speaker_4",
        "text": "لما الفيلم بيكون مش بيضحك أوي"
    },
    {
        "start": 639.02,
        "end": 640.395,
        "speaker": "speaker_4",
        "text": "مش بتفرج عليه الكانمش"
    },
    {
        "start": 640.395,
        "end": 645.85,
        "speaker": "speaker_1",
        "text": "يعني بتفهم بتفهم الضحك بتاع اسما ده دحك زمان ستينيات وخمسينياتو"
    },
    {
        "start": 646.7,
        "end": 647.21,
        "speaker": "speaker_1",
        "text": "إه"
    },
    {
        "start": 648.86,
        "end": 650.97,
        "speaker": "speaker_1",
        "text": "طيب نفسه تبقى إيه ياسين"
    },
    {
        "start": 651.42,
        "end": 651.77,
        "speaker": "speaker_4",
        "text": "أنا"
    },
    {
        "start": 652.78,
        "end": 657.93,
        "speaker": "speaker_4",
        "text": "هوأنا بقولها بس ماما بتقولي لازم تكوب بتجيب شغلك معاعشان تعروف تو كل"
    },
    {
        "start": 658.14,
        "end": 660.765,
        "speaker": "speaker_4",
        "text": "بور بس لازم أجيب شورب مش عارفه تشتغل"
    },
    {
        "start": 660.765,
        "end": 664.765,
        "speaker": "speaker_1",
        "text": " يعني لاعب الكوره محتاج ده الناس دلوقيت النس خلها تتيعمل في الملاعب"
    },
    {
        "start": 664.765,
        "end": 666.765,
        "speaker": "speaker_0",
        "text": "خلص إيك وش هي ده الكور"
    },
    {
        "start": 666.765,
        "end": 668.015,
        "speaker": "speaker_1",
        "text": "أه يعني"
    },
    {
        "start": 668.015,
        "end": 671.61,
        "speaker": "speaker_2",
        "text": "لأ ما هو أنا لو لو قولنا لعيب كوره هنسيب المذاكره"
    },
    {
        "start": 671.82,
        "end": 672.445,
        "speaker": "speaker_2",
        "text": "إحنا "
    },
    {
        "start": 672.445,
        "end": 673.695,
        "speaker": "speaker_1",
        "text": "تجمع ما بيني يده"
    },
    {
        "start": 673.695,
        "end": 675.85,
        "speaker": "speaker_2",
        "text": "حبط فلازم يبقى حاجه تانيه"
    },
    {
        "start": 676.38,
        "end": 677.755,
        "speaker": "speaker_1",
        "text": "طيب "
    },
    {
        "start": 677.755,
        "end": 681.29,
        "speaker": "speaker_0",
        "text": "ون بعينا نلعب كوره يعني أنا شخصيا كنعينا ألعب كوره"
    },
    {
        "start": 681.58,
        "end": 687.955,
        "speaker": "speaker_1",
        "text": "دباكي والله هو كان ممكن عندنا فريق نسائل و كان لعب كويس كوره يعني"
    },
    {
        "start": 687.955,
        "end": 688.955,
        "speaker": "speaker_3",
        "text": "عيبك ش"
    },
    {
        "start": 688.955,
        "end": 689.455,
        "speaker": "speaker_0",
        "text": "بسن النار ا"
    },
    {
        "start": 689.455,
        "end": 690.705,
        "speaker": "speaker_3",
        "text": "ده ارايحها الرفه ب"
    },
    {
        "start": 690.705,
        "end": 695.45,
        "speaker": "speaker_1",
        "text": "الصواره عشان لازم اطلع يعني إيه اللي عايز تميه الناس"
    },
    {
        "start": 695.9,
        "end": 701.275,
        "speaker": "speaker_1",
        "text": "جمله على الإسماعيل ياسين إنتي إنتي قولتلنا جوانب حته مهمه فيا نوعاي سئولي جمله أخيره"
    },
    {
        "start": 701.275,
        "end": 718.0,
        "speaker": "speaker_2",
        "text": "إنه إسمايل ياسين مش بس فنان هما شافوه بشكل يعني يشفو بشكل تاني بتدوا يشوفوا إسمانياتين بشكل تاني يركتوا في الأفلام مع شويه لأنه للأسف دلوقتي ناس مفرجش على لفلا"
    }
]