[
    {
        "start": 0.0,
        "end": 4.76,
        "speaker": "speaker_3",
        "text": "تواحاجه في حياتكو في هذا المسلسل إنكو بتغيروا واقع"
    },
    {
        "start": 4.76,
        "end": 7.72,
        "speaker": "speaker_0",
        "text": "و ده دور الفن و ده دور الفن"
    },
    {
        "start": 7.8,
        "end": 12.08,
        "speaker": "speaker_2",
        "text": "بشكل بشكل كبير شكرا ليكم مرالله أخرا"
    },
    {
        "start": 12.12,
        "end": 14.92,
        "speaker": "speaker_1",
        "text": "فاصل و نرجع نواصل حاله خاصه"
    }
]