[
    {
        "start": 0.0,
        "end": 1.84,
        "speaker": "speaker_7",
        "text": "يعني حكمه"
    },
    {
        "start": 1.96,
        "end": 4.16,
        "speaker": "speaker_1",
        "text": "يعني هو مشهد اتعمل في شكل درامي بشكل"
    },
    {
        "start": 4.24,
        "end": 7.4,
        "speaker": "speaker_7",
        "text": "ستوري حدوته يعني بس في حكمه لكل"
    },
    {
        "start": 8.32,
        "end": 10.6,
        "speaker": "speaker_6",
        "text": "أم لكل أب كل عيله"
    },
    {
        "start": 10.68,
        "end": 13.72,
        "speaker": "speaker_5",
        "text": "عندها بنت هتتجوز إنه مش لازم الأربعه داف يعني"
    },
    {
        "start": 13.8,
        "end": 16.68,
        "speaker": "speaker_0",
        "text": "ماتجوزتيش مرات أنا  إتجوزتي مربان"
    },
    {
        "start": 16.72,
        "end": 18.28,
        "speaker": "speaker_2",
        "text": "يعني كنش بربع ب"
    },
    {
        "start": 18.52,
        "end": 22.36,
        "speaker": "speaker_4",
        "text": "وأنا با"
    },
    {
        "start": 22.44,
        "end": 22.88,
        "speaker": "speaker_7",
        "text": "الحمس"
    },
    {
        "start": 22.88,
        "end": 24.68,
        "speaker": "speaker_1",
        "text": "ساعات بتدوظ فعلى الجوازات"
    },
    {
        "start": 24.84,
        "end": 27.88,
        "speaker": "speaker_3",
        "text": "مش ساعات مجمعه من الأوقات بصي لو مشئسة حكب"
    },
    {
        "start": 27.92,
        "end": 29.8,
        "speaker": "speaker_4",
        "text": "حقيقيه فعلا بين الولد والبنت"
    },
    {
        "start": 30.04,
        "end": 31.84,
        "speaker": "speaker_2",
        "text": "وحصنت الجوزه بشكل تقليدي"
    }
]