[
    {
        "start": 0.0,
        "end": 3.72,
        "speaker": "speaker_0",
        "text": "مختلفه أو عبرت عنها بشكل جميل جدا فأنا ده"
    },
    {
        "start": 3.96,
        "end": 5.28,
        "speaker": "speaker_2",
        "text": "لابس لمسز"
    },
    {
        "start": 5.64,
        "end": 7.56,
        "speaker": "speaker_0",
        "text": "لأ ول يعني في أول لبس نا"
    },
    {
        "start": 7.56,
        "end": 10.36,
        "speaker": "speaker_2",
        "text": "عمنا فكر وقلق إن الداره كان لبس لامس"
    },
    {
        "start": 10.36,
        "end": 15.76,
        "speaker": "speaker_0",
        "text": "ماه تقطعت في النص وكملت من غيرها كانت مساعدانه سكشايف حاجه كان سعيدها ما كنت"
    },
    {
        "start": 16.0,
        "end": 18.68,
        "speaker": "speaker_2",
        "text": "ما إن بالظبط إحنا ليه لأن الداره هتشوف ازاي بالظبط"
    },
    {
        "start": 18.8,
        "end": 20.08,
        "speaker": "speaker_0",
        "text": "أنا ساعيدني في الدور جد"
    },
    {
        "start": 20.24,
        "end": 21.32,
        "speaker": "speaker_2",
        "text": "مشيت وانت مغبش"
    },
    {
        "start": 21.52,
        "end": 26.4,
        "speaker": "speaker_0",
        "text": "أه يعني مركز نا في يعني أنا أصلا من غير النضاره مبشوفش البعيد"
    },
    {
        "start": 26.52,
        "end": 27.68,
        "speaker": "speaker_2",
        "text": "طب وبعدين طيب"
    },
    {
        "start": 27.72,
        "end": 30.16,
        "speaker": "speaker_0",
        "text": "تمام ما أنا بتعامل على القريبين الممثلين اللي"
    },
    {
        "start": 32.0,
        "end": 32.32,
        "speaker": "speaker_2",
        "text": "شايف"
    },
    {
        "start": 33.52,
        "end": 34.48,
        "speaker": "speaker_1",
        "text": "ي"
    },
    {
        "start": 34.68,
        "end": 46.72,
        "speaker": "speaker_2",
        "text": "خلينا في الخلينا في القريب المسلسل صعب يعني بتعيلي عليكو كلكو مش بس على على طاهر المسلسل مش سهل حسن المسلسل ده كان صعب و لا سهل بالنسبالي"
    },
    {
        "start": 46.92,
        "end": 47.56,
        "speaker": "speaker_1",
        "text": "في الواقع"
    },
    {
        "start": 48.2,
        "end": 49.56,
        "speaker": "speaker_2",
        "text": "أيوه صابه"
    },
    {
        "start": 49.88,
        "end": 50.76,
        "speaker": "speaker_0",
        "text": "لنا بس"
    },
    {
        "start": 51.16,
        "end": 54.88,
        "speaker": "speaker_2",
        "text": "لبس  في بقى هنا شراشيب الشكت"
    },
    {
        "start": 55.32,
        "end": 59.16,
        "speaker": "speaker_1",
        "text": "اك ده بت جوس خلت الأرحم العظيم حسام الدين مصطفى"
    },
    {
        "start": 59.2,
        "end": 60.4,
        "speaker": "speaker_2",
        "text": "أه يا سلام لا لا"
    },
    {
        "start": 60.48,
        "end": 62.08,
        "speaker": "speaker_1",
        "text": "لا يوشو في المصيده الدراسه"
    },
    {
        "start": 62.92,
        "end": 64.44,
        "speaker": "speaker_2",
        "text": "في حاجات ورينه كده ي"
    },
    {
        "start": 64.52,
        "end": 77.96000000000001,
        "speaker": "speaker_1",
        "text": "تفائل بيها أو ك روف العين والله و لا المسلسل ده أنا حبيته أوي المسلسلات يعني ربه القلب جدا أنا بحب الأدوار اللي بتبقى ليها طعم كده ولون واضحه أوي وليه"
    }
]