[
    {
        "start": 0.0,
        "end": 11.4,
        "speaker": "speaker_0",
        "text": "بس طول عمرنا من أول ما وتش يعني الحمد لله اخترافها كلها من أول بلطه وجيفو كل الكلام ده ونجح مع الناس والتحدي دايما إن إحنا نقدر نوصل رسال لناس بس"
    },
    {
        "start": 11.44,
        "end": 14.68,
        "speaker": "speaker_1",
        "text": "إنتو خالي  يعني ملاحظه إن كل ده بطولاتش شببيه كلها"
    },
    {
        "start": 14.68,
        "end": 25.96,
        "speaker": "speaker_0",
        "text": "أبتظطين إحنا قاصدين و طبعا التحديات اللي موجوده دلوقتي في اميزينيات في في اللي إحنا عايشين فيه هو ده كمان اللي بيساعدنا وفكرة إن إحنا نساعد كلنا كل وتشة شباب أولا"
    }
]