[
    {
        "start": 0.0,
        "end": 16.56,
        "speaker": "speaker_0",
        "text": "ين يقولوا كلمه هنقول كذا كذا كذا كذا كذا اقترح يعني ده مجرد إن هو يدخل يفكر فيها و هو أكتر واحد تعبان إحنا المسلسل لو احنا هنشتغل أو هنتكلم ستاشر ساعه و كلام من ده يعني هذا البني ادم ممكن يقعد أكتر مننا في كتير أنا مش عايز أقول بقى مخرج"
    },
    {
        "start": 17.2,
        "end": 19.28,
        "speaker": "speaker_1",
        "text": "مش هنخرج ب نا"
    },
    {
        "start": 19.32,
        "end": 35.76,
        "speaker": "speaker_0",
        "text": "هو البنيت ن بجد يعني هو كونو إن هو مخرج دي خلاص لاجدل فيها لكن هو بني آدم لجد فيجي ونبقى ده مخلاص حب يطلع لينا قول لأ متقولش كذا قول كذا لا هنا مش هينفع ينا مين كذا وليه كذا فتيجي كمان"
    },
    {
        "start": 36.44,
        "end": 50.96,
        "speaker": "speaker_1",
        "text": "أ وإحنا كنا بنتكلم فيها ل بنبتدي فكرة إن كل ممثل أو ممثله بيبقى ليه ستايل مي أول ناس شايفاه في شكل معاين في البنوته في الأدرس شويه في يعني كل حد كده ليه صوره ذهنيه إنت كمخرج ممكن يتع"
    }
]