[
    {
        "start": 0.0,
        "end": 0.73,
        "speaker": "speaker_2",
        "text": "لعب في الآخر"
    },
    {
        "start": 1.1,
        "end": 3.725,
        "speaker": "speaker_2",
        "text": "فرصه صيب وله إنت زعل مني في حاجابني"
    },
    {
        "start": 3.475,
        "end": 3.725,
        "speaker": "speaker_1",
        "text": "راح"
    },
    {
        "start": 3.725,
        "end": 6.225,
        "speaker": "speaker_1",
        "text": "علفت مني كأحسن لا أحسن"
    },
    {
        "start": 6.225,
        "end": 11.975,
        "speaker": "speaker_0",
        "text": "أكتر مشهد عبتوه إنتو عتوه كلكو أو يعني عدتوه في المسلسل"
    },
    {
        "start": 6.225,
        "end": 6.475,
        "speaker": "speaker_1",
        "text": "ه"
    },
    {
        "start": 11.725,
        "end": 11.975,
        "speaker": "speaker_1",
        "text": ""
    },
    {
        "start": 11.975,
        "end": 21.29,
        "speaker": "speaker_1",
        "text": "هو غالبا المشاهد الي بيبقى فيها كلنا كل العضد المكتب أه لكن بيبقى في تشمان كده في حد بيسقط حد بيقول حاج أو حد بتحصن حاجه"
    },
    {
        "start": 11.975,
        "end": 12.225,
        "speaker": "speaker_0",
        "text": ""
    },
    {
        "start": 21.66,
        "end": 24.785,
        "speaker": "speaker_0",
        "text": "في موقف أبل كدس ن بستح أوي أوي عنا نضحك"
    },
    {
        "start": 24.535,
        "end": 24.785,
        "speaker": "speaker_1",
        "text": ""
    },
    {
        "start": 24.785,
        "end": 25.285,
        "speaker": "speaker_1",
        "text": "سمر"
    },
    {
        "start": 24.785,
        "end": 25.035,
        "speaker": "speaker_0",
        "text": "ألب"
    },
    {
        "start": 25.285,
        "end": 25.61,
        "speaker": "speaker_0",
        "text": "را"
    },
    {
        "start": 25.285,
        "end": 25.61,
        "speaker": "speaker_1",
        "text": "را"
    },
    {
        "start": 25.82,
        "end": 30.695,
        "speaker": "speaker_1",
        "text": "الخناقه أه الخناقه هو اللي اتعرض ده اللي هو كان في كذا حرك بقى"
    },
    {
        "start": 30.445,
        "end": 30.695,
        "speaker": "speaker_0",
        "text": "ل"
    },
    {
        "start": 30.695,
        "end": 30.945,
        "speaker": "speaker_0",
        "text": "س"
    },
    {
        "start": 30.695,
        "end": 30.945,
        "speaker": "speaker_1",
        "text": "س"
    },
    {
        "start": 30.945,
        "end": 33.05,
        "speaker": "speaker_1",
        "text": " هو ببيحاول يضحك على نديم"
    },
    {
        "start": 30.945,
        "end": 31.445,
        "speaker": "speaker_0",
        "text": "دي"
    },
    {
        "start": 33.42,
        "end": 33.93,
        "speaker": "speaker_1",
        "text": ""
    },
    {
        "start": 34.46,
        "end": 37.835,
        "speaker": "speaker_0",
        "text": "طب يعني إنت لسه عريس جديد مش كده مالك"
    },
    {
        "start": 37.585,
        "end": 37.835,
        "speaker": "speaker_1",
        "text": "لك"
    },
    {
        "start": 37.835,
        "end": 40.49,
        "speaker": "speaker_1",
        "text": " من شهر تمانيه"
    },
    {
        "start": 37.835,
        "end": 39.085,
        "speaker": "speaker_0",
        "text": " الحمد لله"
    },
    {
        "start": 40.7,
        "end": 42.825,
        "speaker": "speaker_1",
        "text": "الأسئله دي وقعه على فكرهدي م"
    },
    {
        "start": 42.825,
        "end": 46.17,
        "speaker": "speaker_0",
        "text": "مش ل خالص ميش مقيبه هو مفيش أ"
    },
    {
        "start": 42.825,
        "end": 43.075,
        "speaker": "speaker_1",
        "text": "عشم"
    },
    {
        "start": 45.825,
        "end": 46.17,
        "speaker": "speaker_1",
        "text": ""
    },
    {
        "start": 46.38,
        "end": 47.005,
        "speaker": "speaker_1",
        "text": ""
    },
    {
        "start": 46.38,
        "end": 47.005,
        "speaker": "speaker_0",
        "text": ""
    },
    {
        "start": 47.005,
        "end": 53.005,
        "speaker": "speaker_0",
        "text": "يعني إنت من شهر تمانيه عد على سبع كده لا ست شهر أه الحمد لله يعني من"
    },
    {
        "start": 52.755,
        "end": 53.005,
        "speaker": "speaker_1",
        "text": "بس"
    },
    {
        "start": 53.005,
        "end": 54.330000000000005,
        "speaker": "speaker_1",
        "text": "نسمت حزب"
    },
    {
        "start": 54.86,
        "end": 55.37,
        "speaker": "speaker_1",
        "text": "جي"
    },
    {
        "start": 55.74,
        "end": 57.115,
        "speaker": "speaker_0",
        "text": "حت يزين  نت"
    },
    {
        "start": 56.865,
        "end": 57.115,
        "speaker": "speaker_1",
        "text": ""
    },
    {
        "start": 57.115,
        "end": 59.115,
        "speaker": "speaker_1",
        "text": "ميب وي"
    },
    {
        "start": 57.115,
        "end": 57.365,
        "speaker": "speaker_0",
        "text": "نيه"
    },
    {
        "start": 58.865,
        "end": 59.115,
        "speaker": "speaker_0",
        "text": "ش"
    },
    {
        "start": 59.115,
        "end": 59.615,
        "speaker": "speaker_0",
        "text": "جزي"
    },
    {
        "start": 59.115,
        "end": 59.615,
        "speaker": "speaker_1",
        "text": "جزي"
    },
    {
        "start": 59.615,
        "end": 60.365,
        "speaker": "speaker_1",
        "text": ""
    },
    {
        "start": 59.615,
        "end": 60.365,
        "speaker": "speaker_0",
        "text": ""
    },
    {
        "start": 60.365,
        "end": 62.615,
        "speaker": "speaker_0",
        "text": "هي بسراعه مفيش ولا سوره"
    },
    {
        "start": 60.365,
        "end": 60.865,
        "speaker": "speaker_1",
        "text": "ا"
    },
    {
        "start": 62.365,
        "end": 62.615,
        "speaker": "speaker_1",
        "text": "ربت"
    },
    {
        "start": 62.615,
        "end": 68.11500000000001,
        "speaker": "speaker_1",
        "text": "ل دي عايزه أصل ده أكتر يوم موكر في الدنيا ليه مش عارف الأفراحد"
    },
    {
        "start": 62.615,
        "end": 63.865,
        "speaker": "speaker_0",
        "text": "لحك لا هو  هي دي"
    },
    {
        "start": 68.115,
        "end": 70.25,
        "speaker": "speaker_0",
        "text": "إنت بتسامه البنت بتضحك"
    },
    {
        "start": 70.46,
        "end": 71.835,
        "speaker": "speaker_0",
        "text": "عروسه اسمعنا ديم"
    },
    {
        "start": 71.585,
        "end": 71.835,
        "speaker": "speaker_1",
        "text": ""
    },
    {
        "start": 71.835,
        "end": 72.585,
        "speaker": "speaker_1",
        "text": "مادين"
    },
    {
        "start": 71.835,
        "end": 72.085,
        "speaker": "speaker_0",
        "text": "أناعي"
    },
    {
        "start": 72.335,
        "end": 72.585,
        "speaker": "speaker_0",
        "text": ""
    },
    {
        "start": 72.585,
        "end": 73.335,
        "speaker": "speaker_0",
        "text": "أيوه تاني"
    },
    {
        "start": 73.335,
        "end": 75.28999999999999,
        "speaker": "speaker_1",
        "text": "ي كانت شوديان أه أيوه"
    },
    {
        "start": 75.66,
        "end": 76.00999999999999,
        "speaker": "speaker_1",
        "text": ""
    },
    {
        "start": 76.22,
        "end": 76.49,
        "speaker": "speaker_1",
        "text": ""
    },
    {
        "start": 76.22,
        "end": 76.49,
        "speaker": "speaker_0",
        "text": ""
    },
    {
        "start": 78.06,
        "end": 78.33,
        "speaker": "speaker_0",
        "text": "خن"
    },
    {
        "start": 78.62,
        "end": 79.05000000000001,
        "speaker": "speaker_0",
        "text": "إزاي"
    },
    {
        "start": 79.34,
        "end": 81.465,
        "speaker": "speaker_1",
        "text": "أهو بنضحك أو أهو إيه"
    },
    {
        "start": 81.465,
        "end": 82.965,
        "speaker": "speaker_0",
        "text": "وره الوحيده اللي بتضحك فيها"
    },
    {
        "start": 81.465,
        "end": 81.965,
        "speaker": "speaker_1",
        "text": "ورا الوحي"
    },
    {
        "start": 82.965,
        "end": 87.715,
        "speaker": "speaker_1",
        "text": "لا لا في والله لصور بس في سور كاريزما بقى بتكاريس أه بنبقى عاملين كاريزمك"
    },
    {
        "start": 86.215,
        "end": 86.965,
        "speaker": "speaker_0",
        "text": "ريس أه "
    },
    {
        "start": 87.715,
        "end": 89.715,
        "speaker": "speaker_0",
        "text": "يقولك المصور الديني بقى جو الزان"
    },
    {
        "start": 89.715,
        "end": 93.465,
        "speaker": "speaker_1",
        "text": "سه كده أه أه محمد حلمي معاه في لي"
    },
    {
        "start": 89.715,
        "end": 89.965,
        "speaker": "speaker_0",
        "text": "كمات"
    },
    {
        "start": 93.465,
        "end": 95.29,
        "speaker": "speaker_0",
        "text": "لكن يعني"
    },
    {
        "start": 95.5,
        "end": 99.875,
        "speaker": "speaker_0",
        "text": "إنت لسه صغير حسس إنه حنه وقت الزواج يعني وكده"
    },
    {
        "start": 99.875,
        "end": 105.37,
        "speaker": "speaker_1",
        "text": "والله الموضوع ده بيضايقني جدا أنا مش صغير يا جماعه أنا كبير وعائل معاك التاقف"
    },
    {
        "start": 99.875,
        "end": 100.125,
        "speaker": "speaker_0",
        "text": ""
    },
    {
        "start": 105.58,
        "end": 106.955,
        "speaker": "speaker_0",
        "text": " عندك كام سنه"
    },
    {
        "start": 106.955,
        "end": 107.955,
        "speaker": "speaker_1",
        "text": "واحد وتلاتين"
    },
    {
        "start": 106.955,
        "end": 107.205,
        "speaker": "speaker_0",
        "text": "واحد"
    },
    {
        "start": 107.705,
        "end": 107.955,
        "speaker": "speaker_0",
        "text": "إمت"
    },
    {
        "start": 107.955,
        "end": 108.57,
        "speaker": "speaker_0",
        "text": "يبلسه"
    },
    {
        "start": 107.955,
        "end": 108.205,
        "speaker": "speaker_1",
        "text": "يبن"
    },
    {
        "start": 109.02,
        "end": 110.145,
        "speaker": "speaker_0",
        "text": "ماشه في البدايه"
    },
    {
        "start": 109.02,
        "end": 109.395,
        "speaker": "speaker_1",
        "text": "ماشي"
    },
    {
        "start": 110.145,
        "end": 111.395,
        "speaker": "speaker_1",
        "text": "مشينا صغير"
    },
    {
        "start": 110.145,
        "end": 110.395,
        "speaker": "speaker_0",
        "text": "ومي"
    },
    {
        "start": 111.145,
        "end": 111.395,
        "speaker": "speaker_0",
        "text": "لأ"
    },
    {
        "start": 111.395,
        "end": 114.895,
        "speaker": "speaker_0",
        "text": "لسة حب بقى ما كشر جيان أوكه"
    },
    {
        "start": 111.395,
        "end": 111.645,
        "speaker": "speaker_1",
        "text": "مسه"
    },
    {
        "start": 114.895,
        "end": 116.33,
        "speaker": "speaker_1",
        "text": "الكشيف ده"
    },
    {
        "start": 116.54,
        "end": 118.09,
        "speaker": "speaker_0",
        "text": "دي لتين أيوه"
    },
    {
        "start": 118.3,
        "end": 120.425,
        "speaker": "speaker_0",
        "text": "هي أكيد هرمانيه مش كده ده اسمه"
    },
    {
        "start": 120.425,
        "end": 128.73,
        "speaker": "speaker_1",
        "text": "هيا باباها أه لأ هي نادين يعني أنا بقولها دايما نش السعد علشان وهي"
    },
    {
        "start": 120.425,
        "end": 120.675,
        "speaker": "speaker_0",
        "text": "إيه"
    },
    {
        "start": 129.18,
        "end": 130.97,
        "speaker": "speaker_1",
        "text": "النهارده بقعد من أربع سنين"
    },
    {
        "start": 131.66,
        "end": 136.09,
        "speaker": "speaker_1",
        "text": "وهي بتشتغل ستايلست أر دريكتر وبرستنج براندنج"
    },
    {
        "start": 136.78,
        "end": 143.13,
        "speaker": "speaker_1",
        "text": "فكانت فاهمه أوي يعني يمكن دي أكتر حاجه بحبها في نجي إن هي فهمه أوي شغلي"
    },
    {
        "start": 143.58,
        "end": 145.21,
        "speaker": "speaker_1",
        "text": "ففي كده"
    },
    {
        "start": 146.22,
        "end": 150.095,
        "speaker": "speaker_1",
        "text": "إمبوت يعني فاهم ال في اللي أنا بعمله مش"
    },
    {
        "start": 150.095,
        "end": 151.345,
        "speaker": "speaker_0",
        "text": "بتدعمك يعني"
    },
    {
        "start": 150.095,
        "end": 150.345,
        "speaker": "speaker_1",
        "text": "بيت"
    },
    {
        "start": 151.345,
        "end": 152.595,
        "speaker": "speaker_1",
        "text": "جدا جدادا"
    },
    {
        "start": 152.345,
        "end": 152.595,
        "speaker": "speaker_0",
        "text": ""
    },
    {
        "start": 152.595,
        "end": 153.93,
        "speaker": "speaker_0",
        "text": "ز صعب حاجه في الجواز إيه"
    },
    {
        "start": 152.595,
        "end": 152.845,
        "speaker": "speaker_1",
        "text": ""
    },
    {
        "start": 154.54,
        "end": 157.60999999999999,
        "speaker": "speaker_1",
        "text": "أصعب حاجه في أنا كنت عايش لوحدي أم قبل ما أتجوز"
    },
    {
        "start": 157.98,
        "end": 161.60999999999999,
        "speaker": "speaker_1",
        "text": "قعدت سنتين عشر لوحدي فالواحد م بيبقاش لوحده بيبقى"
    },
    {
        "start": 162.46,
        "end": 169.69,
        "speaker": "speaker_1",
        "text": "تمام أنا لوحد يعني فيي في جوه لواحد حيوان كده صغير بيطلع في البيت ر حاجتي كل حته"
    },
    {
        "start": 169.9,
        "end": 172.525,
        "speaker": "speaker_1",
        "text": "فده كان صعبي بقى انا عرفنا بقى الحاجات دي"
    },
    {
        "start": 172.275,
        "end": 172.525,
        "speaker": "speaker_0",
        "text": "ه"
    },
    {
        "start": 172.525,
        "end": 174.275,
        "speaker": "speaker_0",
        "text": "أسعل حاجه في الجواز هي"
    },
    {
        "start": 172.525,
        "end": 172.775,
        "speaker": "speaker_1",
        "text": "كي"
    },
    {
        "start": 174.025,
        "end": 174.275,
        "speaker": "speaker_2",
        "text": "زي"
    },
    {
        "start": 174.275,
        "end": 176.525,
        "speaker": "speaker_2",
        "text": "الواحد بيساعدماتجوزن حسننا بيت بره"
    },
    {
        "start": 176.525,
        "end": 178.65,
        "speaker": "speaker_1",
        "text": "ي"
    },
    {
        "start": 176.525,
        "end": 177.275,
        "speaker": "speaker_0",
        "text": ""
    },
    {
        "start": 177.275,
        "end": 178.275,
        "speaker": "speaker_2",
        "text": " إيه"
    },
    {
        "start": 178.275,
        "end": 178.65,
        "speaker": "speaker_0",
        "text": ""
    },
    {
        "start": 178.86,
        "end": 181.235,
        "speaker": "speaker_1",
        "text": "مكروض ولا بمزاجك يعني"
    },
    {
        "start": 178.86,
        "end": 179.485,
        "speaker": "speaker_0",
        "text": ""
    },
    {
        "start": 180.985,
        "end": 181.235,
        "speaker": "speaker_2",
        "text": "يعن"
    },
    {
        "start": 181.235,
        "end": 181.93,
        "speaker": "speaker_2",
        "text": "مش فاهم"
    },
    {
        "start": 181.235,
        "end": 181.485,
        "speaker": "speaker_1",
        "text": "بس"
    },
    {
        "start": 182.46,
        "end": 185.335,
        "speaker": "speaker_2",
        "text": "حلو بصراحه الجوايزي الفلزي"
    },
    {
        "start": 185.085,
        "end": 185.335,
        "speaker": "speaker_1",
        "text": "ده"
    },
    {
        "start": 185.335,
        "end": 185.835,
        "speaker": "speaker_1",
        "text": ""
    },
    {
        "start": 185.335,
        "end": 185.835,
        "speaker": "speaker_2",
        "text": ""
    },
    {
        "start": 185.835,
        "end": 186.585,
        "speaker": "speaker_2",
        "text": "ده اللي بعده"
    },
    {
        "start": 185.835,
        "end": 186.585,
        "speaker": "speaker_1",
        "text": "ده اللي بعده"
    },
    {
        "start": 186.585,
        "end": 187.45000000000002,
        "speaker": "speaker_1",
        "text": "الدالي"
    },
    {
        "start": 186.585,
        "end": 186.835,
        "speaker": "speaker_2",
        "text": "نت"
    },
    {
        "start": 188.06,
        "end": 192.185,
        "speaker": "speaker_0",
        "text": "عندك ألبون جديد نازل بأغاني منها أغنيه الفلسطين هزن"
    },
    {
        "start": 191.935,
        "end": 192.185,
        "speaker": "speaker_2",
        "text": ""
    },
    {
        "start": 192.185,
        "end": 193.185,
        "speaker": "speaker_2",
        "text": "هو إن شاء الله يعني"
    },
    {
        "start": 192.185,
        "end": 192.435,
        "speaker": "speaker_0",
        "text": ""
    },
    {
        "start": 192.935,
        "end": 193.185,
        "speaker": "speaker_0",
        "text": ""
    },
    {
        "start": 193.185,
        "end": 194.935,
        "speaker": "speaker_0",
        "text": "مين اللي غنا"
    },
    {
        "start": 194.935,
        "end": 195.185,
        "speaker": "speaker_1",
        "text": ""
    },
    {
        "start": 194.935,
        "end": 195.185,
        "speaker": "speaker_2",
        "text": ""
    },
    {
        "start": 195.185,
        "end": 195.93,
        "speaker": "speaker_2",
        "text": "يعني"
    },
    {
        "start": 196.14,
        "end": 203.45,
        "speaker": "speaker_2",
        "text": "بنعم القضايا كده إن شاء الله بطريقتي يعني إنتي عارفه أنا دايما بحب أعمل أغاني والحمد لله الناس تقبلت ده"
    },
    {
        "start": 203.74,
        "end": 209.115,
        "speaker": "speaker_2",
        "text": "فقولت يعني أقول رساله غيني بقى عملت مسلسل فيه رساله بقى حبيت مداهر رساله د"
    },
    {
        "start": 208.865,
        "end": 209.115,
        "speaker": "speaker_0",
        "text": "حل"
    },
    {
        "start": 209.115,
        "end": 210.365,
        "speaker": "speaker_0",
        "text": "نتي تستعيد"
    },
    {
        "start": 210.365,
        "end": 210.865,
        "speaker": "speaker_2",
        "text": ""
    },
    {
        "start": 210.365,
        "end": 210.615,
        "speaker": "speaker_0",
        "text": ""
    },
    {
        "start": 210.865,
        "end": 212.81,
        "speaker": "speaker_1",
        "text": "ي عسينكا كمره س"
    },
    {
        "start": 210.865,
        "end": 211.115,
        "speaker": "speaker_2",
        "text": ""
    },
    {
        "start": 213.42,
        "end": 222.545,
        "speaker": "speaker_2",
        "text": "فقولت أعول حاجه يعني ليها ليها ليها كويس أو ليها سبب فعام إن شاء الله وغنيها الفستين وتأثر بيها من الفنان شعبان عبد الرحيم"
    },
    {
        "start": 222.295,
        "end": 222.545,
        "speaker": "speaker_0",
        "text": ""
    },
    {
        "start": 222.545,
        "end": 222.97,
        "speaker": "speaker_0",
        "text": ""
    },
    {
        "start": 223.5,
        "end": 227.375,
        "speaker": "speaker_2",
        "text": "لا بكره إسرائيل و نا مستأل تأسر يعني الموضوع ده"
    },
    {
        "start": 227.375,
        "end": 231.53,
        "speaker": "speaker_0",
        "text": "هو خلاص بحط إيده راص أنا لازم أقفل ال"
    },
    {
        "start": 227.375,
        "end": 227.625,
        "speaker": "speaker_2",
        "text": "و"
    },
    {
        "start": 231.82,
        "end": 238.945,
        "speaker": "speaker_0",
        "text": "فلازر أقولك إن أنا يعني صعيده إن انت لابس الذكار في الفلسطيني يعني ده شيء"
    },
    {
        "start": 232.195,
        "end": 232.695,
        "speaker": "speaker_2",
        "text": "ب"
    },
    {
        "start": 238.945,
        "end": 239.195,
        "speaker": "speaker_1",
        "text": "يا"
    },
    {
        "start": 238.945,
        "end": 239.195,
        "speaker": "speaker_0",
        "text": "يا"
    },
    {
        "start": 239.195,
        "end": 239.445,
        "speaker": "speaker_0",
        "text": "كم"
    },
    {
        "start": 239.195,
        "end": 239.445,
        "speaker": "speaker_1",
        "text": "كم"
    },
    {
        "start": 239.445,
        "end": 240.445,
        "speaker": "speaker_1",
        "text": "ل حاجه والله"
    },
    {
        "start": 239.445,
        "end": 239.695,
        "speaker": "speaker_0",
        "text": ""
    },
    {
        "start": 240.445,
        "end": 241.695,
        "speaker": "speaker_0",
        "text": "مشاعرنا"
    },
    {
        "start": 240.445,
        "end": 240.695,
        "speaker": "speaker_1",
        "text": "الم"
    },
    {
        "start": 241.445,
        "end": 241.695,
        "speaker": "speaker_1",
        "text": ""
    },
    {
        "start": 241.695,
        "end": 242.195,
        "speaker": "speaker_1",
        "text": ""
    },
    {
        "start": 241.695,
        "end": 242.195,
        "speaker": "speaker_0",
        "text": ""
    },
    {
        "start": 242.195,
        "end": 251.13,
        "speaker": "speaker_0",
        "text": "لمسلسل تضامن بشخصية رمالا مع القضيه الفلسطينيه بتفاصيلها كله فيعني شكرا يكون عندك إيم براتورية مين"
    },
    {
        "start": 251.34,
        "end": 252.0,
        "speaker": "speaker_0",
        "text": "براترايتي"
    }
]