[
    {
        "start": 0.0,
        "end": 11.4,
        "speaker": "speaker_0",
        "text": "بوبنرجع الحاجات الحلوه اللي في مجتمعنا اللي هي موجوده فيه أصلا بدل ما بنتفرج أحيانا على حاجات غريبه علينا و على مجتمع و ده معناه"
    },
    {
        "start": 11.48,
        "end": 12.32,
        "speaker": "speaker_2",
        "text": "إنتي لو بتقدمي"
    },
    {
        "start": 12.36,
        "end": 12.84,
        "speaker": "speaker_0",
        "text": "حاجه حلوه"
    },
    {
        "start": 12.88,
        "end": 17.0,
        "speaker": "speaker_2",
        "text": "قريبه من ناس بتتشاف واكتشاف مسأو مش مش زي ما اناس بتقول"
    },
    {
        "start": 17.16,
        "end": 43.12,
        "speaker": "speaker_1",
        "text": "أه هيالي كمان فكرة إنه إزاي ممكن الحب و الود يتعمل من غير فلوس إم ده تعالج بشكل رقيق كده ولطيف عبر الحلقات إنه باستمرار كان ممكن يبقى في يعني محاولة اختراع الفرحه الدفه الحب بأبسط الشيا أبسط"
    },
    {
        "start": 43.8,
        "end": 44.32,
        "speaker": "speaker_2",
        "text": "الإمكانيه"
    },
    {
        "start": 44.72,
        "end": 48.12,
        "speaker": "speaker_1",
        "text": "كم الإمكانيات بأبسط السلوكيات يعني"
    },
    {
        "start": 48.16,
        "end": 52.36,
        "speaker": "speaker_2",
        "text": "دي كانت أسره متوسطه بس البيت كله لم العيله كله دهفويد"
    },
    {
        "start": 52.48,
        "end": 52.72,
        "speaker": "speaker_0",
        "text": "حب"
    },
    {
        "start": 54.0,
        "end": 64.96,
        "speaker": "speaker_2",
        "text": "يمكن عكس حتى بعض اليوت الغانيه اللي بنشوفها مسلسلات تانيه بش بتحس إن في نوع من الجروده جوه البيت بالظبط لكن ده كان موجود عند عيلة عي أنوح نشوف مشهد تاني برضو من المشاهد"
    }
]