[
    {
        "start": 0.48,
        "end": 3.4,
        "speaker": "speaker_0",
        "text": "هتجنني عايزك تبصلي عليها عرابي"
    },
    {
        "start": 3.76,
        "end": 7.16,
        "speaker": "speaker_1",
        "text": "هو انت جلت بابه العربيه خلاصت وقبت صلاحه على السرير منت"
    },
    {
        "start": 7.16,
        "end": 8.28,
        "speaker": "speaker_0",
        "text": "عايز نصلاحها في الشارع"
    },
    {
        "start": 8.48,
        "end": 9.56,
        "speaker": "speaker_1",
        "text": "ا إزاي صح"
    },
    {
        "start": 9.72,
        "end": 10.52,
        "speaker": "speaker_0",
        "text": "بتت تطعاط"
    },
    {
        "start": 10.6,
        "end": 11.48,
        "speaker": "speaker_1",
        "text": "حاجه هلا ده"
    },
    {
        "start": 11.52,
        "end": 11.72,
        "speaker": "speaker_3",
        "text": "أنا"
    },
    {
        "start": 11.92,
        "end": 17.44,
        "speaker": "speaker_0",
        "text": "لأ أصسلا صلاح على السريف دي مش مفهوم مخالوش منطقيه بتحب نركم على جنب نا كلمن لازم ن أكلك على جنب زي ما"
    },
    {
        "start": 17.44,
        "end": 20.28,
        "speaker": "speaker_1",
        "text": "إحنا في فيالوكراسل"
    },
    {
        "start": 20.6,
        "end": 23.84,
        "speaker": "speaker_2",
        "text": "باستندى كوميديا إنت أساسا يعني"
    },
    {
        "start": 24.44,
        "end": 26.56,
        "speaker": "speaker_3",
        "text": "ب إستنى الكوميدي أيوه"
    },
    {
        "start": 26.76,
        "end": 31.32,
        "speaker": "speaker_2",
        "text": "بتحب الفكره دي ولا شايفه لها روقف مصر لها اهتمام"
    },
    {
        "start": 31.36,
        "end": 32.6,
        "speaker": "speaker_1",
        "text": "يعني ما كنش ليها في"
    },
    {
        "start": 32.64,
        "end": 40.92,
        "speaker": "speaker_3",
        "text": "الأول يعني هو كان في جيل لذهبي للي استندى الكوميدي بنسميه كده جيل جورج عزمي إم ومحمد سايل"
    }
]