[
    {
        "start": 0.0,
        "end": 5.52,
        "speaker": "speaker_0",
        "text": "إم أحيانا بيل حب مدي إيده ويعني أحينا بيقع في ال الحبي"
    },
    {
        "start": 5.56,
        "end": 6.08,
        "speaker": "speaker_1",
        "text": "أه شخصه"
    },
    {
        "start": 6.12,
        "end": 33.24,
        "speaker": "speaker_0",
        "text": "بس هو بيحطني أنا دايما في التسعولات بتاعت هال أنا أقدر أبقى زي ده إم فمن أول الفكر الصغيره خالص وتاعد الأسره دي ده بقى متجوز واحد عامل إزاي أن لازم تبقى ينطبق عليهم كل فوله وليها كير هي ودول يبقوا ليه عربه هشالفوا أربع ماجت إزاي لأن إحنا عايزين نكسب حاجه مهمه أوي إنه ساعة المسلسل مايتعرت بقادر الإمكان تلتفو الأسره حواليه صح مش بتضرها عشان تتوافل م حتى عشان تتخالق صح"
    },
    {
        "start": 33.24,
        "end": 50.28,
        "speaker": "speaker_1",
        "text": "عشان يبقى في حالة جده ا موجوده جده صحيح و يمكن الصده ده حسب معرفت كمان إنه ده خرج بره إطار مصر برضو جمهورية مصر العربيه و طبعا أه إيه قصة مرين صابرين قصت ميه القلب  مين اللي قلب د لسه  إمزارح أنا معرفش القصه بس عارف الإسم"
    },
    {
        "start": 50.36,
        "end": 50.64,
        "speaker": "speaker_0",
        "text": "أيوه"
    },
    {
        "start": 50.72,
        "end": 52.96,
        "speaker": "speaker_1",
        "text": "نورين دي هي لو جيت تفرج عليه دلوقت"
    }
]