[
    {
        "start": 0.0,
        "end": 9.8,
        "speaker": "speaker_0",
        "text": "يها طريقه مفهومه وأعرف أشتغل عليها يعني عز ده واحد تريخ اخم فعندي بريق عندي حاجه أشتغل ع فلأ أنا بالنسبالي بصراحه دي الطريقه اللي بعرف أشتغل بيه غيكا"
    },
    {
        "start": 9.84,
        "end": 14.64,
        "speaker": "speaker_1",
        "text": "سهل بس السهل ليه هو انت اريخي أصلا يا بني إنت شخص لطيف"
    },
    {
        "start": 14.84,
        "end": 18.96,
        "speaker": "speaker_0",
        "text": "لا بس بس في حاجه أعملها يعني في أدوار مبقاش مفهوم ده إيه شخصية"
    }
]