[
    {
        "start": 0.0,
        "end": 1.4,
        "speaker": "speaker_0",
        "text": "عني كج"
    },
    {
        "start": 1.52,
        "end": 12.84,
        "speaker": "speaker_3",
        "text": "كده فضل الفضل الت التكترابيه كلنا فضل دنسيني بشوية روسيه كده صغيرينبيكتب"
    },
    {
        "start": 12.88,
        "end": 33.6,
        "speaker": "speaker_2",
        "text": "ليه إنك سف المسابقه و أنكن ستاعدنيا لأ ن الفرحدي"
    },
    {
        "start": 33.84,
        "end": 48.08,
        "speaker": "speaker_0",
        "text": "الفعئيزه الأولى هي أسماء عبد النن عم بن زيف تمان العربيه أهي أول عروسه هتكسب الجهاز وهسيب بقى عيلة أبول عروسه لأن هي قالت إنها كانت بتفرج على المسلسل وكانت بتشوف فيها معرته الحقيقيه مختوه بالها الست سمين"
    },
    {
        "start": 48.16,
        "end": 52.52,
        "speaker": "speaker_1",
        "text": "لازم يبركلها أه كره مجروك اسماء"
    },
    {
        "start": 52.56,
        "end": 53.16,
        "speaker": "speaker_0",
        "text": "الفجروك"
    },
    {
        "start": 53.4,
        "end": 64.4,
        "speaker": "speaker_0",
        "text": "اسم  ن يل شوفت يعني بنت مصريه عاديه كانت شايفه قصة حياتها في أو جزء منه عراسها في المعانيه اللي إنتو كنت عايبين نف"
    },
    {
        "start": 64.48,
        "end": 111.96000000000001,
        "speaker": "speaker_1",
        "text": "مسون بالظبط منتقلش على بعض والحكايت  عشان متدقوش حياتهم مديونين بديون وما يفضلوش يكملوا العشر سنين الأولايين فهاتم بيسدوا اليون مش هيعرفوا يستمتوها بحياتهم يعني أحلاس نين عمرهم فضيها في إنهم بيسد جيون إن كان ممكن تبق الحقيقه أقفط من كده بكتير يعني إم فمتاني برضو كان من الحاجات من ضمن الحاجات الحلوه اللي طرحت في ل في المسلسل برضو من الحاجت اللي أنا حبها جدا حاجات كتيره علاقتنا تجران لسه كنت هقولهاعمرك ما كنتش هتحس إنتي فرق بين مسيحي ومسلم إحنا عمرنا ما حسين بده خالص كلنا عايشين على في بيت واحد وعلى تربيزه واحده زي ما كان حاصل يعني هو المسل"
    }
]