[
    {
        "start": 0.0,
        "end": 11.52,
        "speaker": "speaker_1",
        "text": "على البنتين الحلوين دول اللي برضو معروفين يعني بس خلونا نفكركو بعملو قوليلي بقى إنتي هجر قوليلي شوية عمال إنتي عملتيه"
    },
    {
        "start": 11.96,
        "end": 13.2,
        "speaker": "speaker_0",
        "text": "على أول حاجه عملتها"
    },
    {
        "start": 13.28,
        "end": 16.52,
        "speaker": "speaker_1",
        "text": "بدب كاسر عزن بتلو الروح بتلور روح"
    },
    {
        "start": 16.56,
        "end": 23.32,
        "speaker": "speaker_0",
        "text": "أه كان إخراج كامل أبو ذكري و بطولة منه شلبي وأحمد سعدني كان من سنتين"
    },
    {
        "start": 23.56,
        "end": 24.72,
        "speaker": "speaker_1",
        "text": "أه إنتي كنتي مراته"
    },
    {
        "start": 25.76,
        "end": 27.6,
        "speaker": "speaker_0",
        "text": "أه الإرهابيه  الإيرهابيه"
    },
    {
        "start": 27.64,
        "end": 28.48,
        "speaker": "speaker_1",
        "text": "السكرت أيوه"
    },
    {
        "start": 28.52,
        "end": 29.64,
        "speaker": "speaker_0",
        "text": "إم كنت منقبه"
    },
    {
        "start": 29.88,
        "end": 31.0,
        "speaker": "speaker_1",
        "text": "طب بيبقى مامله كدهت"
    },
    {
        "start": 31.08,
        "end": 31.44,
        "speaker": "speaker_0",
        "text": "كيوت"
    },
    {
        "start": 31.64,
        "end": 35.04,
        "speaker": "speaker_1",
        "text": "كان ب كنا خين  طيب ان مراده الإرهابيه"
    },
    {
        "start": 35.16,
        "end": 45.4,
        "speaker": "speaker_0",
        "text": "أيوه فدي أكتر حاجه يعني ممكن تكوني تشات يعني ن أنا اشتغلت فيها يعني وبطن الحوت إم بطورة فراج و بيسن سمره"
    },
    {
        "start": 45.52,
        "end": 55.92,
        "speaker": "speaker_1",
        "text": "وعين إنتي مالكه على السوشيال ميديا عننت كدني إنتي إنتي وجدتك على السوشيال ميديا أه كمله إنتي قصة إنتي"
    },
    {
        "start": 55.96,
        "end": 59.68,
        "speaker": "speaker_0",
        "text": "أنا أنا أصلا بمث ألفين وسبعتاشر عملت أبو العروسه و"
    }
]