[
    {
        "start": 0.0,
        "end": 15.44,
        "speaker": "speaker_1",
        "text": "كله كان في نفس الاتجاه و ده حاجه دي دي ربنا اللي مجمعها فعلى قد ما انا فرحان على قد ما انا كمان متحمل المسؤوليه إن العمل اللي جاي أص لازم يزون ربنا م بيستخدمني فيه أكتر عشان أقدر س جل المستوى"
    },
    {
        "start": 15.44,
        "end": 15.72,
        "speaker": "speaker_2",
        "text": "أقل"
    },
    {
        "start": 15.76,
        "end": 22.04,
        "speaker": "speaker_1",
        "text": "إن نا صدقيني أنا سايب كل الأمور إن هو اللي اختار مش أنا اللي بختار فده اللي أنا اتعلمته ده اللي أنا مستنيه من ربنا"
    },
    {
        "start": 22.16,
        "end": 27.28,
        "speaker": "speaker_2",
        "text": "ربنا يوفقنا حاجه إن شاء الله ما كانتش تبقى بنبفس القوه تكون أقوى إكت باى بالمخرج"
    },
    {
        "start": 27.48,
        "end": 41.96,
        "speaker": "speaker_0",
        "text": "المخرج أولف أن عايز أقول إن الحبر لا يباعا ولا يشترو مبسوط إن مسلسل أبو العروسه يوصلنا للوب الناس دي حاجه بالنسبالي يعني حاجه كانت فوق الخيال أو مشم"
    }
]