[
    {
        "start": 0.0,
        "end": 7.28,
        "speaker": "speaker_0",
        "text": "منه حاجه و خلاص هومش فاهم و بتعان هو مش فاهم بقى فبيدي جابد بقى هو مش فاهم دنيه"
    },
    {
        "start": 7.28,
        "end": 16.0,
        "speaker": "speaker_1",
        "text": "حبناك في حاجه كده فينامقدرتش أكرهاك يعني مقدرتش أحس إنك شرير أو فاسد بجد يعنسريني  هو ب"
    },
    {
        "start": 16.0,
        "end": 28.88,
        "speaker": "speaker_0",
        "text": "هو عايز برضو عايز برضو عنده سبب إن هو يعمل كده إن هو غلبان وش لاقي ياكل و لا لأي حده يبات فيها راجل ترضو عشان كده هيروح يتنطع عليه ويقعد معاه في البيت و هو عايز يقعد عاه في البيت عايز يحبه بضو فبيقوله أنا"
    }
]