[
    {
        "start": 0.0,
        "end": 0.76,
        "speaker": "speaker_1",
        "text": "سبرمضان"
    },
    {
        "start": 2.44,
        "end": 3.4,
        "speaker": "speaker_2",
        "text": "الكتابه كانت"
    },
    {
        "start": 3.52,
        "end": 4.2,
        "speaker": "speaker_0",
        "text": "عامل مهم"
    },
    {
        "start": 4.36,
        "end": 7.52,
        "speaker": "speaker_1",
        "text": "الساده الممثلين كانوا مهمين جدا إن نلاقي برضو"
    },
    {
        "start": 7.6,
        "end": 9.08,
        "speaker": "speaker_3",
        "text": "في الجو الأسري إم"
    },
    {
        "start": 9.16,
        "end": 11.8,
        "speaker": "speaker_0",
        "text": "أولا إنك إنتي تبقي بسيطه حتى في تكنيكي"
    }
]