[
    {
        "start": 0.0,
        "end": 2.88,
        "speaker": "speaker_0",
        "text": "دتاني على حياة جيلي وأتمنى إنه الجيل"
    },
    {
        "start": 2.92,
        "end": 5.48,
        "speaker": "speaker_1",
        "text": "الجديد يقرا صلاح جاهين يلصلا"
    },
    {
        "start": 5.56,
        "end": 7.28,
        "speaker": "speaker_2",
        "text": "شاهين يا جماعه ده مصر"
    },
    {
        "start": 7.48,
        "end": 8.76,
        "speaker": "speaker_1",
        "text": "صلاح شاهين ده"
    },
    {
        "start": 9.0,
        "end": 10.2,
        "speaker": "speaker_3",
        "text": "بيغذي كل"
    },
    {
        "start": 10.36,
        "end": 11.84,
        "speaker": "speaker_0",
        "text": "المشاعر المصريه"
    }
]