[
    {
        "start": 0.0,
        "end": 5.64,
        "speaker": "speaker_1",
        "text": "قديم أبو لسريع برضو عرفتتخرج من الشخصيه ولا لسه شخصيه مايت"
    },
    {
        "start": 5.68,
        "end": 8.44,
        "speaker": "speaker_0",
        "text": "والله ممكن يبقى في في شوية هدوء كده خدتهم في"
    },
    {
        "start": 8.6,
        "end": 12.68,
        "speaker": "speaker_1",
        "text": "بينكو حاجه غيد يعني مغيب كده إنك انت هادي مثلا أصلا"
    },
    {
        "start": 13.4,
        "end": 14.88,
        "speaker": "speaker_0",
        "text": "يعني شهدي خالص امش"
    },
    {
        "start": 14.88,
        "end": 15.12,
        "speaker": "speaker_1",
        "text": "هادي"
    },
    {
        "start": 15.16,
        "end": 31.6,
        "speaker": "speaker_0",
        "text": "خالص عشان الأضواء بس لو شادي خالص لأ هو يعني عايز أشكر الأول في ل ف اللي ساعدني في في ده ناس كتير جدا الصراحه أولهم أستاذ طارق خدنا لجمعية الأتاسن مده"
    },
    {
        "start": 31.6,
        "end": 32.44,
        "speaker": "speaker_1",
        "text": "اليسلمان أه"
    },
    {
        "start": 32.52,
        "end": 38.36,
        "speaker": "speaker_0",
        "text": "الدكتوره دال سليمان قعدتنا مع حاجات كتير جدا من ضمنهم كان عبد الله أشرا"
    }
]