[
    {
        "start": 0.0,
        "end": 1.68,
        "speaker": "speaker_3",
        "text": "مع الكاركتر أو مع الشخصيه"
    },
    {
        "start": 1.72,
        "end": 2.52,
        "speaker": "speaker_1",
        "text": "وإن إنت"
    },
    {
        "start": 2.8,
        "end": 3.76,
        "speaker": "speaker_2",
        "text": "يصعب عليك"
    },
    {
        "start": 3.8,
        "end": 4.96,
        "speaker": "speaker_0",
        "text": "بالظبط بسراه"
    }
]