[
    {
        "start": 0.0,
        "end": 20.6,
        "speaker": "speaker_1",
        "text": "بيه وشوفنا ده على جوم سشوأنا عايز أقولكوا بجد إنتو عاملين عمل إنتو تحترموه هو ده المهم إنكو تحتريم يعني غير إنكو تحبوه الحقيقه يعني نشوف بقى لقطات من حسن أبو الروس عز المحامي اللي يعني ليه وشواي محامي اللس"
    },
    {
        "start": 20.64,
        "end": 21.04,
        "speaker": "speaker_0",
        "text": "يعني إيه"
    },
    {
        "start": 21.76,
        "end": 39.32,
        "speaker": "speaker_1",
        "text": "عمل مسبوكو أنا مفهمتش طبعا تحيه لصديقتي غده عادل أه و عامله دور عظيم أرومالة الميزان كده في المسلسل كله أنا شمه هي ليه اختاريته بصراحه مديتشفم ليه شا عشانك أه عشان تجوزوه"
    },
    {
        "start": 39.6,
        "end": 49.6,
        "speaker": "speaker_2",
        "text": "نا ن وجسوش كبير جدا يعني يا أستاذه غدى عادل على احتظامها لكل من في اللوكيشن عامة وو حلاوة"
    },
    {
        "start": 49.68,
        "end": 50.0,
        "speaker": "speaker_0",
        "text": "روحها"
    },
    {
        "start": 50.04,
        "end": 54.08,
        "speaker": "speaker_2",
        "text": "و الله و  طبعا مش هنتكلم عن تاريخها وتاريخها بيتكلم عنها يعني"
    },
    {
        "start": 54.32,
        "end": 64.64,
        "speaker": "speaker_1",
        "text": "بس غدا فعلا إدة المسلسل ده تقش طب ثقه العظيم ل كده و كانت مشاهدها كلها كده تحس إنه غدا طلعت"
    },
    {
        "start": 65.08,
        "end": 68.96000000000001,
        "speaker": "speaker_0",
        "text": "حتإ كده جزء كبير أوي من الحاله الحلوه اللي إحنا وصلنالها واللي إحنا سنه"
    }
]