[
    {
        "start": 0.0,
        "end": 27.88,
        "speaker": "speaker_0",
        "text": "شكلها يعني بتبقى مش واقعيه أو شكلها مش حقيقي ومش مش الواقع بتاع الحاله دي و ده في نفس الحاجه في كل الكونتن يعني مثلا لو أنا بعمل حاجه عن الأمراض النفسيه فدلوقتي في في وعي بالأمراض النفسيه دلوقتي والحاجات دي كلها ما ينفعش أعمل حاجه تشوه كل ده لثقافة البلد عشان في الأول في الاخر برضو مسلسلات الأفلام دي بتثقف ف البلد دي بتبقى أكتر حاجه بنركز فيها طبعا"
    },
    {
        "start": 28.56,
        "end": 35.04,
        "speaker": "speaker_2",
        "text": "إيه أصعب حاجه يعني إيه اللي خليك تكون جري وتاخد الدور ده"
    },
    {
        "start": 35.96,
        "end": 39.56,
        "speaker": "speaker_1",
        "text": "والله مش جري خالص مخفتش"
    },
    {
        "start": 39.6,
        "end": 39.84,
        "speaker": "speaker_2",
        "text": "يعني"
    },
    {
        "start": 40.28,
        "end": 66.8,
        "speaker": "speaker_1",
        "text": "جدا جدا جدا ده دو صعب هو بس أنا اتحمست أوي إن أنا يعني أعمل حاجه مختلفه يمكن خدت القرار حتى كنت بقول كده أنا خدت القرار بسرعه أوي إن أساذتاره أوي اما عرض عليا الموضوع تحمست أوي فكرة إن هو دور جديد أوي معأنا أنا ممكن أبحب نفسي فيك كومثل إم بعد ما خدت القرار كتشفت بقى اللي أنا عملته في نفس اللي هو لأ هحاجه"
    }
]