[
    {
        "start": 0.0,
        "end": 0.48,
        "speaker": "speaker_1",
        "text": "فسك وبس"
    },
    {
        "start": 0.6,
        "end": 2.56,
        "speaker": "speaker_0",
        "text": "هول إنت تبقى إيه أنا أنضف منك"
    },
    {
        "start": 2.84,
        "end": 3.88,
        "speaker": "speaker_2",
        "text": "عملت إيه"
    },
    {
        "start": 4.24,
        "end": 9.52,
        "speaker": "speaker_1",
        "text": "عملت إيه وعملت شهادتك ولا تفكيرك اللي زي الزيفت ولا أحلاق اللسفتين"
    },
    {
        "start": 9.6,
        "end": 10.24,
        "speaker": "speaker_0",
        "text": "إنتي ملكيش"
    },
    {
        "start": 10.28,
        "end": 10.68,
        "speaker": "speaker_3",
        "text": "كوه في"
    },
    {
        "start": 10.72,
        "end": 11.36,
        "speaker": "speaker_0",
        "text": "عيني و"
    },
    {
        "start": 11.4,
        "end": 16.52,
        "speaker": "speaker_3",
        "text": "إنت راجل مشتني عي أصلافكيكده"
    },
    {
        "start": 16.8,
        "end": 18.36,
        "speaker": "speaker_1",
        "text": "ودي نسبك"
    },
    {
        "start": 18.36,
        "end": 19.84,
        "speaker": "speaker_3",
        "text": "والله  لكلاه جاب"
    },
    {
        "start": 21.56,
        "end": 23.44,
        "speaker": "speaker_1",
        "text": "تيجي قولتلك سبسكيده"
    },
    {
        "start": 23.48,
        "end": 26.68,
        "speaker": "speaker_0",
        "text": "حخير ح طلعت إنتي طالع"
    },
    {
        "start": 26.72,
        "end": 27.48,
        "speaker": "speaker_2",
        "text": "وراح من أبي"
    },
    {
        "start": 27.48,
        "end": 28.16,
        "speaker": "speaker_0",
        "text": "ما إنتي شايف"
    }
]