[
    {
        "start": 0.64,
        "end": 8.6,
        "speaker": "speaker_5",
        "text": "معانا الأستاذه منى قطب امنتجه أهلا بحضرتك أنوا أستاذه عمنى أهلا بحضرتك"
    },
    {
        "start": 9.16,
        "end": 10.36,
        "speaker": "speaker_2",
        "text": "هو السوتي إحنا"
    },
    {
        "start": 10.36,
        "end": 10.92,
        "speaker": "speaker_5",
        "text": "على الهوا"
    },
    {
        "start": 11.0,
        "end": 12.36,
        "speaker": "speaker_2",
        "text": "لسوت مش كويس أهلا"
    },
    {
        "start": 12.48,
        "end": 17.2,
        "speaker": "speaker_5",
        "text": "وس أهلا بحضرتك مبروك على المسلسل ومعايا أرطال الل عمل كلهم النهارده"
    },
    {
        "start": 17.44,
        "end": 25.12,
        "speaker": "speaker_2",
        "text": "مرشي أنا عارفه والله وإن شاء الله عملنا حاجه مشرفه يارب كول ما عجبك"
    },
    {
        "start": 25.76,
        "end": 28.8,
        "speaker": "speaker_5",
        "text": "الناس بتطالب بجزء تاني ممكن تفكرو في حاجه زي كده ولا"
    },
    {
        "start": 28.8,
        "end": 30.8,
        "speaker": "speaker_2",
        "text": "لأ إن شاء الله بنحول"
    },
    {
        "start": 31.0,
        "end": 38.56,
        "speaker": "speaker_5",
        "text": "طبهيل بيضحكوا علي يعني ده ده ده خبر معلومه يعني و لا لسه بتفكرو"
    },
    {
        "start": 38.76,
        "end": 43.16,
        "speaker": "speaker_2",
        "text": "لأ بنفكر بتفكر زني من نجوم بتونا هما موشين الأول"
    },
    {
        "start": 43.4,
        "end": 45.36,
        "speaker": "speaker_5",
        "text": "كلميهم على الهوا هو اتفضل لرده"
    },
    {
        "start": 48.96,
        "end": 57.92,
        "speaker": "speaker_1",
        "text": "وعلشين إن في جزء تاني ده ده قرار عايز أه مش كده برضو مدمنا عايز  قرار أوا نا م"
    },
    {
        "start": 58.08,
        "end": 59.84,
        "speaker": "speaker_5",
        "text": "ل   في حاجه نا  مسهل"
    },
    {
        "start": 59.96,
        "end": 64.6,
        "speaker": "speaker_1",
        "text": "ل اكار مش سهل ولازم يبقى قرار بيتعمل حساب حاجات كتيره"
    },
    {
        "start": 64.64,
        "end": 69.88,
        "speaker": "speaker_5",
        "text": "جدا علشان تبقوا حقونفس ني إحنا نج أولن ات   كويه بالظبط"
    },
    {
        "start": 70.8,
        "end": 71.48,
        "speaker": "speaker_3",
        "text": "أحلى"
    },
    {
        "start": 71.52,
        "end": 74.44,
        "speaker": "speaker_4",
        "text": "أه طبعا يعني شايف الانتجاهت صروف"
    },
    {
        "start": 75.56,
        "end": 77.68,
        "speaker": "speaker_5",
        "text": "هما يعني تقريبا و"
    },
    {
        "start": 77.96000000000001,
        "end": 78.2,
        "speaker": "speaker_0",
        "text": "ني"
    },
    {
        "start": 79.64,
        "end": 91.6,
        "speaker": "speaker_1",
        "text": "ب طي لى لفكره إحنا عايزين نشكر كمان حد يا جماعه مش عايزين نساه أبدا فضل هشام ففتح ت"
    },
    {
        "start": 91.68,
        "end": 92.08,
        "speaker": "speaker_3",
        "text": "عشام"
    },
    {
        "start": 92.12,
        "end": 94.84,
        "speaker": "speaker_1",
        "text": "فتحين مخرج المنفذ   أيوه"
    },
    {
        "start": 95.6,
        "end": 97.4,
        "speaker": "speaker_5",
        "text": "يعني شان عنا"
    },
    {
        "start": 97.72,
        "end": 100.16,
        "speaker": "speaker_0",
        "text": "إحنا علينا قبل ما يجي شام فر شويه كده"
    },
    {
        "start": 100.24000000000001,
        "end": 104.64,
        "speaker": "speaker_1",
        "text": "لأ وعينا لما بجبس للا  الشياب الجديل وفريق"
    },
    {
        "start": 104.96000000000001,
        "end": 105.4,
        "speaker": "speaker_5",
        "text": "وفريق"
    },
    {
        "start": 106.08,
        "end": 109.03999999999999,
        "speaker": "speaker_1",
        "text": "فريق الإخراج سلطان وكل المجموعه ل ي"
    },
    {
        "start": 109.84,
        "end": 110.75999999999999,
        "speaker": "speaker_3",
        "text": "دي تبي"
    },
    {
        "start": 111.36,
        "end": 114.24000000000001,
        "speaker": "speaker_1",
        "text": "ي كمان مشر ن مش مسي ا طب"
    },
    {
        "start": 114.24000000000001,
        "end": 120.4,
        "speaker": "speaker_3",
        "text": "أنا بشكر ربنا إنيجايبلنا برضو جايبلنا برضو ل زي دي وحسز المثيين ب"
    },
    {
        "start": 120.44,
        "end": 120.92,
        "speaker": "speaker_5",
        "text": "إنت عمر"
    },
    {
        "start": 123.0,
        "end": 125.16,
        "speaker": "speaker_3",
        "text": "مفج يت  منصوري ومالك"
    },
    {
        "start": 125.2,
        "end": 128.04,
        "speaker": "speaker_1",
        "text": "كمان بتوع دهده أوسف بجد"
    },
    {
        "start": 128.2,
        "end": 129.84,
        "speaker": "speaker_5",
        "text": "دي في معجبات يوسف عتب"
    },
    {
        "start": 130.24,
        "end": 131.68,
        "speaker": "speaker_0",
        "text": "اي"
    },
    {
        "start": 131.88,
        "end": 133.16,
        "speaker": "speaker_5",
        "text": "ن عريس"
    },
    {
        "start": 134.8,
        "end": 136.92000000000002,
        "speaker": "speaker_0",
        "text": "م علومعة ميلاد البرح"
    },
    {
        "start": 137.07999999999998,
        "end": 137.28,
        "speaker": "speaker_1",
        "text": "فيك"
    },
    {
        "start": 137.32,
        "end": 137.8,
        "speaker": "speaker_5",
        "text": "كاشاي"
    },
    {
        "start": 137.92000000000002,
        "end": 138.24,
        "speaker": "speaker_0",
        "text": "جاد"
    },
    {
        "start": 138.32,
        "end": 138.52,
        "speaker": "speaker_1",
        "text": "كان"
    },
    {
        "start": 138.56,
        "end": 140.84,
        "speaker": "speaker_3",
        "text": "منارح أهنادي ا"
    },
    {
        "start": 140.88,
        "end": 145.92000000000002,
        "speaker": "speaker_5",
        "text": "كمان في اللي ساعدون بيقول سوسا بدره عملاقه كل الحب والاحترامل"
    }
]