[
    {
        "start": 0.0,
        "end": 1.36,
        "speaker": "speaker_0",
        "text": "متعرق دلوقتي أه"
    },
    {
        "start": 1.72,
        "end": 4.8,
        "speaker": "speaker_1",
        "text": "أنا يعني أنا بقيت عبيه وبطل جيلها منك في الليل"
    },
    {
        "start": 4.84,
        "end": 6.88,
        "speaker": "speaker_0",
        "text": "أنا بقيت أمشي والله  بقوللي حصن"
    },
    {
        "start": 6.96,
        "end": 13.12,
        "speaker": "speaker_1",
        "text": "ماشيه فيمون إيه والله بطل جيلك فهوم وإنتي بصتلي كده معلش يا مامو ده إفين"
    },
    {
        "start": 13.44,
        "end": 13.88,
        "speaker": "speaker_0",
        "text": "والله"
    },
    {
        "start": 13.96,
        "end": 14.4,
        "speaker": "speaker_1",
        "text": "بوظ"
    },
    {
        "start": 14.44,
        "end": 17.28,
        "speaker": "speaker_0",
        "text": "حاجه متندقيش مش"
    },
    {
        "start": 17.44,
        "end": 17.68,
        "speaker": "speaker_1",
        "text": "يعني"
    },
    {
        "start": 17.76,
        "end": 46.2,
        "speaker": "speaker_0",
        "text": "مش عنوف  ختياراتها و هي اتكلمت عن اختيارات على السوشيال ميديا قالت حاجه عن اختياراتها هي الشخصيه بس هروح لشباب  إسبوري بقى عن طاريق إجابه  إجهازي بالإجابه لحقد ما  أساتذه واتشك تحيه ليكو طبعا تحيه الواتش إن إنتو فعلا اختارتو الموضوع الصعب ده أحيانا المواضيع دي خلينه يقول بصراحه الناس ممكن تقفل الناس ممكن تكون في في ظن توترات وضغوط وكده لناس مش عايزه"
    }
]