[
    {
        "start": 0.0,
        "end": 0.88,
        "speaker": "speaker_0",
        "text": "المسرح بيقول"
    },
    {
        "start": 1.56,
        "end": 2.12,
        "speaker": "speaker_3",
        "text": "مونروك"
    },
    {
        "start": 2.16,
        "end": 3.92,
        "speaker": "speaker_1",
        "text": "ده ده اس مستند اكوميدي برضو أصي"
    },
    {
        "start": 4.12,
        "end": 5.52,
        "speaker": "speaker_2",
        "text": "صن هو عندنا من زمان أوي"
    },
    {
        "start": 5.6,
        "end": 6.96,
        "speaker": "speaker_0",
        "text": "بس ما كنش ليه تعريف ماكانش"
    }
]