[
    {
        "start": 0.0,
        "end": 8.875,
        "speaker": "speaker_1",
        "text": "مش عشان في شائعه إنتشرت العملاق فؤاد المهندس لا يمكن إنولا فؤاد المهندس له"
    },
    {
        "start": 8.875,
        "end": 10.125,
        "speaker": "speaker_5",
        "text": "الله أعلم"
    },
    {
        "start": 10.125,
        "end": 11.29,
        "speaker": "speaker_0",
        "text": "ف"
    },
    {
        "start": 11.5,
        "end": 12.25,
        "speaker": "speaker_0",
        "text": ""
    },
    {
        "start": 12.46,
        "end": 13.335,
        "speaker": "speaker_5",
        "text": "الله أعلى"
    },
    {
        "start": 13.335,
        "end": 15.13,
        "speaker": "speaker_1",
        "text": "طيب خلين"
    },
    {
        "start": 15.34,
        "end": 22.25,
        "speaker": "speaker_1",
        "text": "خلينا في كل الأحوال يا جماعه و إحنا إن إحنا عندنا أه دي ديسورة ياسين"
    },
    {
        "start": 23.42,
        "end": 33.545,
        "speaker": "speaker_1",
        "text": "معوخالد جمال عبد الناصر لأن كان شائعات كتيره هبتتكلم على إنه أصل جمال عبد الناصر خد موقف من إسماعيل ياسين و"
    },
    {
        "start": 33.545,
        "end": 34.295,
        "speaker": "speaker_5",
        "text": "وقته"
    },
    {
        "start": 34.295,
        "end": 35.295,
        "speaker": "speaker_1",
        "text": "أه عشان الأبده"
    },
    {
        "start": 35.295,
        "end": 35.795,
        "speaker": "speaker_5",
        "text": "بش مص"
    },
    {
        "start": 35.795,
        "end": 36.795,
        "speaker": "speaker_1",
        "text": "موت نوقتك جالت إيه"
    },
    {
        "start": 36.795,
        "end": 39.050000000000004,
        "speaker": "speaker_5",
        "text": "لا لا ما كنش الكلامإ ده مش مظبوط"
    },
    {
        "start": 39.26,
        "end": 40.89,
        "speaker": "speaker_5",
        "text": "حد عبد الناصر كان "
    },
    {
        "start": 41.74,
        "end": 54.09,
        "speaker": "speaker_5",
        "text": "يعني يعني كانت العلاقه حلوه بإسماعيل ياسين بدليل إن محافظ القاهره أخد عربية إسماي ياسين وياسين لما أكلم عبد الناصر جابهاله في لعقتها"
    },
    {
        "start": 54.46,
        "end": 56.335,
        "speaker": "speaker_2",
        "text": "هما ولاده وكانوا مع بابا فيال"
    },
    {
        "start": 56.335,
        "end": 56.835,
        "speaker": "speaker_5",
        "text": "شيها مدراه"
    },
    {
        "start": 56.835,
        "end": 57.835,
        "speaker": "speaker_1",
        "text": "في المدرسه أيوه"
    },
    {
        "start": 57.835,
        "end": 58.585,
        "speaker": "speaker_5",
        "text": "أك"
    },
    {
        "start": 58.585,
        "end": 64.49,
        "speaker": "speaker_2",
        "text": "لحكيم وعبد الحميد وأهخايل كانوا مع بابا في المدرسه وكانوا صحاب من أيام المدرسه"
    },
    {
        "start": 64.78,
        "end": 69.13,
        "speaker": "speaker_2",
        "text": "وكان بيروحوا لهم لبيت كتير و كانوا بيجوا عد ملاد بابا زي بين في الصور"
    },
    {
        "start": 69.42,
        "end": 74.545,
        "speaker": "speaker_2",
        "text": "دول هما في البيت عنده اسماعيل ياسين فايد ميلاد بابايا أه كانت علاقتهم كويس"
    },
    {
        "start": 74.545,
        "end": 81.69,
        "speaker": "speaker_1",
        "text": "طيب بيبقى ده بينسف لأن الحقيقه بتلاقي في شئعات متنافكتير وأنا أكاد أقذملك عشان ابقى مختلف معاك في ده إنه"
    },
    {
        "start": 82.06,
        "end": 87.185,
        "speaker": "speaker_1",
        "text": "معتقدش فؤاد المهندس ممكن أن يكون له علاقه بإنهاء كوميديا اسماعيل ياسين أم"
    },
    {
        "start": 87.185,
        "end": 88.01,
        "speaker": "speaker_5",
        "text": "فؤاد المهندس"
    },
    {
        "start": 88.3,
        "end": 90.425,
        "speaker": "speaker_1",
        "text": "أه مش فؤاد المهم مالمين"
    },
    {
        "start": 90.425,
        "end": 93.77,
        "speaker": "speaker_5",
        "text": "من غير مين هو لزهور فؤاد المهندس"
    },
    {
        "start": 94.06,
        "end": 94.685,
        "speaker": "speaker_5",
        "text": "بس"
    },
    {
        "start": 94.685,
        "end": 98.685,
        "speaker": "speaker_1",
        "text": "اعمد يعمل ده عشان فؤاد المهندس يبقى بالظبط يكتس"
    },
    {
        "start": 98.685,
        "end": 99.935,
        "speaker": "speaker_5",
        "text": "يش فؤاد المهندس"
    },
    {
        "start": 99.935,
        "end": 101.185,
        "speaker": "speaker_1",
        "text": "إصفار مهندس بيموهب"
    },
    {
        "start": 101.185,
        "end": 101.935,
        "speaker": "speaker_5",
        "text": "لأني في ألما"
    },
    {
        "start": 101.935,
        "end": 104.57000000000001,
        "speaker": "speaker_1",
        "text": "وهبت لم يكن في حجه لإخلاء الساحه"
    },
    {
        "start": 104.86,
        "end": 110.97,
        "speaker": "speaker_5",
        "text": " س كان صديق حميم لياسين أه وعامل معاه فيلم في أواخر أيامه"
    },
    {
        "start": 111.18,
        "end": 112.81,
        "speaker": "speaker_5",
        "text": "وكان سبب صلح"
    },
    {
        "start": 113.1,
        "end": 115.21,
        "speaker": "speaker_5",
        "text": "فؤاد المهندس وسويكار"
    },
    {
        "start": 115.58,
        "end": 117.21,
        "speaker": "speaker_5",
        "text": "بعد فترة انفصالهم"
    },
    {
        "start": 117.5,
        "end": 120.25,
        "speaker": "speaker_5",
        "text": "كان أول فيلم يجمعهم ياسين اللي كان جايبهم"
    },
    {
        "start": 120.62,
        "end": 122.995,
        "speaker": "speaker_5",
        "text": "أه فالعلاقه كانت كويسه و"
    },
    {
        "start": 122.995,
        "end": 123.745,
        "speaker": "speaker_1",
        "text": "عشان كده أنا"
    },
    {
        "start": 123.745,
        "end": 126.495,
        "speaker": "speaker_5",
        "text": "بس أنا بقول لحضرتك ده اللي أنا عرفته"
    },
    {
        "start": 126.495,
        "end": 127.745,
        "speaker": "speaker_1",
        "text": "للي إنت عارفتي بس أنا بقى"
    },
    {
        "start": 127.745,
        "end": 130.495,
        "speaker": "speaker_5",
        "text": "مش مش فؤاد اللي لوه يأه في الحدوته"
    },
    {
        "start": 130.495,
        "end": 135.85,
        "speaker": "speaker_1",
        "text": "شخصيه مسؤوله أنا متنا بالظبط أه بيعمل ديه بالظبط"
    },
    {
        "start": 136.46,
        "end": 149.93,
        "speaker": "speaker_1",
        "text": "سلمهله إنتفقنا إن إنتي حد ممكن يعدي على الإسماعيه ليه بس خلي بالك إسماعيل اسين بس تحتفظي بالجمال الإنساوي أيضا شكريعنلإسماعيل ياسين بس هنا إنتي أكتر حد"
    },
    {
        "start": 150.46,
        "end": 153.335,
        "speaker": "speaker_1",
        "text": "ممكن يعبر فعلا ساينس مش كده"
    },
    {
        "start": 153.335,
        "end": 154.335,
        "speaker": "speaker_6",
        "text": "يعني بيقولوا"
    },
    {
        "start": 154.335,
        "end": 155.45000000000002,
        "speaker": "speaker_0",
        "text": ""
    },
    {
        "start": 155.66,
        "end": 158.81,
        "speaker": "speaker_6",
        "text": "بي يعني بص أنا يعني أكيد ونبسطنا"
    },
    {
        "start": 159.26,
        "end": 160.73,
        "speaker": "speaker_6",
        "text": "يني إن أنا هوجبدي"
    },
    {
        "start": 160.94,
        "end": 163.29,
        "speaker": "speaker_6",
        "text": "بس يعني الشكل إن أنا بقى"
    },
    {
        "start": 163.5,
        "end": 165.45,
        "speaker": "speaker_6",
        "text": "يعني ست وهو راجل"
    },
    {
        "start": 165.82,
        "end": 167.45,
        "speaker": "speaker_6",
        "text": "مضيعاش معاكي يعنيي"
    },
    {
        "start": 167.66,
        "end": 172.81,
        "speaker": "speaker_1",
        "text": "لا عشان كده أنا قولت يعني تحتفظ بالجمال الجميل وبعدين"
    },
    {
        "start": 173.1,
        "end": 175.225,
        "speaker": "speaker_1",
        "text": "كل ما في اسماعيلي ياسين صدقعين جميل"
    },
    {
        "start": 175.225,
        "end": 175.69,
        "speaker": "speaker_6",
        "text": "أكيد"
    },
    {
        "start": 176.3,
        "end": 179.05,
        "speaker": "speaker_1",
        "text": "هيس حته بوقه حتى بوق إسماعيل ياسين"
    },
    {
        "start": 179.66,
        "end": 180.09,
        "speaker": "speaker_1",
        "text": ""
    },
    {
        "start": 180.7,
        "end": 183.04999999999998,
        "speaker": "speaker_0",
        "text": ""
    },
    {
        "start": 184.06,
        "end": 184.33,
        "speaker": "speaker_0",
        "text": ""
    },
    {
        "start": 185.02,
        "end": 189.05,
        "speaker": "speaker_1",
        "text": "والله حتى بو إسمها يليسينجميل أن نتغزىأن"
    },
    {
        "start": 189.5,
        "end": 190.875,
        "speaker": "speaker_1",
        "text": "يعني بقولك استخدم"
    },
    {
        "start": 190.875,
        "end": 193.85,
        "speaker": "speaker_5",
        "text": "أنا عايز أقول لحضرتك على حاجه  ياسيمكن بتحكيلي"
    },
    {
        "start": 194.06,
        "end": 196.09,
        "speaker": "speaker_5",
        "text": "بيقولي إن اسماين سمكنتش وحش"
    },
    {
        "start": 196.54,
        "end": 197.69,
        "speaker": "speaker_5",
        "text": "ده هو كان"
    },
    {
        "start": 197.9,
        "end": 202.09,
        "speaker": "speaker_5",
        "text": "يعني ملمحه كان بيستغلها"
    },
    {
        "start": 202.46,
        "end": 208.97,
        "speaker": "speaker_5",
        "text": "للضحك ضحك طبعا لكن هو ماكنش بالشكل اللي هو كان بيتاري فيه على نفس"
    },
    {
        "start": 209.34,
        "end": 211.465,
        "speaker": "speaker_1",
        "text": "لا طبعا وده يعني هو في الع"
    },
    {
        "start": 211.465,
        "end": 214.97,
        "speaker": "speaker_5",
        "text": "من ضمن الحاجات أنا اللي أعفه إن إسماي يسين أبيض مش أسمح"
    },
    {
        "start": 215.98,
        "end": 216.355,
        "speaker": "speaker_1",
        "text": "طبيا"
    },
    {
        "start": 216.355,
        "end": 217.13,
        "speaker": "speaker_5",
        "text": "جدأه"
    },
    {
        "start": 217.42,
        "end": 219.045,
        "speaker": "speaker_5",
        "text": "أه مش أسمر"
    },
    {
        "start": 219.045,
        "end": 221.85,
        "speaker": "speaker_2",
        "text": "لقهوه وبابا وإسماعيليتين على فكره نفس الشكل"
    },
    {
        "start": 222.14,
        "end": 222.765,
        "speaker": "speaker_5",
        "text": "مستوع"
    },
    {
        "start": 222.765,
        "end": 224.80999999999997,
        "speaker": "speaker_2",
        "text": "إن بابا مره حلق سنه أه"
    },
    {
        "start": 225.34,
        "end": 231.465,
        "speaker": "speaker_2",
        "text": "أو كان حاجه حاجه يعني غلط يعني حد بيظبطله سنب هوبوظ جو"
    },
    {
        "start": 231.465,
        "end": 232.465,
        "speaker": "speaker_6",
        "text": "ره ه عر"
    },
    {
        "start": 232.465,
        "end": 233.215,
        "speaker": "speaker_2",
        "text": "إساسيلو"
    },
    {
        "start": 233.215,
        "end": 234.465,
        "speaker": "speaker_6",
        "text": " نس"
    },
    {
        "start": 234.465,
        "end": 235.965,
        "speaker": "speaker_2",
        "text": "إحنا كلنا بنشتغل بين"
    },
    {
        "start": 235.965,
        "end": 236.465,
        "speaker": "speaker_6",
        "text": ""
    },
    {
        "start": 236.465,
        "end": 237.465,
        "speaker": "speaker_5",
        "text": " مش  ناس"
    },
    {
        "start": 237.465,
        "end": 239.215,
        "speaker": "speaker_6",
        "text": "إحنا شايفينه بجد يعني"
    },
    {
        "start": 239.215,
        "end": 241.965,
        "speaker": "speaker_2",
        "text": "لق ومواعي م ش قاعدين بعيد يعني اللي هو"
    },
    {
        "start": 241.965,
        "end": 244.81,
        "speaker": "speaker_1",
        "text": " أه ده ده ده إسماعيل ياسين"
    },
    {
        "start": 245.82,
        "end": 246.09,
        "speaker": "speaker_1",
        "text": ""
    },
    {
        "start": 246.46,
        "end": 248.335,
        "speaker": "speaker_1",
        "text": "أه"
    },
    {
        "start": 248.335,
        "end": 249.835,
        "speaker": "speaker_5",
        "text": "في البحر تقريبا ع"
    },
    {
        "start": 249.835,
        "end": 253.77,
        "speaker": "speaker_1",
        "text": "أص جميله يبهجنا إسماعيل ياسين دائما في"
    },
    {
        "start": 254.14,
        "end": 256.765,
        "speaker": "speaker_1",
        "text": "في كل حته سره له يعني"
    },
    {
        "start": 256.765,
        "end": 257.45,
        "speaker": "speaker_5",
        "text": "ليب"
    },
    {
        "start": 257.9,
        "end": 265.28999999999996,
        "speaker": "speaker_1",
        "text": "طيب هنا هنا شريف بقىقل قلد قلد لإسماعيل إسمي ياشين عندك حاجه جديده ياسين قصل قال قلد إسماعيل ياسين"
    },
    {
        "start": 265.66,
        "end": 269.77000000000004,
        "speaker": "speaker_3",
        "text": "هو حاجه واحده بس اللي أنا عارفها إن أنا بقالد ياشين اإسمايلي فيها"
    },
    {
        "start": 270.54,
        "end": 270.81,
        "speaker": "speaker_2",
        "text": "ن"
    },
    {
        "start": 271.1,
        "end": 273.45000000000005,
        "speaker": "speaker_3",
        "text": "الإسمعيلس إسماعيل شمي"
    },
    {
        "start": 273.74,
        "end": 274.615,
        "speaker": "speaker_3",
        "text": "إن أنا بمجل"
    },
    {
        "start": 274.615,
        "end": 276.09000000000003,
        "speaker": "speaker_4",
        "text": " ي"
    },
    {
        "start": 276.3,
        "end": 276.57,
        "speaker": "speaker_2",
        "text": "الله"
    },
    {
        "start": 278.46,
        "end": 278.96999999999997,
        "speaker": "speaker_1",
        "text": ""
    },
    {
        "start": 279.66,
        "end": 282.81,
        "speaker": "speaker_1",
        "text": "يعني بقب يعني بس ده "
    },
    {
        "start": 283.34,
        "end": 285.04999999999995,
        "speaker": "speaker_1",
        "text": "بتحول"
    },
    {
        "start": 285.42,
        "end": 286.49,
        "speaker": "speaker_1",
        "text": "ده اسمع فاصل"
    },
    {
        "start": 286.78,
        "end": 287.60999999999996,
        "speaker": "speaker_1",
        "text": "ج"
    },
    {
        "start": 288.06,
        "end": 295.21,
        "speaker": "speaker_1",
        "text": "تحول لمشهد كوميدي وفوجدان لأنه كمان مش مفتعل مش مختلك تعمله تاني كده"
    },
    {
        "start": 295.42,
        "end": 296.73,
        "speaker": "speaker_4",
        "text": "ب ا ج"
    },
    {
        "start": 299.02,
        "end": 299.53,
        "speaker": "speaker_1",
        "text": ""
    },
    {
        "start": 299.74,
        "end": 302.615,
        "speaker": "speaker_1",
        "text": "سل ما إنتي بتقللي بس إنتي مش عايزه اليه لأ أعملي حاجه"
    },
    {
        "start": 302.615,
        "end": 303.0,
        "speaker": "speaker_6",
        "text": "على"
    }
]