[
    {
        "start": 0.0,
        "end": 37.84,
        "speaker": "speaker_1",
        "text": "متعدوش الخطر فيع ده فميبقاش عندنا إحساس الشفقه عليه بالعكس إحنا عايزين ندعمه ونساعده بس مش صعبان عليه أو نسراق ونسر أفكاره  أو نسرق أفكار نس أوجر يعني إحنا استغرب يعني إتلخبطنا فيك إنتي ظهرتي في الأول رماله دي كان وجه ملاكي ملقكي جميل كيوت لطيفه أه عنده مشكلة إقامه والكلام ده كله جزء فلسطيني فاتعاطفنا من البدايه وإسمها خلانا نحبها أكتر و بعدين بصراحه ده إنتي كنتي ماشيه تلف علىرجانه كلها مسلسل يعني"
    },
    {
        "start": 37.96,
        "end": 40.6,
        "speaker": "speaker_0",
        "text": "م واخت يس واحد"
    },
    {
        "start": 40.8,
        "end": 43.52,
        "speaker": "speaker_1",
        "text": "ليه حنا نينك في الاخر بصراحه أو ف النص"
    },
    {
        "start": 43.96,
        "end": 46.36,
        "speaker": "speaker_0",
        "text": "في النص أه بس في الاخر يعني ماقلتوش"
    },
    {
        "start": 46.76,
        "end": 50.44,
        "speaker": "speaker_1",
        "text": "في الاخر حبناكي بقى لما إنتي حبيتيه بصراحه"
    },
    {
        "start": 50.56,
        "end": 51.0,
        "speaker": "speaker_0",
        "text": "إحكيلنا"
    },
    {
        "start": 51.04,
        "end": 53.2,
        "speaker": "speaker_1",
        "text": "بقى عن رمانا والإسم كمان"
    },
    {
        "start": 53.28,
        "end": 81.96000000000001,
        "speaker": "speaker_0",
        "text": "الإسم هو اختيار المعلف مو هي بطارق وأنا بصراحه دي أكتر حاجه لفت تباهيلي الدور أول ما مجاليش كبت وحسيت إنه إيه دهرمالها نا حسه أنا عايز أعرف الشخصيه دي أكتر وأبدأ أذاكرها واتخيلها فدي كانت حاجه محمسه أوي ليها بالزيت بالتفاصيل بتاعتها الشنطه والشنطه اللي مكتوب عليها رماله و الخريطه وكل التفاصيل دي فدي كلها حاجات سعدتني إن أنا أفهم رماله أكتر و هي شخصيه برضو مرتبه أوي وده اللي خلى الناس تتاخ"
    }
]