[
    {
        "start": 0.0,
        "end": 13.0,
        "speaker": "speaker_0",
        "text": "يعني خدت جابر الوعبير ده لوحده قصه إزاي اتنين يرجعوا لبعض تاني من بعد لما مايكونش في بينهم حب إن الحب ده بيجدي كل يوم ما فيش حاجه اسمها الحب  نا متولد مره واحده الحب ده لو إنتي عايزه الكام سنه عايز"
    },
    {
        "start": 13.0,
        "end": 15.6,
        "speaker": "speaker_1",
        "text": "أقولك على حاجه زي إنت طلعت قصه رومانسيه"
    },
    {
        "start": 15.84,
        "end": 17.04,
        "speaker": "speaker_0",
        "text": "فين قسروم"
    },
    {
        "start": 17.08,
        "end": 18.24,
        "speaker": "speaker_1",
        "text": "القصه في علاقه"
    },
    {
        "start": 19.08,
        "end": 20.0,
        "speaker": "speaker_0",
        "text": "كمن المسلسل لا"
    },
    {
        "start": 20.04,
        "end": 30.36,
        "speaker": "speaker_1",
        "text": "لا أ  أنا بقولك  دي دي دي خرجت إراجي كان في حته خيره زي مثلا عبد الحميد قالي راح هو نا"
    },
    {
        "start": 32.36,
        "end": 40.2,
        "speaker": "speaker_1",
        "text": "ن راح  على عقدي إن في زي مثلا صورات الحته  هتسوق رجعتنا الحقيقه  ا  في رم"
    },
    {
        "start": 40.24,
        "end": 42.0,
        "speaker": "speaker_0",
        "text": "ملهاش دعوه رومانسيه بش ريندي"
    },
    {
        "start": 42.16,
        "end": 48.8,
        "speaker": "speaker_1",
        "text": "ما ش قصدي يلا ليهم علاقه يعنا قصدي زي ما إنتي جبت الحته دي اللي اناس شايفه   نت في واعيه جد للي هي موجود"
    },
    {
        "start": 48.84,
        "end": 79.88,
        "speaker": "speaker_0",
        "text": "أنا مش ملاك أه مفيش حد فينا القاعدين دول ملايكه سواء راجل أو ست إنا أنا بشر أنا إنسان فأنا ودهو ده برضو اللي قرب الناس للمسلسل إن إنتي شوفتي له إحنا ده إحنا كلنا بنغلط أوقات مضلتش حاطين ربنا في حياتنا هو اللي بيمشيلنا أمورنا ده اللي إحنا بيجيهم في المسلسل له إحنا على فكره إم إحنا كلنا بالشكل ده فمفيش حد مالك و لا في حد شطان إحنا في نص فهتلاقي في خيانه بس خينه بيرجع يعني إنتي مش هتلاقي في المسلسل إن الناس مشيت خدي الطريق كله"
    },
    {
        "start": 80.2,
        "end": 82.44,
        "speaker": "speaker_1",
        "text": "ن هي رجع طب  مشمفي"
    },
    {
        "start": 82.48,
        "end": 84.4,
        "speaker": "speaker_0",
        "text": "لناس مشخر يا أستاذ خالت حتى لو"
    },
    {
        "start": 86.72,
        "end": 88.32,
        "speaker": "speaker_1",
        "text": "عن"
    },
    {
        "start": 88.36,
        "end": 88.76,
        "speaker": "speaker_0",
        "text": "التجات"
    },
    {
        "start": 90.88,
        "end": 91.03999999999999,
        "speaker": "speaker_1",
        "text": "س"
    },
    {
        "start": 91.08,
        "end": 91.36,
        "speaker": "speaker_0",
        "text": "ل"
    },
    {
        "start": 91.36,
        "end": 91.56,
        "speaker": "speaker_1",
        "text": "ناس"
    },
    {
        "start": 91.92,
        "end": 108.96000000000001,
        "speaker": "speaker_0",
        "text": "كان تعد جوز رانيا غريت سوقي كان خايل إم يعني خاقل عقده عنده عقده فلراجل كان فاين فامتقدريش يقول ناس ود لراجل بيعني يعرف بنات صغير فلما يتعدل ويعرف إن مراته هي الأهم هو الفكره كلها إنتي إزاي عالقت"
    }
]