[
    {
        "start": 0.0,
        "end": 6.52,
        "speaker": "speaker_1",
        "text": "إزاي و هو بيبقى اللي بيضحك هو هيتضرك الموقف ده إزاي غ إن هو هيخش في النوكه اللي بعدها إزاي أوفي السينما الل بعدها"
    },
    {
        "start": 6.76,
        "end": 10.64,
        "speaker": "speaker_0",
        "text": "أسو مره عملت فيها سنده الكوميدين حصني أو اسندق"
    },
    {
        "start": 10.8,
        "end": 12.8,
        "speaker": "speaker_1",
        "text": "هو الحمد لله مش مش يعني"
    },
    {
        "start": 12.84,
        "end": 15.04,
        "speaker": "speaker_0",
        "text": "متحكوش مده طويله يعني"
    },
    {
        "start": 15.2,
        "end": 22.52,
        "speaker": "speaker_1",
        "text": "لا هو هو كان موقف هو كان في جوك أنا ضامنها ديه دايما أحسن عند فنام الكوميننز يبقى فيش قوضه منها ضامن إن جيب بتضحك"
    },
    {
        "start": 22.6,
        "end": 23.08,
        "speaker": "speaker_0",
        "text": "تمام"
    },
    {
        "start": 23.2,
        "end": 46.72,
        "speaker": "speaker_1",
        "text": "فلما بتبقي ضنها أوي ساعات بتقلش في مره حسن و كان فيها حركه وبعمل حركه ومجهود فالناس بتضحك بتسقف فأنا برجع في السوقكسي ده شرب ميه وحده شويه فمحصلش سوكسي فرجعت في الصنت كانت دي كانت أكتر صوت مؤلم بقى صوت السنط"
    },
    {
        "start": 46.8,
        "end": 47.96,
        "speaker": "speaker_0",
        "text": "ملمعارف"
    },
    {
        "start": 48.24,
        "end": 49.0,
        "speaker": "speaker_1",
        "text": "ففهره بتاعت"
    },
    {
        "start": 49.28,
        "end": 49.56,
        "speaker": "speaker_0",
        "text": "صام"
    },
    {
        "start": 49.6,
        "end": 50.48,
        "speaker": "speaker_1",
        "text": "تتيجيل"
    },
    {
        "start": 50.48,
        "end": 50.6,
        "speaker": "speaker_0",
        "text": "أه"
    },
    {
        "start": 51.16,
        "end": 56.08,
        "speaker": "speaker_1",
        "text": "الواحد بيرجع نفسه فيها كده وقول هناي اللي جابني هيإنت"
    },
    {
        "start": 56.16,
        "end": 59.24,
        "speaker": "speaker_0",
        "text": "أمورستانده بكوميدي يا جماعه أه طبعا فعلا"
    },
    {
        "start": 59.6,
        "end": 61.08,
        "speaker": "speaker_4",
        "text": "وبحب تقعر يتفرج عليه أوي"
    },
    {
        "start": 61.12,
        "end": 63.44,
        "speaker": "speaker_0",
        "text": "أه أنا حاجر إنتي اجمهور استندب بكومي ه"
    },
    {
        "start": 63.72,
        "end": 64.64,
        "speaker": "speaker_2",
        "text": "روح عفلات كتير"
    },
    {
        "start": 64.76,
        "end": 66.04,
        "speaker": "speaker_0",
        "text": "بتروحيله يعني مثلا"
    },
    {
        "start": 66.16,
        "end": 71.16,
        "speaker": "speaker_2",
        "text": "روحت اخر حفله هو كان فيهاأهفقليت يعني هو وبقيت لإحنا"
    },
    {
        "start": 71.32,
        "end": 83.88,
        "speaker": "speaker_1",
        "text": "جروب إسم أنا دقليت قدم سند كومبيبقالنا تقريبا تلات سنين مع بعض كلنا بقالنا أكتر من كده يعني بس إحنا الجروب ده باله لأ سوري بقاله خمس سنين يعنهربيان لازيم اوقت بقعد ا مثلا"
    },
    {
        "start": 83.96000000000001,
        "end": 85.2,
        "speaker": "speaker_0",
        "text": "الوقت بالل حلو بيعدي"
    },
    {
        "start": 85.32,
        "end": 93.32,
        "speaker": "speaker_1",
        "text": "سكون من سبعه أنا ومحمد أشرف و مصطفى عباس توفي وأحمد عصام السيد ومحمد حلمي وأحمد خيلي وريد المجايزي"
    },
    {
        "start": 93.6,
        "end": 107.4,
        "speaker": "speaker_0",
        "text": "هجر وإنتي بتمثلي معاه مشاهد بقى في رومانسيه و في حاجات تانيه بيضحك ساعات وإنتي عارفه إن هو كوميدين يعني هو كوميدي إنتي تبص كده لتهو ممكن تضحكي لوحدك فيعني ممش"
    },
    {
        "start": 107.4,
        "end": 109.08,
        "speaker": "speaker_1",
        "text": "عارف بيبقى حج حلو"
    },
    {
        "start": 109.4,
        "end": 109.75999999999999,
        "speaker": "speaker_0",
        "text": "ويحسن"
    },
    {
        "start": 109.96000000000001,
        "end": 112.92,
        "speaker": "speaker_3",
        "text": "مش عارف بح"
    },
    {
        "start": 113.03999999999999,
        "end": 113.44,
        "speaker": "speaker_1",
        "text": "وليه"
    },
    {
        "start": 113.44,
        "end": 115.68,
        "speaker": "speaker_0",
        "text": "أهجر يعني في مرات"
    },
    {
        "start": 115.84,
        "end": 136.32,
        "speaker": "speaker_2",
        "text": "را مش مرات مرات كتير دايما وكانش بيبقى في إفاد كده ما بينا فكانت بتساعد إن إحنا يعني نفك التوتر كده أو ل في تنشن في وسط التصوير بس لأ بس برضو وقت الجد أو لو مشاهد أتقال شويه أو فيها مشاعر أكتر لأ برضو هو كان بيسعد أوي إن إحنا الاتنين نخش في المود بتاع المشهد يعني وهن"
    },
    {
        "start": 136.36,
        "end": 137.88,
        "speaker": "speaker_0",
        "text": "برضو يعني بيضحك"
    },
    {
        "start": 138.68,
        "end": 141.8,
        "speaker": "speaker_3",
        "text": "طراق أه طبعا"
    },
    {
        "start": 142.24,
        "end": 143.32,
        "speaker": "speaker_0",
        "text": "حسن ن"
    },
    {
        "start": 143.6,
        "end": 147.72,
        "speaker": "speaker_1",
        "text": "ين عارفين"
    },
    {
        "start": 147.8,
        "end": 147.92000000000002,
        "speaker": "speaker_2",
        "text": "لأ"
    },
    {
        "start": 148.0,
        "end": 148.2,
        "speaker": "speaker_0",
        "text": "بس"
    },
    {
        "start": 148.28,
        "end": 164.32,
        "speaker": "speaker_3",
        "text": "كان يعني مشكلتي مع حسن إن أنا أول ما فيوش يعني بخش لمثل هو أنا عامله كده عبير مش طيقه على طول عيز فبوده حسن قالي وإيه إضحكي إحنا في قوت  الحج يامي أنا مش طايقتول"
    },
    {
        "start": 164.32,
        "end": 172.96,
        "speaker": "speaker_4",
        "text": "الوقت بيبقعدي لا لا و هو هو كان عندك شلج معايا بصراحه لأن انا دايما بحب هزر كتير أوي أنا عقد حك هزر جاب ده وسمك"
    }
]