[
    {
        "start": 0.0,
        "end": 0.88,
        "speaker": "speaker_1",
        "text": "إنتاج رائعه"
    },
    {
        "start": 0.92,
        "end": 1.0,
        "speaker": "speaker_5",
        "text": "م"
    },
    {
        "start": 2.88,
        "end": 5.16,
        "speaker": "speaker_1",
        "text": "بالمناسبه أصحا الأستاذ خالد منار"
    },
    {
        "start": 5.2,
        "end": 8.72,
        "speaker": "speaker_4",
        "text": "دين الكارتن لاركت أ إن هو نيشي إسمه نار"
    },
    {
        "start": 8.96,
        "end": 10.16,
        "speaker": "speaker_0",
        "text": "فعلا فعلا منار"
    },
    {
        "start": 10.44,
        "end": 13.04,
        "speaker": "speaker_1",
        "text": "موهبه حقيقيه بنصح أي مخرج يتعامل"
    },
    {
        "start": 13.08,
        "end": 14.6,
        "speaker": "speaker_0",
        "text": "معاها يعني مشاتهتي"
    },
    {
        "start": 14.8,
        "end": 17.56,
        "speaker": "speaker_3",
        "text": "فلروح دي يا أستاذي هي ب"
    },
    {
        "start": 17.56,
        "end": 19.16,
        "speaker": "speaker_6",
        "text": "هي بالس العمل ستااء بالفعل"
    },
    {
        "start": 19.2,
        "end": 20.96,
        "speaker": "speaker_2",
        "text": "ه كانت عامله كانت كانت مساهل"
    }
]