[
    {
        "start": 0.0,
        "end": 1.44,
        "speaker": "speaker_3",
        "text": "إحنا جايين من كذا"
    },
    {
        "start": 2.4,
        "end": 4.04,
        "speaker": "speaker_2",
        "text": "قبل ما نقرا المشهد فكان"
    },
    {
        "start": 4.24,
        "end": 7.0,
        "speaker": "speaker_1",
        "text": "ساعات كتير بنركن الورق وبيقولي نمعنى"
    },
    {
        "start": 7.0,
        "end": 9.88,
        "speaker": "speaker_0",
        "text": "الكلام إم يمكن ده اللي خلاه القائيه أوي إن هو ك"
    }
]