[
    {
        "start": 0.0,
        "end": 41.2,
        "speaker": "speaker_0",
        "text": "للممثل يشتغل فيهار إم و ده مهم أوي فيكونوا معانا على فكره المخرج والسماريس بتاع لهموا عايهدي هيدخولوا علىا ش هيبقي مشكله المسلاس دي كل يحنا إيه الناس كلها أنا مش بتكلم عاش     دت أنا أساسي أنا معاهم    هل ده علاه لأن التجارب الذيكوريه  اتقدمت في المسلسل معظمها يا أستاذ سيد ددخون بشكل أو بإلحاح بقى بعين فرغه لأي سبب ن   اي هيعمل إيه أهلج يون معا ع هل ده على إنه يعنيلأ"
    },
    {
        "start": 41.24,
        "end": 41.56,
        "speaker": "speaker_1",
        "text": "جوزه"
    },
    {
        "start": 41.68,
        "end": 55.96,
        "speaker": "speaker_0",
        "text": "ده كان مقصود إلازم د أحصب الحته دي ونا لازم الست بقى لأن كل مره كي كل سيده إتعرضت للموقف ده في المسلسل كارد فعليها مختلفناريمين غير أنا لسه  كل واحده ردت بشكل مختلف"
    },
    {
        "start": 56.36,
        "end": 63.44,
        "speaker": "speaker_1",
        "text": "أنا هقولك الهدف من دوت معتقدش هو إن الراجل بيخوش أنا رأيين"
    },
    {
        "start": 63.44,
        "end": 65.52,
        "speaker": "speaker_0",
        "text": "بيعمل إيه يا أستاذه  ر"
    },
    {
        "start": 65.52,
        "end": 66.12,
        "speaker": "speaker_1",
        "text": "هقول لحضرتك"
    },
    {
        "start": 67.32,
        "end": 67.44,
        "speaker": "speaker_0",
        "text": "نا"
    },
    {
        "start": 67.8,
        "end": 81.24,
        "speaker": "speaker_1",
        "text": "راي ن المسلسل طرخ قضية نقاش مهم جدا ألا وهو مشاوابن الرجل ولمرأه وهل الراجل لما يخون هل يبقى من حقها يدخون إم وهل الراجل من حقه يخون أساسا"
    }
]