[
    {
        "start": 0.0,
        "end": 9.36,
        "speaker": "speaker_3",
        "text": "شويه يعني مش عامل يعني مش حاسين إن في حاجه مختلفه عندنا هو فعلا إحنا بنتعلم كمان من كل تفاصيله هو بيعملها في لنظامه و في الشغل بتاعه"
    },
    {
        "start": 9.88,
        "end": 23.8,
        "speaker": "speaker_1",
        "text": "كنس من طويف التوحد والنظام و جدا وإن هو بيعمل نفس الحاجات بيشرب شاي بلبن هو هو بيصحب بالظبط مواعيد معينه لازم نتكلم على الموسيقى وهانيش مودر دي كانت فكرة مين الفكره العبقريه دي"
    },
    {
        "start": 25.2,
        "end": 26.76,
        "speaker": "speaker_2",
        "text": "ابتديت أستاذ طارق جناني"
    },
    {
        "start": 27.0,
        "end": 27.2,
        "speaker": "speaker_0",
        "text": "أه"
    },
    {
        "start": 27.52,
        "end": 28.4,
        "speaker": "speaker_1",
        "text": "الهضا أمرو دي"
    },
    {
        "start": 28.52,
        "end": 29.12,
        "speaker": "speaker_0",
        "text": "هو هو"
    },
    {
        "start": 29.28,
        "end": 29.8,
        "speaker": "speaker_1",
        "text": "أمر أه"
    },
    {
        "start": 30.12,
        "end": 63.4,
        "speaker": "speaker_0",
        "text": "هو هو اللي كان في الاسكريبت الأول و هي الطارق كان كاتب الفرقة المصريين كانت في الورق إن نادين بيسمع فرقة المصريين فبعد كده أستاذ طارق طبعا حكه عن ده برضو مع سونس عمرو دياب أه إن هو عشان فرقة المصريين كده كه وريدي موجوده في الورق فلأستاذ تارق كان برضو صحيب فكرة إن الأستاذ العظيم لعبقرين أستاذ هانيش نموضى إن هو يبقى اللي بيعمل اموسيقا التصويريه بتاعت المسلسل ودي حاجه طبعا يعني وادة المسلسل في حته تانيه خالص كما"
    },
    {
        "start": 63.6,
        "end": 75.48,
        "speaker": "speaker_1",
        "text": "ر وقتلهاني سوده قولتوله عايزينك تعمل الموسيقى التصويه المسلسل بالظبط يعني دي مش مجرد أغاني إنتو لعبتوها لأ هو عمل الموسيقى عقد الموسيخى التصوير المسلسل"
    },
    {
        "start": 75.6,
        "end": 80.92,
        "speaker": "speaker_2",
        "text": "بالظبط وغاير الموضوع يعني الموضوع كان في حته والموسيقى طبعا خادتها في حته تانيه خالص"
    },
    {
        "start": 81.0,
        "end": 117.44,
        "speaker": "speaker_1",
        "text": "وقعادت تقديم أغنيات مهمه بالنسبه لجيلي أنا حفظينها كلها إم فبالنسبالي و كمان الأماكن الأغاني في لحظاتها في مشاعرها كانت عظيمه جدا ده هي كان  حالي كمان يسلحها وبسوط الغالي جدا وعايز أقولكوا برضو بصينا على جوج السوريتش  إنه إعادة البحث عن أغاني الفريق فرقة المترين فرقة المصريين دي تمانينات يا جماعه يعني خلصت واخر التمانينات وتوقفت في النهايه خلاص مبقاش في أغاني مصري"
    },
    {
        "start": 117.47999999999999,
        "end": 119.6,
        "speaker": "speaker_0",
        "text": "وقبل ما انسرس كمان سي بقى"
    },
    {
        "start": 119.64,
        "end": 123.16,
        "speaker": "speaker_1",
        "text": "على الجوبالسويتش على أغاني المصريين كدتهاليت إزاي مع"
    },
    {
        "start": 123.84,
        "end": 130.44,
        "speaker": "speaker_0",
        "text": "فكرة أماكن الأغاني في المسلسل دي برضو ه بنشكر عليها كريم سعبد المنتير"
    },
    {
        "start": 130.56,
        "end": 130.84,
        "speaker": "speaker_3",
        "text": "كان"
    }
]