[
    {
        "start": 0.16,
        "end": 4.48,
        "speaker": "speaker_2",
        "text": "فعشان كده ربنا وصانا حاجه بتطلع بالشكل شفنا بيها بشغل"
    },
    {
        "start": 4.52,
        "end": 14.68,
        "speaker": "speaker_1",
        "text": "إم بس برضو بتفرق وإنت أكيد حسيته ده يعني حتى لالأغنيه و بالكبللي اتعمليها الأولانيه اللي بتحكي لقصة الأب وذاين و حبب"
    },
    {
        "start": 14.72,
        "end": 15.4,
        "speaker": "speaker_0",
        "text": "بنته"
    },
    {
        "start": 16.44,
        "end": 20.12,
        "speaker": "speaker_1",
        "text": "ده عبقى فكره للناس عنى القصه وشوقهم كمان إن هما يشوفوا"
    },
    {
        "start": 20.28,
        "end": 34.12,
        "speaker": "speaker_0",
        "text": "لأ وفوق القصه دي القصه كمان إن كل دلوقتي تلاقي الأفراح معظمها بتشغل ما تيجي تتفناجع فيس بوك و كلام إن نت تلاقي أب بيغني بجد لبنته الأغنيه دي فمش منجحتش بس في المسلسل دي نجحت"
    },
    {
        "start": 35.32,
        "end": 40.72,
        "speaker": "speaker_1",
        "text": "جاتلينا بقى أسئله بالتحديد ليكي إم كنتي مختفي فين الفتره اللي فاتت باليت كتير جدا"
    },
    {
        "start": 40.88,
        "end": 43.4,
        "speaker": "speaker_0",
        "text": "فعلا الحقيقه الناس فاهمين غلط خالص"
    },
    {
        "start": 43.92,
        "end": 45.32,
        "speaker": "speaker_1",
        "text": "ل أنك كنت عارفتين"
    },
    {
        "start": 45.44,
        "end": 47.36,
        "speaker": "speaker_0",
        "text": "مبعملش أي حاجه في حياتي"
    },
    {
        "start": 47.6,
        "end": 47.88,
        "speaker": "speaker_1",
        "text": "يعني"
    },
    {
        "start": 50.24,
        "end": 51.24,
        "speaker": "speaker_0",
        "text": "بس راحه شديده"
    },
    {
        "start": 51.52,
        "end": 52.6,
        "speaker": "speaker_1",
        "text": "رافضه بتشتغلي ولا"
    },
    {
        "start": 52.64,
        "end": 78.92,
        "speaker": "speaker_0",
        "text": "لأ طبعا ما فيش حد في الدنيا بيرفتوش همل لإيه لأن الشغل هو استمرار هو النجاح طول ما أنا موجوده بتطول ما أنا بنجح وطول ما في شغل يعني أنا متواجده الحقيقه كان في فتره طبعا دي لكل عرفه فترة والدتي رحمة الله عليها بعديها دخلت مسلسل مع الأستاذ محمود عبد العزيز من ساعتها فعلا مجاليش ورقه خالص يعني الفتره ا"
    }
]