[
    {
        "start": 0.0,
        "end": 3.44,
        "speaker": "speaker_2",
        "text": "جديده جدا بالمجتمع ويا رب دايما نبقى"
    },
    {
        "start": 4.68,
        "end": 5.6,
        "speaker": "speaker_0",
        "text": "كلنا"
    },
    {
        "start": 6.32,
        "end": 8.48,
        "speaker": "speaker_2",
        "text": "قد المسئوليه دي قدام الناش وقدام"
    },
    {
        "start": 8.56,
        "end": 43.76,
        "speaker": "speaker_1",
        "text": "يا رب إن شاء الله أ بشكرك جدا ومره تانيه بقولكوا ألف مبروك هنروح دلوقتي نشوفالكواليس بعد كواليس مسلسل أبل العروس و بعدين نرجع كمل معاناراف"
    },
    {
        "start": 44.12,
        "end": 44.88,
        "speaker": "speaker_2",
        "text": "وايل"
    },
    {
        "start": 45.04,
        "end": 56.72,
        "speaker": "speaker_0",
        "text": "أولاسن بيب"
    },
    {
        "start": 56.72,
        "end": 57.32,
        "speaker": "speaker_2",
        "text": "العربيين"
    },
    {
        "start": 57.52,
        "end": 59.2,
        "speaker": "speaker_0",
        "text": "لا بقى ي مسوته عاي دلوقتي"
    },
    {
        "start": 59.28,
        "end": 59.92,
        "speaker": "speaker_1",
        "text": "وهيي"
    },
    {
        "start": 59.92,
        "end": 98.6,
        "speaker": "speaker_0",
        "text": "بقىهي جو انت تواضل في التسقولي وبتاع يا  كاسلم تكدهو شا ارو منا جي  بيت بس اللي هولا مي عليكو دلوقتيأنا سايبك بع ي عمر نرجعت الحياه ويه شايل ري راح فصاي اي ليه ماشي ولت يا فام ربنا يخليك ياع"
    },
    {
        "start": 98.8,
        "end": 99.44,
        "speaker": "speaker_2",
        "text": "يا دع"
    }
]