[
    {
        "start": 0.62,
        "end": 2.08,
        "speaker": "speaker_2",
        "text": "قسميه أمو قس هو"
    },
    {
        "start": 2.16,
        "end": 3.6,
        "speaker": "speaker_3",
        "text": "حلا ليكو حرام ليا"
    },
    {
        "start": 3.68,
        "end": 4.96,
        "speaker": "speaker_1",
        "text": "و بعدين تعالى هنا"
    },
    {
        "start": 5.04,
        "end": 6.6,
        "speaker": "speaker_3",
        "text": "إنت عرفت مني أنا كنت مع حد"
    },
    {
        "start": 6.64,
        "end": 7.96,
        "speaker": "speaker_0",
        "text": "ياجابر إسمي مجيبه"
    }
]