[
    {
        "start": 0.0,
        "end": 2.24,
        "speaker": "speaker_0",
        "text": "رج واحد بس خلينا مبعدش أمي"
    },
    {
        "start": 2.32,
        "end": 6.16,
        "speaker": "speaker_1",
        "text": "ب سلام حدبس هو إا شاء الله"
    },
    {
        "start": 7.68,
        "end": 9.8,
        "speaker": "speaker_0",
        "text": "أنا مش أنا وإنتي مش جاوبين"
    },
    {
        "start": 9.96,
        "end": 12.36,
        "speaker": "speaker_1",
        "text": "كمان بقيت عبد الحميد حافظ هو"
    },
    {
        "start": 12.4,
        "end": 15.32,
        "speaker": "speaker_0",
        "text": "هيا عدله إحنا هنا إيه  طيب"
    },
    {
        "start": 15.52,
        "end": 24.56,
        "speaker": "speaker_1",
        "text": "كلت عاده علينا  ل"
    },
    {
        "start": 24.68,
        "end": 26.24,
        "speaker": "speaker_0",
        "text": "هو كالو رزق العيال"
    },
    {
        "start": 26.36,
        "end": 26.96,
        "speaker": "speaker_1",
        "text": "لأ ده أنجيه"
    }
]