[
    {
        "start": 1.56,
        "end": 2.44,
        "speaker": "speaker_2",
        "text": "فيها حالة حب"
    },
    {
        "start": 2.48,
        "end": 3.48,
        "speaker": "speaker_0",
        "text": "الدليل إنه"
    },
    {
        "start": 3.72,
        "end": 5.56,
        "speaker": "speaker_2",
        "text": "في اللحظه الوحيده اللي"
    },
    {
        "start": 5.64,
        "end": 15.92,
        "speaker": "speaker_0",
        "text": "قسى عليها فيها هي ملقيتش حاجه ودنفعل الممثل الطبيعي بقه اللي هو ممكن ميبقاش مكتوب ملقيتش حاجه تقولها غير داود"
    },
    {
        "start": 16.2,
        "end": 17.8,
        "speaker": "speaker_1",
        "text": "تنبهنه تينبعلوتاين إم"
    },
    {
        "start": 18.08,
        "end": 23.76,
        "speaker": "speaker_0",
        "text": "راغل مقصوته اللي سابها و هي بيقولها أي كلمه تانيه هطلك هي"
    }
]