[
    {
        "start": 0.0,
        "end": 4.52,
        "speaker": "speaker_0",
        "text": "هي ليها و نشوف عز المحامي وحسن"
    },
    {
        "start": 4.84,
        "end": 6.92,
        "speaker": "speaker_2",
        "text": "وسط"
    },
    {
        "start": 7.04,
        "end": 8.6,
        "speaker": "speaker_3",
        "text": "طب بقولك على سر"
    },
    {
        "start": 8.76,
        "end": 12.72,
        "speaker": "speaker_1",
        "text": "نتعارف إن إنت أكتر واحد أنا بحبه وبعزه في المكتب دهله"
    }
]