[
    {
        "start": 0.0,
        "end": 16.0,
        "speaker": "speaker_0",
        "text": "التفاصيل الشخصيات إنتي بتدنيها بالشكل ده في المسلسل مشي كده ممشيش لفرد إم تشيش لفردين مشي لهحواله لحم دم لكل قط فيهم فده اللي خلى الناس تحسي إن الموضوع مختلف"
    },
    {
        "start": 16.24,
        "end": 28.52,
        "speaker": "speaker_2",
        "text": "الأغنيه بقى اللي هي الأغنيه اللي هي بدأت قبل حتى كبرو للمسلسل وعملت مشاهدات بالملايين عظيمه أنا مش عايز أقوله عايز أقولك بس عايزين"
    },
    {
        "start": 30.56,
        "end": 41.92,
        "speaker": "speaker_2",
        "text": "بتفرق كتيره جدا عمل لأي عمل زي ما بقولوا كده إيه تقديمه حلوه يعني الأغنيه دي كانت لتقديمه الحلوه المسلسل اللعلش النا إن إنتو هتشوفه حاجه حلو"
    },
    {
        "start": 42.28,
        "end": 61.96,
        "speaker": "speaker_1",
        "text": "يعني هو ممكن يكون الوقات اللي نزلت في الأغنيه هو بالنسبه لناس هو تقديمة المسلسل إحنا لحان كنا شغالين قبلها بشويه هي الفكره كلها بس نالأغنيه لمس حالة المسلسل أو إحنا دخلنا جوه المسلسل بجد دخلنا جوه الورق بجد إم عشنا شخصيات"
    }
]