[
    {
        "start": 0.0,
        "end": 1.04,
        "speaker": "speaker_1",
        "text": "الحمد"
    },
    {
        "start": 1.16,
        "end": 7.32,
        "speaker": "speaker_0",
        "text": "لهه أيوه بدونهر سن طارق لي كلهم بيسلموا عليك يا طارق لا"
    },
    {
        "start": 7.36,
        "end": 7.48,
        "speaker": "speaker_1",
        "text": "لا"
    },
    {
        "start": 7.56,
        "end": 11.12,
        "speaker": "speaker_0",
        "text": "لا لا ده ده ده حسن أبو الروس بيسلم عليه"
    },
    {
        "start": 11.12,
        "end": 12.12,
        "speaker": "speaker_1",
        "text": "أه حسن إيه"
    },
    {
        "start": 12.48,
        "end": 17.2,
        "speaker": "speaker_0",
        "text": "حسن بيه أيوه ولد لابس زاكت حسن الدين مصطفى و كده جايت"
    },
    {
        "start": 18.64,
        "end": 26.72,
        "speaker": "speaker_1",
        "text": "أنا أنا ضيف مش عارف إن أنا بتفرج نه مش عارف إيه الموجود بسا بتسلم عليهم كلهم و أول يوم شعدك طبا"
    },
    {
        "start": 26.8,
        "end": 30.96,
        "speaker": "speaker_0",
        "text": "هشكرك طارق اختيار صعب ليه ليه"
    }
]