[
    {
        "start": 0.62,
        "end": 2.2,
        "speaker": "speaker_2",
        "text": "هو الطيف ففي مراحل"
    },
    {
        "start": 2.24,
        "end": 3.04,
        "speaker": "speaker_0",
        "text": "كتير أوي"
    },
    {
        "start": 3.48,
        "end": 4.88,
        "speaker": "speaker_1",
        "text": "فكان أول سؤال سألناه"
    },
    {
        "start": 4.88,
        "end": 5.96,
        "speaker": "speaker_3",
        "text": "هو إحنا عايزين نديم"
    }
]