[
    {
        "start": 0.0,
        "end": 7.96,
        "speaker": "speaker_2",
        "text": "ينلما بيحصل الجواز هي ونادين بيبقوا عايشين مع بعض فبتبدأ بقى تشوف إن هو لأ هو شخص أنا فعلا و كن أحبه"
    },
    {
        "start": 8.8,
        "end": 9.2,
        "speaker": "speaker_0",
        "text": "عشره"
    },
    {
        "start": 9.88,
        "end": 11.12,
        "speaker": "speaker_2",
        "text": "وأكمل يعني هي"
    },
    {
        "start": 11.72,
        "end": 13.76,
        "speaker": "speaker_1",
        "text": "ه وصولها في المسلسل سوريي"
    },
    {
        "start": 13.8,
        "end": 14.48,
        "speaker": "speaker_2",
        "text": "فرستين"
    },
    {
        "start": 14.52,
        "end": 17.08,
        "speaker": "speaker_1",
        "text": "أه إنتي فيكي أي عرق كده أنا"
    },
    {
        "start": 17.12,
        "end": 18.52,
        "speaker": "speaker_2",
        "text": "أصلا سوريه أه فعلا"
    },
    {
        "start": 18.72,
        "end": 27.48,
        "speaker": "speaker_1",
        "text": "و أنا قولت برضو البياض والحالات ين عش إنتاج مصرلا لا ود في لمحل أه بتدع دا"
    },
    {
        "start": 27.48,
        "end": 32.36,
        "speaker": "speaker_2",
        "text": "كان أصلا سريه فأنا كان مساعيدني إن أنا يعني أريليت أكتر الشخصيه كمان"
    },
    {
        "start": 33.0,
        "end": 45.96,
        "speaker": "speaker_1",
        "text": "وقام بقى يعني و أنا بشوفها دلوقتي قولتلها إنتي صغيره جدا ليه شكلها طبعا الميكاب واضح إنه الشخصيه عشان يكبروها ويعملوها في الأربعينات مش فاهمه إيه منها الأربعينت لا"
    },
    {
        "start": 46.0,
        "end": 48.92,
        "speaker": "speaker_0",
        "text": "حلو والله مش قصدي حات م سبب أكبر"
    },
    {
        "start": 49.04,
        "end": 53.6,
        "speaker": "speaker_1",
        "text": "ن مش عايفين كده مش كويس إحنا دخلنا في الخمسينات فعيد كده يعني"
    },
    {
        "start": 54.64,
        "end": 56.04,
        "speaker": "speaker_1",
        "text": "في تلاتين بس بطل يلها"
    },
    {
        "start": 57.44,
        "end": 58.0,
        "speaker": "speaker_0",
        "text": "شكرا"
    },
    {
        "start": 58.72,
        "end": 69.2,
        "speaker": "speaker_1",
        "text": "شخصيه  كنت ي في البرنامج ده ممنوع الكلام عن السن في البرنامج ده طيب واضح ين الميكب كان مقصود إن هو كانب"
    },
    {
        "start": 69.24,
        "end": 93.96000000000001,
        "speaker": "speaker_0",
        "text": "كتير أوي وشر دايما يقولولي إنت كنتي أكتر واحده بتتأخري قبل ما تنزلي يا جماعه أنا مش عايز أعمل كده شيه فرديد اللي عايزين نعمل كده الاستايلس تهي اللي عايزيني أبقى شكلي حد أوي عشان كان أنا بقىباينا إن أنا أكبر من حسن ده كان حاجه مقصوده إن أنا يبقى شكل أكبر من عيز طول الوقت وبس معرفش بقاى بس يعني تمامي يعني ما كانش عندي مشكله يعني أربعينات خمسينات إحنا أوكايه شارع ماه"
    },
    {
        "start": 94.0,
        "end": 102.84,
        "speaker": "speaker_1",
        "text": "أنا بس عايز أقول طبعا إنتو تعرفه كل الناس تعرف تهد سوقي يعني مسلسل عائلي موضوع هاني"
    }
]