[
    {
        "start": 0.0,
        "end": 5.96,
        "speaker": "speaker_1",
        "text": "حساس أوي فبالتالي و إحنا تقريبا مدرسه واحده و الله مدرسة الارتجاع عشان"
    },
    {
        "start": 5.96,
        "end": 8.48,
        "speaker": "speaker_0",
        "text": "تقريبا بتعوض الإناس عملته في عضال أي"
    },
    {
        "start": 9.2,
        "end": 39.16,
        "speaker": "speaker_1",
        "text": "ا والله يعني حقيقي بدي كل حد حقه لقنا حيو ناقدره إنك في ماسيرتك و انت بتشتغل م تلاقي ناس حابين بعض أوي واللي ما بين الكواليس طالع على الشاشه أحي ده  ده حقيقي حلو أوي خالد كمان و إحنا بنمثل طول طول الوقت بنضحك و ده لوسل للناس اللي هو لو في مشكله جامده جدا و أنا ممكن يكون بعيط فيها لازم كان خالد يقفلها و إحنا بنضحك إم و ده الميزه المصريه للبيت المصري المهم أوي بجد"
    },
    {
        "start": 39.4,
        "end": 40.88,
        "speaker": "speaker_2",
        "text": "واحد من أسرحته بجد"
    },
    {
        "start": 40.92,
        "end": 41.0,
        "speaker": "speaker_1",
        "text": "ه"
    },
    {
        "start": 41.08,
        "end": 41.48,
        "speaker": "speaker_2",
        "text": "ده"
    },
    {
        "start": 42.0,
        "end": 44.16,
        "speaker": "speaker_1",
        "text": "إزاي عارف مشكله إحنسامه"
    },
    {
        "start": 45.0,
        "end": 46.92,
        "speaker": "speaker_0",
        "text": "عشان سعين واصط التحديدات"
    },
    {
        "start": 46.96,
        "end": 62.08,
        "speaker": "speaker_2",
        "text": "عشان نعدي صح هي دي الفكره فلاصدار كمان على الزايت بس هي صابرين بتتكلم على إ اللي هي يعني اللي هي بتشكره فينا هي فيها هي كمان بس  عارف نس ممكن يبقى والله العظيم إحنا مش بتقع"
    },
    {
        "start": 62.48,
        "end": 64.52,
        "speaker": "speaker_0",
        "text": "ل  عايز"
    },
    {
        "start": 64.88,
        "end": 67.52,
        "speaker": "speaker_2",
        "text": "كان أنا مش كل الأعمال بقول فيها كده على فكره لا"
    },
    {
        "start": 67.56,
        "end": 81.76,
        "speaker": "speaker_0",
        "text": "ده واحد  خلينا نقول حاجه تانيه كمان لأنه الحاله دي وصلت من خلال مشاهدتنا المسلسل أه لأن أنا يعني أنا كنا عو ب كده على إن جزء من الكيميا  موجوده دي كانت كان في لقافات عفويه مش مكتوبه هبس بانت من المشهد"
    },
    {
        "start": 81.8,
        "end": 105.36,
        "speaker": "speaker_1",
        "text": "أه بس ده برضو حناوي عامل أساس حلو صح فبالتالي إحنا لما بنيجي والمخرج فاهم وخالج هاضم الليله إم فلما بنيجي نعمل أي حاجه بتقطلع وزائت كمان إحنا كمصريين عندنا ميزه مختلفه عن العالم مع احترام البيميه العالم إن إحنا فعلا بنداوي جراحنا بنوقته"
    },
    {
        "start": 105.52000000000001,
        "end": 106.4,
        "speaker": "speaker_0",
        "text": "نقته أه في"
    },
    {
        "start": 106.4,
        "end": 106.72,
        "speaker": "speaker_1",
        "text": "الاخ"
    },
    {
        "start": 107.88,
        "end": 108.2,
        "speaker": "speaker_0",
        "text": "و إنت"
    },
    {
        "start": 109.08,
        "end": 110.96000000000001,
        "speaker": "speaker_1",
        "text": "لو ملقيناش حاجه نضحك بيضحك على نفسنا"
    },
    {
        "start": 111.75999999999999,
        "end": 115.92,
        "speaker": "speaker_2",
        "text": "في جزء لجماعي في الموضوع ده بدئ من هنا بدئ"
    }
]