[
    {
        "start": 1.9,
        "end": 16.33,
        "speaker": "speaker_1",
        "text": "هل إنتم مع ضد ختان الإناس طبعا زي ما حضراتكم شوفتهم في ناس م قاسمه يعني في بعض من الناس مع فتاناناس وما زالوا للأسف والبعض الاخر ضد هذه العاده السيئه"
    },
    {
        "start": 16.78,
        "end": 22.330000000000002,
        "speaker": "speaker_1",
        "text": "أكتر من سبعه و عشرين دوله أفريقيه ما زالت تمارس هذه العده حتى هذا اليوم"
    },
    {
        "start": 22.86,
        "end": 32.09,
        "speaker": "speaker_1",
        "text": "هنا عندنا في مصر في عام ألفين وتلاته صدر أولبرنامج حكومي لمناهظة ختان الإناس وبالتحديد في عام ألفين وتمانيه"
    },
    {
        "start": 32.3,
        "end": 38.169999999999995,
        "speaker": "speaker_1",
        "text": "صدر قانون لتجريم كل من يشارك أو يقوم بفتان الناس"
    },
    {
        "start": 38.46,
        "end": 63.53,
        "speaker": "speaker_1",
        "text": "ومعا هذا حتى هذا اليوم مصر بتصدر المركز الأول عالميا في ختان الإناس الموضوع طبعا موضوع حساس جدا وشائد جدا ولكن إحنا أصلنا إن إحنا نفتح هذا الموضوع مع حضراتكم نتكلم فينا تمانى إن إنتو تاتستشاركوا معانا في هذه الفقره هيكون معانا الأستاذ مصطفى غنوم الخبير اقانوني للبرنامج القومي في الأسره مهدة الختان أهلا بحضرتك"
    },
    {
        "start": 63.74,
        "end": 65.37,
        "speaker": "speaker_1",
        "text": "وهيكون معانا"
    },
    {
        "start": 65.58,
        "end": 71.92999999999999,
        "speaker": "speaker_1",
        "text": "الأستاذه اللي منورانا الأستاذه إيمان حسين و هي طالبه في كرية أداب قسم مسرح"
    },
    {
        "start": 72.22,
        "end": 82.00999999999999,
        "speaker": "speaker_1",
        "text": "و إيمان كان ليها الحقيقه تجربه متفرده إن هي قدرت إن هي تقاوم أسرتها وعايلتها إن هما م يخدموهاش وهتكلمنا عن الموضوع"
    },
    {
        "start": 83.18,
        "end": 83.805,
        "speaker": "speaker_1",
        "text": "اح برحب "
    },
    {
        "start": 83.555,
        "end": 83.805,
        "speaker": "speaker_2",
        "text": "حد"
    },
    {
        "start": 83.805,
        "end": 84.555,
        "speaker": "speaker_2",
        "text": "حضرتك"
    },
    {
        "start": 83.805,
        "end": 84.555,
        "speaker": "speaker_1",
        "text": "حضرتك"
    },
    {
        "start": 84.555,
        "end": 85.305,
        "speaker": "speaker_1",
        "text": "واحب أنا حبيك"
    },
    {
        "start": 84.555,
        "end": 85.305,
        "speaker": "speaker_2",
        "text": "واحب أنا حبيك"
    },
    {
        "start": 85.305,
        "end": 85.805,
        "speaker": "speaker_2",
        "text": "الإيمان ه"
    },
    {
        "start": 85.305,
        "end": 85.805,
        "speaker": "speaker_1",
        "text": "الإيمان ه"
    },
    {
        "start": 85.805,
        "end": 86.305,
        "speaker": "speaker_1",
        "text": "نبدأ الأول"
    },
    {
        "start": 85.805,
        "end": 86.305,
        "speaker": "speaker_2",
        "text": "نبدأ الأول"
    },
    {
        "start": 86.305,
        "end": 91.37,
        "speaker": "speaker_2",
        "text": "البيكي عايزين نعرف بقى إزاي قوينتي موضوع الختان و كان عمرك قد إيه"
    },
    {
        "start": 86.305,
        "end": 86.555,
        "speaker": "speaker_1",
        "text": "البيت"
    },
    {
        "start": 92.22,
        "end": 95.13,
        "speaker": "speaker_0",
        "text": "هو أنا اتربيت في مكان اسمه بشر"
    },
    {
        "start": 95.34,
        "end": 97.21000000000001,
        "speaker": "speaker_0",
        "text": "يعني مامتي شغاله فيه"
    },
    {
        "start": 97.5,
        "end": 106.41,
        "speaker": "speaker_0",
        "text": "فكان طول الوقت عندنا فكرة التوعيه ضدالختان الإيناس وطول الوقت عارفه إيه إي وإيه الحاجات اللي أنا المفروض أطالب بيها يعني"
    },
    {
        "start": 107.18,
        "end": 115.77000000000001,
        "speaker": "speaker_0",
        "text": "فجه وقت كده كنت في المدرسه فصحابي بيعملوا العمليه فروحت مره قولت الماما أنا صاحابي في المدرسه يعملو عملية الإتان"
    },
    {
        "start": 115.98,
        "end": 124.41,
        "speaker": "speaker_0",
        "text": "وقعدت أكلمها وأنقيشها في الموضوع قولتلها يعني إن أنا أعرفه إن ده ما ينفعش يعني إم دي حاجه من جسمهم أنا طول الوقت ماما معوداني"
    },
    {
        "start": 124.62,
        "end": 131.245,
        "speaker": "speaker_0",
        "text": "إن ده جسمك ما ينفعش حد يعني يقربله أو دي حاجه بتاعتك إنتي أه فمينفعش حد يلمسها"
    },
    {
        "start": 130.995,
        "end": 131.245,
        "speaker": "speaker_2",
        "text": ""
    },
    {
        "start": 131.245,
        "end": 132.495,
        "speaker": "speaker_2",
        "text": "انا عمري كام سنه تطيبي"
    },
    {
        "start": 131.245,
        "end": 131.495,
        "speaker": "speaker_0",
        "text": "عم"
    },
    {
        "start": 132.245,
        "end": 132.495,
        "speaker": "speaker_0",
        "text": "في"
    },
    {
        "start": 132.495,
        "end": 134.245,
        "speaker": "speaker_0",
        "text": "عشر سنين أو حداشر سنه"
    },
    {
        "start": 132.495,
        "end": 132.745,
        "speaker": "speaker_2",
        "text": ""
    },
    {
        "start": 134.245,
        "end": 135.495,
        "speaker": "speaker_2",
        "text": "برسين غير إزايي"
    },
    {
        "start": 134.245,
        "end": 134.495,
        "speaker": "speaker_0",
        "text": "بص"
    },
    {
        "start": 135.495,
        "end": 136.495,
        "speaker": "speaker_1",
        "text": "إم"
    },
    {
        "start": 136.495,
        "end": 137.13,
        "speaker": "speaker_0",
        "text": "أه"
    },
    {
        "start": 136.495,
        "end": 136.745,
        "speaker": "speaker_1",
        "text": ""
    },
    {
        "start": 137.42,
        "end": 142.01,
        "speaker": "speaker_0",
        "text": "بس  ساعتها يعني صحاب ماما اللي معاه في الشغل"
    },
    {
        "start": 142.22,
        "end": 144.49,
        "speaker": "speaker_0",
        "text": "بدأوا يطرحوا عليها"
    },
    {
        "start": 144.7,
        "end": 153.36999999999998,
        "speaker": "speaker_0",
        "text": "إن هو إنتي ليه ليه لحد لوقتي ساعني معملتيش العمليه لبنادك وجزء برضو من أهالينا قعدوا يكلمنوها زي"
    },
    {
        "start": 153.58,
        "end": 155.93,
        "speaker": "speaker_0",
        "text": "مامت هاطيته يعني قعنت تكلمها"
    },
    {
        "start": 156.54,
        "end": 163.85,
        "speaker": "speaker_0",
        "text": "بس فأنا ساعتها روحت كلمت ماما قولتلها بصي دي حاجه دي حاجه خاصه بيه أنا إم ومينفعش تعمليها"
    },
    {
        "start": 164.3,
        "end": 170.925,
        "speaker": "speaker_0",
        "text": "وكنت ساعتها أنا إتفرجت على العروض ليها علاقه بالمسرح إم ببتناقش قضية فتان الويه"
    },
    {
        "start": 170.675,
        "end": 170.925,
        "speaker": "speaker_2",
        "text": "وت"
    },
    {
        "start": 170.925,
        "end": 174.425,
        "speaker": "speaker_2",
        "text": "أكيد يعني التجارب كمان اللي مروا بيها أصدقائك في المدرسه أه"
    },
    {
        "start": 170.925,
        "end": 171.175,
        "speaker": "speaker_0",
        "text": "كده"
    },
    {
        "start": 174.175,
        "end": 174.425,
        "speaker": "speaker_0",
        "text": "أ"
    },
    {
        "start": 174.425,
        "end": 180.57000000000002,
        "speaker": "speaker_0",
        "text": "أهو سمحت بقى إن هو في بتقعد مثلا تلات أربع تيام مش عارف تمشي و في نظيف و في حاجات دي كلها"
    },
    {
        "start": 180.78,
        "end": 183.53,
        "speaker": "speaker_0",
        "text": "جأه فكان عندي خوف طول الوقت وعماله"
    },
    {
        "start": 183.82,
        "end": 187.29,
        "speaker": "speaker_0",
        "text": "بتخان نفسي وأنا في المشهد ده هبقى عامله إزاي وأنا"
    },
    {
        "start": 187.66,
        "end": 190.89,
        "speaker": "speaker_0",
        "text": "ووأنا كمان صغيره مش زاي صحابي يعني"
    },
    {
        "start": 191.18,
        "end": 192.055,
        "speaker": "speaker_1",
        "text": "قليله جدا"
    },
    {
        "start": 192.055,
        "end": 193.37,
        "speaker": "speaker_0",
        "text": "ليله كده"
    },
    {
        "start": 193.82,
        "end": 209.945,
        "speaker": "speaker_0",
        "text": "بس هما قالتلي يعني كان إصحابي هو ببيقولولي حتى و قرايبنا ده إنتي لما هتعملي عملية إسمك هيفرق وقت بداي قت خينه و كده إم بس أنا ما كنتش عايزه ده يعني أنا عايز أفضل أنا ودي حاجه خاصه يعني حاجه خاصه بيا أنا فما ينفعش"
    },
    {
        "start": 203.195,
        "end": 203.445,
        "speaker": "speaker_1",
        "text": ""
    },
    {
        "start": 209.945,
        "end": 210.48999999999998,
        "speaker": "speaker_1",
        "text": "إم"
    },
    {
        "start": 211.34,
        "end": 214.57,
        "speaker": "speaker_0",
        "text": "بس فبدأت أقول ماما مش هعمل عمليه"
    },
    {
        "start": 214.78,
        "end": 225.61,
        "speaker": "speaker_0",
        "text": "وماما برضو كانت ضد إم بس كانت من وقت للتاني بتقول طيب ممكن نستشيري الدكتوره ممكن نعمل كذا إم فأنا كنت أقولها لأ يعني دكتور ميني اللهي"
    },
    {
        "start": 226.38,
        "end": 230.73,
        "speaker": "speaker_0",
        "text": "يعني إيه شوفني أوي يعني والحاجه د الحاجه بتاعتي يعن أ ي ن اتفرجك عليا"
    },
    {
        "start": 231.02,
        "end": 235.93,
        "speaker": "speaker_0",
        "text": "مع الوقت بقى عندي الإدراك وبقى عندي مع الإرايه ومع التطلع و"
    },
    {
        "start": 236.3,
        "end": 236.57000000000002,
        "speaker": "speaker_0",
        "text": ""
    },
    {
        "start": 236.78,
        "end": 243.405,
        "speaker": "speaker_0",
        "text": "زايد إن أنا برقص إم فبقيت عارفه يعني إيه جسمي يعني إي دي حاجه خاصه بيه"
    },
    {
        "start": 243.155,
        "end": 243.405,
        "speaker": "speaker_2",
        "text": "لا"
    },
    {
        "start": 243.405,
        "end": 245.405,
        "speaker": "speaker_2",
        "text": "ليم كمان ن والدتك اقتنعت أه"
    },
    {
        "start": 245.155,
        "end": 245.405,
        "speaker": "speaker_0",
        "text": "ط"
    },
    {
        "start": 245.405,
        "end": 245.655,
        "speaker": "speaker_0",
        "text": "ه"
    },
    {
        "start": 245.405,
        "end": 245.655,
        "speaker": "speaker_1",
        "text": "ه"
    },
    {
        "start": 245.655,
        "end": 246.155,
        "speaker": "speaker_1",
        "text": ""
    },
    {
        "start": 245.655,
        "end": 246.155,
        "speaker": "speaker_0",
        "text": ""
    },
    {
        "start": 246.155,
        "end": 248.905,
        "speaker": "speaker_0",
        "text": "طبعا اللي حوالينا مقنعوش وكان يل"
    },
    {
        "start": 246.155,
        "end": 246.405,
        "speaker": "speaker_1",
        "text": ""
    },
    {
        "start": 248.905,
        "end": 250.905,
        "speaker": "speaker_1",
        "text": "جعتين أهه شديده أه"
    },
    {
        "start": 248.905,
        "end": 249.155,
        "speaker": "speaker_0",
        "text": "بعت"
    },
    {
        "start": 250.905,
        "end": 255.45,
        "speaker": "speaker_0",
        "text": "يعني كاندولس طول الوقت من سنه للتانيه"
    },
    {
        "start": 255.66,
        "end": 260.96999999999997,
        "speaker": "speaker_0",
        "text": "قرايبها يسألوها حيه عملتي العمليه ليهم و لا لأ مش عارفه إيه"
    },
    {
        "start": 261.66,
        "end": 265.53000000000003,
        "speaker": "speaker_0",
        "text": "ماما كانت بتمنع طول الوقت إن هو لأ"
    },
    {
        "start": 266.38,
        "end": 272.505,
        "speaker": "speaker_0",
        "text": "هما هما يعني إحنا كنا بنقعد نتكلم يعني ماما كانت فتحانها مجل المناقش إن إحنا نقعد نتكلم في الجمعه"
    },
    {
        "start": 272.255,
        "end": 272.505,
        "speaker": "speaker_1",
        "text": "مع"
    },
    {
        "start": 272.505,
        "end": 276.49,
        "speaker": "speaker_1",
        "text": "ده جليل و ده مهم جدا يعني تخقيه برضو لوالدتك إن هي شهدتك"
    },
    {
        "start": 272.505,
        "end": 272.755,
        "speaker": "speaker_0",
        "text": "عد"
    },
    {
        "start": 276.7,
        "end": 280.575,
        "speaker": "speaker_1",
        "text": "و قاومة ضغوط دمونيه"
    },
    {
        "start": 280.575,
        "end": 281.325,
        "speaker": "speaker_0",
        "text": "لأح"
    },
    {
        "start": 280.575,
        "end": 280.825,
        "speaker": "speaker_1",
        "text": "قل"
    },
    {
        "start": 281.075,
        "end": 281.325,
        "speaker": "speaker_1",
        "text": "وال"
    },
    {
        "start": 281.325,
        "end": 290.96999999999997,
        "speaker": "speaker_1",
        "text": "الظهر بالظبط لأن ده موضوع حاجه مهمه جدا هنرجعلك تاني إيمان أستاذ مصطفىيعني عايزين نفتح بقى من حضرتك الموضوع ده بشكل"
    },
    {
        "start": 281.325,
        "end": 281.825,
        "speaker": "speaker_0",
        "text": "ظهر"
    },
    {
        "start": 291.26,
        "end": 291.93,
        "speaker": "speaker_1",
        "text": ""
    },
    {
        "start": 292.14,
        "end": 292.89,
        "speaker": "speaker_1",
        "text": "يعني"
    },
    {
        "start": 293.26,
        "end": 294.09,
        "speaker": "speaker_1",
        "text": "أعمق شويه"
    },
    {
        "start": 294.3,
        "end": 309.0,
        "speaker": "speaker_1",
        "text": "طبعا إيمان نموذج جميل إن إحنا البنات يحتزوا بيه إم ولكن ليه مصر حتى الان رغم من حملات التوعيه والتجرين و و و ووليه إحنا لغاية دلوقتي محتاجين المركز الأول عالميا في"
    }
]