[
    {
        "start": 0.0,
        "end": 20.52,
        "speaker": "speaker_0",
        "text": "دلوقتي بس إحنا مبقالنا ودي ري دعوه بالدراما وليها دعوه باللي بيحصل حن قانا اتناشر سنه بنصدر فكرة إن في حاجات كتير مش موجوده في حياتنا حب فكرة إنن إنتي تنسي وتختري وتسامحي في حاجات بقينا حطته يعني وحطيناها كده إن الراجل شكل كه شكل أنا"
    },
    {
        "start": 20.68,
        "end": 24.52,
        "speaker": "speaker_1",
        "text": "و إحنا اللي عملنا كده و لا الدنيا و لأ والعص اللي إحنا هقولك"
    },
    {
        "start": 25.12,
        "end": 26.16,
        "speaker": "speaker_0",
        "text": "ن ن وهة"
    },
    {
        "start": 26.2,
        "end": 27.48,
        "speaker": "speaker_1",
        "text": "هياكلها هي اللي عملت لأ"
    },
    {
        "start": 27.52,
        "end": 54.36,
        "speaker": "speaker_0",
        "text": "هقولك أنا أولا مفيش حاجه اسمها لأ إحنا اللي عملنا كده بس إحنا مين أنا بشوف إن مش إحنا كناس التنوريين اللي مفهوض كانوا يصدرولنا الصح أو مش الصح العلاج للأمودي أوي بيقولولنا إن لسه في أمل فكره أبو العروسه ما هو في حاجات حاصله في بتقول ناس مش عايشه حياه وارديه يعني في تعب إم و في حاجات بتحصل وواحد"
    },
    {
        "start": 54.96,
        "end": 56.52,
        "speaker": "speaker_1",
        "text": "شياب   مثلا"
    },
    {
        "start": 56.72,
        "end": 80.92,
        "speaker": "speaker_0",
        "text": "ط خطه أقرم ده اتبهدل علشان يقدر يلاقي نقطه يبتدي منا س القصد إن الناس اللي لي بتعمل الدراما هي ليها دور ودور جايل من عند ربنا إن يبقى عنده غرض الغرض ده إن إنتي تبقي بتستخدمي قلمك إن إنتي تغيري في اللي حواليكي إم وتغيري و هما حبين أنأنا مبسوط إن الناس"
    }
]