[
    {
        "start": 0.0,
        "end": 5.84,
        "speaker": "speaker_1",
        "text": "يعني نتخانق بلاقي الناس مضايقه وإنتو لازم تصالحها وهتلاقي في ماسجات كومنتات كتير جدا في ناس"
    },
    {
        "start": 5.88,
        "end": 6.88,
        "speaker": "speaker_0",
        "text": "تتخانق مع بعض"
    },
    {
        "start": 6.92,
        "end": 7.04,
        "speaker": "speaker_1",
        "text": "أه"
    },
    {
        "start": 7.76,
        "end": 9.52,
        "speaker": "speaker_0",
        "text": "زي عليهصوت عاها كده لق زي"
    },
    {
        "start": 9.56,
        "end": 10.96,
        "speaker": "speaker_1",
        "text": "م مش متع ي"
    },
    {
        "start": 10.96,
        "end": 15.72,
        "speaker": "speaker_0",
        "text": "مها حقي في لأ العايشرين قصصهم الشخصيه فيك أي حجه فبيتقجموا ده لل بتب"
    },
    {
        "start": 15.8,
        "end": 25.12,
        "speaker": "speaker_1",
        "text": "ده حقيقي يعني تلاقينا ميتخانق الناس بتتخانق معانا بنحب الناس بتحب مانا يعني لحظت مثلا م كنت نزعلها وجايه صاريحها"
    },
    {
        "start": 25.24,
        "end": 27.08,
        "speaker": "speaker_0",
        "text": "ساعة ما علتها عشان مش عايزه تشتغل"
    },
    {
        "start": 27.68,
        "end": 27.92,
        "speaker": "speaker_1",
        "text": "غف"
    },
    {
        "start": 28.0,
        "end": 28.16,
        "speaker": "speaker_0",
        "text": "ان"
    },
    {
        "start": 28.4,
        "end": 28.88,
        "speaker": "speaker_1",
        "text": "مش"
    },
    {
        "start": 29.8,
        "end": 31.44,
        "speaker": "speaker_0",
        "text": "ت بر"
    },
    {
        "start": 31.44,
        "end": 32.24,
        "speaker": "speaker_1",
        "text": "عشان بس برضو"
    },
    {
        "start": 32.64,
        "end": 33.12,
        "speaker": "speaker_0",
        "text": "ملايين"
    },
    {
        "start": 33.16,
        "end": 47.72,
        "speaker": "speaker_1",
        "text": "أه يوم البلالين ده ده موضوع يعني البنات كلها كانت شايفه إيه ده عايزين حد يطارق الرجاله كلهم كانوا مضيين أوي يناللي هو نتفينيه دمرهه و كل ما باب الراجل يقوللي إنت مدمرنا"
    },
    {
        "start": 49.6,
        "end": 49.84,
        "speaker": "speaker_0",
        "text": "ا"
    },
    {
        "start": 49.88,
        "end": 64.44,
        "speaker": "speaker_1",
        "text": "ي طارب بسالموقف اللي أنا أشتعليها فيها هو شان طارق برضو بني ادم في الأول في الاخر مش مفيش إيجابيات مافيش شخص هتلاقي عنده إيجابيات على طول طول الوقت هتلاقي عنده الخير"
    },
    {
        "start": 65.6,
        "end": 90.64,
        "speaker": "speaker_1",
        "text": "والشرق بتاعه بس في نفس الوقت هو كان بيوصلو وجهة نظر إن إنتي لازم تقوليلي أنا أنا بشك في حياتك فإنتي لازم تقوليلي بحاجه زي كده متاخديش موقف لوحدك وتبدأي تقراري من نفسك يعني أنا موجود معاك عشان أنا لو هقرر حاجه هقولك عليها هو دي كانت بتاعإن المشكله دي إ بجانب بقى ضغطه ومضغوط ونباين برضو إن إن الراجل أوقات بيتعصب وأوقات ميبقاش"
    },
    {
        "start": 91.6,
        "end": 95.47999999999999,
        "speaker": "speaker_0",
        "text": "الص"
    },
    {
        "start": 95.6,
        "end": 96.12,
        "speaker": "speaker_1",
        "text": "مشاربه"
    },
    {
        "start": 96.6,
        "end": 103.12,
        "speaker": "speaker_0",
        "text": "مش ممكن تاخد قرار من غير ما تا بس هي كان ليها مبرنها برضو إحنا كده و"
    },
    {
        "start": 103.24000000000001,
        "end": 103.4,
        "speaker": "speaker_1",
        "text": "ج"
    },
    {
        "start": 103.44,
        "end": 134.96,
        "speaker": "speaker_0",
        "text": "من الأب با الاستقرال اليا بين لأ  القبل كمانيعني عمل عاملك في المسلسل برضو ر هو الأب الحكيم بيحب بيته أوي والأب المصري زي ما الكتاب بيقول عندي جوجه زي الفل ولاد حلوين وبنوت على وش جوايز و بعدين بدأ نلعب جديد أه بس أنا بزلت مجهود برضو أنا طريقته يعني هو حل  صامد   كا  ين كده  طبعا لنيعني"
    },
    {
        "start": 135.0,
        "end": 135.16,
        "speaker": "speaker_1",
        "text": "أنا"
    },
    {
        "start": 135.16,
        "end": 187.96,
        "speaker": "speaker_0",
        "text": "الناس الناس كانت اللي بيقابلوني يقولولي هتعملي في إيه بس بيهم في حالهم حرام عليكي مش ار هي الناس متعاطفه مع الموضوع بطريقه أه عشان حب عايشه الأحداث كأنها بججده حاجه حقيقيه وأنا بجد عبوظ البن ده وهسرق الراجل ده من مراته وعريانه يعني الناس عايش نت مخروط كمانزعي  د حقيت في الاخر حجاته بجده ه نقش قضايا حقيقيهوجه فيمكتلم عن البيت المصري الحقيقي كل ما في الحلو اللي فيه والمر اللي فيه ودي كانت شطرة هيني الكاتب مع يوننتون احكايه دي إن المسلسل في عمق تجربه حياتيه قعمق المفترض عمك مثلا من سنه لأن هو شاب لسه في حاجات يمكن ممرش بيه"
    }
]