[
    {
        "start": 0.0,
        "end": 1.05,
        "speaker": "speaker_1",
        "text": "ليه معنى"
    },
    {
        "start": 1.5,
        "end": 4.375,
        "speaker": "speaker_4",
        "text": "إنتي عفلت ا المسلسل بأن كل حاجه بقت تمام"
    },
    {
        "start": 4.375,
        "end": 4.65,
        "speaker": "speaker_1",
        "text": "لأ"
    },
    {
        "start": 5.02,
        "end": 5.93,
        "speaker": "speaker_1",
        "text": "شايف"
    },
    {
        "start": 6.22,
        "end": 8.57,
        "speaker": "speaker_1",
        "text": " ممكن غنقت قى صعبه"
    },
    {
        "start": 9.02,
        "end": 10.33,
        "speaker": "speaker_1",
        "text": "إن هي ممكن تتغير"
    },
    {
        "start": 10.62,
        "end": 12.995,
        "speaker": "speaker_1",
        "text": "و ممكن النهارده هيكون الدنيا كويسه بس"
    },
    {
        "start": 12.995,
        "end": 14.745,
        "speaker": "speaker_4",
        "text": "بكره هيرجعو وقسمو بعدل ا"
    },
    {
        "start": 14.745,
        "end": 16.744999999999997,
        "speaker": "speaker_1",
        "text": "بجد إنه بقى عندي م تعرفيش مك إي"
    },
    {
        "start": 16.745,
        "end": 21.245,
        "speaker": "speaker_4",
        "text": "يعني إنت قديتلنا بس الصوره الحلوه دي بس في نفس الوقت إنت سايب الدنيا"
    },
    {
        "start": 21.245,
        "end": 22.495,
        "speaker": "speaker_1",
        "text": "أنا كلمت"
    },
    {
        "start": 22.495,
        "end": 23.495,
        "speaker": "speaker_4",
        "text": "ه بني ادمين يعني"
    },
    {
        "start": 23.495,
        "end": 25.37,
        "speaker": "speaker_1",
        "text": "يعني كل واحد يتحط على ريق الح"
    },
    {
        "start": 25.58,
        "end": 32.955,
        "speaker": "speaker_1",
        "text": "لو إنتي سألتيني إيه اللي حصل المسلسل إن كل واحد عارف قيمة نفسه ده مهم جدا وعرف غرضه في الدنيا ده في الأدوار أو"
    },
    {
        "start": 32.955,
        "end": 33.69,
        "speaker": "speaker_4",
        "text": "وناسكنادي"
    },
    {
        "start": 34.3,
        "end": 35.29,
        "speaker": "speaker_1",
        "text": "يعني راع"
    },
    {
        "start": 36.38,
        "end": 36.650000000000006,
        "speaker": "speaker_2",
        "text": "د"
    },
    {
        "start": 36.94,
        "end": 37.61,
        "speaker": "speaker_1",
        "text": "إحنا جالك"
    },
    {
        "start": 38.46,
        "end": 42.585,
        "speaker": "speaker_1",
        "text": "بتاعت العماره والراجل لحمه سب ه ا"
    },
    {
        "start": 42.585,
        "end": 43.085,
        "speaker": "speaker_2",
        "text": "و السجا"
    },
    {
        "start": 43.085,
        "end": 43.77,
        "speaker": "speaker_4",
        "text": "عايزكطي"
    },
    {
        "start": 43.98,
        "end": 46.25,
        "speaker": "speaker_1",
        "text": "يلعب ب  سل ساعات تانيه"
    },
    {
        "start": 47.02,
        "end": 47.45,
        "speaker": "speaker_1",
        "text": "ن"
    },
    {
        "start": 47.98,
        "end": 48.41,
        "speaker": "speaker_1",
        "text": ""
    },
    {
        "start": 48.7,
        "end": 49.050000000000004,
        "speaker": "speaker_1",
        "text": ""
    },
    {
        "start": 49.34,
        "end": 49.77,
        "speaker": "speaker_4",
        "text": "استار"
    },
    {
        "start": 49.98,
        "end": 51.449999999999996,
        "speaker": "speaker_1",
        "text": "يعدي ي"
    },
    {
        "start": 51.9,
        "end": 52.089999999999996,
        "speaker": "speaker_1",
        "text": ""
    },
    {
        "start": 52.3,
        "end": 53.769999999999996,
        "speaker": "speaker_1",
        "text": "بيت الحديوته"
    },
    {
        "start": 55.02,
        "end": 55.290000000000006,
        "speaker": "speaker_1",
        "text": ""
    },
    {
        "start": 55.98,
        "end": 56.25,
        "speaker": "speaker_1",
        "text": ""
    },
    {
        "start": 56.62,
        "end": 59.495,
        "speaker": "speaker_4",
        "text": "إم أنا ست نهايه لكل واحد ول ن"
    },
    {
        "start": 59.495,
        "end": 62.01,
        "speaker": "speaker_1",
        "text": "وصل مش كل واحد كفتيره بس"
    },
    {
        "start": 62.38,
        "end": 66.73,
        "speaker": "speaker_1",
        "text": "كل واحد وصل للحاله اللي هو راضي فيها مع ربنا بحياته"
    },
    {
        "start": 67.02,
        "end": 69.21,
        "speaker": "speaker_1",
        "text": "جابر اكتشف إن هو بيحب عبيهر"
    },
    {
        "start": 69.58,
        "end": 72.955,
        "speaker": "speaker_1",
        "text": "عم سيد عبد الحميد ملوش غير"
    },
    {
        "start": 72.955,
        "end": 73.705,
        "speaker": "speaker_4",
        "text": " عايزه س"
    },
    {
        "start": 73.705,
        "end": 75.705,
        "speaker": "speaker_0",
        "text": "هيهاني الحدوته دي اللي نت"
    },
    {
        "start": 75.705,
        "end": 80.705,
        "speaker": "speaker_1",
        "text": "اخد طب ن  هرجع تانيايب الله النهارده الكاب ه هو نسم الشراد الأستاذ"
    },
    {
        "start": 80.705,
        "end": 83.05,
        "speaker": "speaker_0",
        "text": "أنا بس عايز أقول الحدوته دي إنت في الاخر"
    },
    {
        "start": 83.34,
        "end": 89.465,
        "speaker": "speaker_0",
        "text": "خليت في فئات كتيره م من المجتمع كل واحد شاف نفسه ف في بالظبط حدوتدي"
    },
    {
        "start": 89.465,
        "end": 89.715,
        "speaker": "speaker_1",
        "text": "هي"
    },
    {
        "start": 89.715,
        "end": 99.965,
        "speaker": "speaker_0",
        "text": "بالظبط وعملت رموز لناس يعني القصه الرومانسيه بقى في رمز للولد اللي ممكن يحب البنت و طبعا حطتهم في معزق إن لازم في البلاندان نجيب البانين كلها علىفكر"
    },
    {
        "start": 99.965,
        "end": 100.89,
        "speaker": "speaker_1",
        "text": "ده عارفه اسم الحدار"
    },
    {
        "start": 101.26,
        "end": 102.135,
        "speaker": "speaker_4",
        "text": "كانتلاين"
    },
    {
        "start": 102.135,
        "end": 104.135,
        "speaker": "speaker_1",
        "text": "ج هيسله  "
    },
    {
        "start": 104.135,
        "end": 104.635,
        "speaker": "speaker_4",
        "text": "وتا"
    },
    {
        "start": 104.635,
        "end": 105.385,
        "speaker": "speaker_1",
        "text": "نا ه"
    },
    {
        "start": 105.385,
        "end": 106.49000000000001,
        "speaker": "speaker_4",
        "text": "يه ا"
    },
    {
        "start": 107.18,
        "end": 108.305,
        "speaker": "speaker_1",
        "text": " "
    },
    {
        "start": 108.305,
        "end": 109.555,
        "speaker": "speaker_0",
        "text": "له ده مايصلحش"
    },
    {
        "start": 109.555,
        "end": 111.055,
        "speaker": "speaker_1",
        "text": "لاس بيتعب عشان بيحب"
    },
    {
        "start": 111.055,
        "end": 111.555,
        "speaker": "speaker_4",
        "text": "خلاص"
    },
    {
        "start": 111.555,
        "end": 112.555,
        "speaker": "speaker_2",
        "text": "ا دي لي"
    },
    {
        "start": 112.555,
        "end": 116.73,
        "speaker": "speaker_1",
        "text": "حاجات كتير يعني في الأخل إحنا ن كلهم  عشانين عاف يعني و بف ا"
    },
    {
        "start": 116.94,
        "end": 120.065,
        "speaker": "speaker_1",
        "text": "بعد كده إنت كت فيننهو فين من بلبين"
    },
    {
        "start": 120.065,
        "end": 121.565,
        "speaker": "speaker_2",
        "text": "إيه بقى شغال طب"
    },
    {
        "start": 121.565,
        "end": 122.09,
        "speaker": "speaker_1",
        "text": "عز"
    },
    {
        "start": 122.62,
        "end": 123.53,
        "speaker": "speaker_1",
        "text": "هي"
    },
    {
        "start": 124.06,
        "end": 124.25,
        "speaker": "speaker_1",
        "text": ""
    },
    {
        "start": 124.62,
        "end": 124.97,
        "speaker": "speaker_1",
        "text": ""
    },
    {
        "start": 125.26,
        "end": 131.135,
        "speaker": "speaker_0",
        "text": "الجميل الجنيل في الحدوته دي إم ناس كتير شافوا نفسهم إ كل واحد شاف نفسه في حياه في واحد من"
    },
    {
        "start": 131.135,
        "end": 140.57,
        "speaker": "speaker_1",
        "text": "شخص عشانبشا عشاشاتنا مو ده مهو نوع نا برجعه أقولهولك إن هي التنوريين اللي مفروض يبقوا شغالين بقالهم عشر سنين على تصدير نوع معين من الدراما"
    },
    {
        "start": 140.94,
        "end": 142.815,
        "speaker": "speaker_1",
        "text": "إحنا معناش حاجه جديده على فكره في"
    },
    {
        "start": 142.815,
        "end": 159.565,
        "speaker": "speaker_4",
        "text": " إنت عايز سألكوا كلكو إنه بعض المسلسل بعد ما صدرنا قصة حب ومانسيه و لطيفه جدا هل ده ممكن يأثر على الناس كلها إن الناس معايز تعيش الحاله دي نفس الشيء عايده وعبد الحميد حالة البيت الديفي الحلو ده هل ده يأثر على الناس مش لاس بشكل مباشر على فكره هو بشكل كي"
    },
    {
        "start": 159.565,
        "end": 160.73,
        "speaker": "speaker_2",
        "text": "مش عايزه أقول حاجه "
    },
    {
        "start": 161.18,
        "end": 163.53,
        "speaker": "speaker_2",
        "text": "يعني أنا وأنا بتفرج على المسلسل"
    },
    {
        "start": 163.82,
        "end": 169.29,
        "speaker": "speaker_2",
        "text": "بعيد إن أنا أصلا بشتغل في المشهد بتاع أساذ سوسن لما بتروحلها البيت"
    },
    {
        "start": 169.82,
        "end": 174.17,
        "speaker": "speaker_2",
        "text": "أنا و أنا بتفرج قولت إن أنا لما جي أتجوز لا يمكن نا ضحت بتيبيسوري"
    },
    {
        "start": 174.78,
        "end": 175.29,
        "speaker": "speaker_2",
        "text": "ا"
    },
    {
        "start": 175.58,
        "end": 177.29000000000002,
        "speaker": "speaker_2",
        "text": "بعد ما خرجت من بيتها"
    },
    {
        "start": 177.5,
        "end": 180.875,
        "speaker": "speaker_2",
        "text": "يعني إن قلت اللي هي نقلتها إن هي بتضحك ومحافظه على بيتها"
    },
    {
        "start": 180.875,
        "end": 182.375,
        "speaker": "speaker_4",
        "text": "تكشيره لجميله"
    },
    {
        "start": 182.375,
        "end": 186.49,
        "speaker": "speaker_2",
        "text": "خروجها كمان مشهد و هو بيتصور و هي في فخر إن أنا حافظت على بيتي"
    },
    {
        "start": 186.78,
        "end": 189.45,
        "speaker": "speaker_2",
        "text": "أنا عمري أنا بقولهالك أهو أنا عمري ما هسبتي"
    },
    {
        "start": 189.74,
        "end": 193.05,
        "speaker": "speaker_2",
        "text": "يعني أنا لما يبقى عندي بيت وعندي أسره هحلها كده"
    },
    {
        "start": 193.5,
        "end": 197.05,
        "speaker": "speaker_2",
        "text": "ه اللي أنا اتعلمته حاجات كتير مواقف من كل العلاقات اللي أنا شوفتها"
    },
    {
        "start": 197.34,
        "end": 198.715,
        "speaker": "speaker_2",
        "text": "هياخد منها حاجه و"
    },
    {
        "start": 198.715,
        "end": 202.17000000000002,
        "speaker": "speaker_7",
        "text": "الفدنه عامة رساله يعني ما هو دايما يقول الفن رساله"
    },
    {
        "start": 202.38,
        "end": 208.005,
        "speaker": "speaker_7",
        "text": "بدل ما و ده اللي أنا قولته من شويه إن إحنا منطرحش دايما السلبيات نطرح الإيجابيات ولحو"
    },
    {
        "start": 208.005,
        "end": 209.505,
        "speaker": "speaker_1",
        "text": "لمسلسل علش حه"
    },
    {
        "start": 209.505,
        "end": 209.755,
        "speaker": "speaker_2",
        "text": ""
    },
    {
        "start": 209.755,
        "end": 210.005,
        "speaker": "speaker_7",
        "text": "الع"
    },
    {
        "start": 210.005,
        "end": 210.41,
        "speaker": "speaker_1",
        "text": "اس"
    },
    {
        "start": 210.7,
        "end": 211.825,
        "speaker": "speaker_4",
        "text": " أعلا بي  دي"
    },
    {
        "start": 211.825,
        "end": 212.825,
        "speaker": "speaker_1",
        "text": " جحله"
    },
    {
        "start": 212.825,
        "end": 223.53,
        "speaker": "speaker_3",
        "text": "في ناس يعني كاتبين إن إحنا فتحنا نفسهم إن هما يرتبطوا ويحبوا ويتجوزوا ففي ناس باعتلي كده وفي ناس باعتلي كمان إن هو بقوا بيتعاملوا بطريقة زينه"
    },
    {
        "start": 223.74,
        "end": 226.365,
        "speaker": "speaker_3",
        "text": "بطريقة تفكيرها وهدوقهاو"
    },
    {
        "start": 226.365,
        "end": 226.97,
        "speaker": "speaker_2",
        "text": ""
    },
    {
        "start": 227.26,
        "end": 229.20999999999998,
        "speaker": "speaker_1",
        "text": "نا  ده"
    },
    {
        "start": 229.42,
        "end": 231.545,
        "speaker": "speaker_2",
        "text": "ناي إحنا ممسين على ب"
    },
    {
        "start": 231.545,
        "end": 233.13,
        "speaker": "speaker_1",
        "text": "سميدي"
    },
    {
        "start": 233.74,
        "end": 235.69,
        "speaker": "speaker_3",
        "text": "بس ففعلا الموضوع مأصر مع الناس جدا"
    },
    {
        "start": 235.98,
        "end": 236.855,
        "speaker": "speaker_1",
        "text": "هو من منهج"
    },
    {
        "start": 236.855,
        "end": 242.105,
        "speaker": "speaker_4",
        "text": "إنت كنت مطلع كمان لشخصيتين يعني محالمتين إم"
    },
    {
        "start": 242.105,
        "end": 242.855,
        "speaker": "speaker_1",
        "text": "أول ال"
    },
    {
        "start": 242.855,
        "end": 244.355,
        "speaker": "speaker_4",
        "text": "يه برضو نعمين صح"
    },
    {
        "start": 244.355,
        "end": 246.81,
        "speaker": "speaker_1",
        "text": "يعني نت بس هي لأ إنت ب"
    },
    {
        "start": 247.18,
        "end": 247.69,
        "speaker": "speaker_1",
        "text": ""
    },
    {
        "start": 248.38,
        "end": 248.65,
        "speaker": "speaker_1",
        "text": "ل"
    },
    {
        "start": 249.26,
        "end": 255.20999999999998,
        "speaker": "speaker_1",
        "text": " عند لحظه معينه نكشرت عن أنيادها وقالت أنا أنا ده في مشهد ليها مع"
    },
    {
        "start": 255.74,
        "end": 256.865,
        "speaker": "speaker_4",
        "text": "أنا بايت اشتغلت"
    },
    {
        "start": 256.865,
        "end": 266.865,
        "speaker": "speaker_1",
        "text": "هي نايمه على السنير جنبها بتقولها أنا بسكت وبجالي سوفي بسوكاتي يعني مش حابه إن إنتي تبقي كده يا مام فهي عندها حاجات جواها مطلعتش غير في"
    },
    {
        "start": 266.865,
        "end": 269.865,
        "speaker": "speaker_3",
        "text": "هو في ناس رين إنتي ليسه  طقول إيه ك"
    },
    {
        "start": 269.865,
        "end": 270.115,
        "speaker": "speaker_4",
        "text": "تموا"
    },
    {
        "start": 270.115,
        "end": 271.53000000000003,
        "speaker": "speaker_1",
        "text": " إحنا ز ح"
    },
    {
        "start": 271.98,
        "end": 272.855,
        "speaker": "speaker_2",
        "text": "عايز تعول "
    },
    {
        "start": 272.855,
        "end": 273.45000000000005,
        "speaker": "speaker_1",
        "text": "زي الحاج"
    },
    {
        "start": 273.74,
        "end": 274.865,
        "speaker": "speaker_1",
        "text": "إم عايز تقولي إيه"
    },
    {
        "start": 274.865,
        "end": 283.115,
        "speaker": "speaker_2",
        "text": "عايز أقوله حاجه يعني إنت جبتلها داية كتير وكنت رومانتي أوي إم ليه لما كانت ظروفها الماديه و هي بتشتري الحاجات ليه مشاركتش في"
    },
    {
        "start": 283.115,
        "end": 286.115,
        "speaker": "speaker_1",
        "text": " إحنا إنتي تسليه ها ليه لأ ا طاري لا تسليني أنا غبط"
    },
    {
        "start": 286.115,
        "end": 287.05,
        "speaker": "speaker_2",
        "text": "عشان"
    },
    {
        "start": 287.26,
        "end": 288.17,
        "speaker": "speaker_1",
        "text": "مليش عش"
    },
    {
        "start": 288.38,
        "end": 288.73,
        "speaker": "speaker_1",
        "text": ""
    },
    {
        "start": 288.94,
        "end": 291.065,
        "speaker": "speaker_1",
        "text": "لأ مشافهاش لأنها عندها عايزة"
    },
    {
        "start": 291.065,
        "end": 292.065,
        "speaker": "speaker_4",
        "text": "عنزاك كرامه "
    },
    {
        "start": 292.065,
        "end": 292.73,
        "speaker": "speaker_1",
        "text": "أيوه "
    },
    {
        "start": 293.02,
        "end": 293.395,
        "speaker": "speaker_4",
        "text": "ش"
    },
    {
        "start": 293.395,
        "end": 293.895,
        "speaker": "speaker_1",
        "text": "لبت"
    },
    {
        "start": 293.895,
        "end": 294.645,
        "speaker": "speaker_4",
        "text": "ي كانت"
    },
    {
        "start": 294.645,
        "end": 295.145,
        "speaker": "speaker_3",
        "text": "في نهي"
    },
    {
        "start": 295.145,
        "end": 295.395,
        "speaker": "speaker_4",
        "text": ""
    },
    {
        "start": 295.395,
        "end": 295.895,
        "speaker": "speaker_2",
        "text": "جيش"
    },
    {
        "start": 295.895,
        "end": 298.25,
        "speaker": "speaker_1",
        "text": "كده ا راجل عيد أنا ايش"
    },
    {
        "start": 298.54,
        "end": 300.09000000000003,
        "speaker": "speaker_1",
        "text": "ي يطيب"
    },
    {
        "start": 300.46,
        "end": 304.96999999999997,
        "speaker": "speaker_0",
        "text": "طب أنا عايز أشكر شخصيه برضو مهمه جدا في المسلسل"
    },
    {
        "start": 305.18,
        "end": 306.81,
        "speaker": "speaker_0",
        "text": "الأستاذه عايده فتي"
    },
    {
        "start": 307.1,
        "end": 308.09000000000003,
        "speaker": "speaker_4",
        "text": "طب "
    },
    {
        "start": 308.3,
        "end": 308.925,
        "speaker": "speaker_0",
        "text": "لا على الشريم"
    },
    {
        "start": 308.925,
        "end": 309.425,
        "speaker": "speaker_3",
        "text": "طبعا"
    },
    {
        "start": 309.425,
        "end": 312.33,
        "speaker": "speaker_0",
        "text": "أولا أنا شوفت إن أنا إنهاي تشتغل معايا"
    },
    {
        "start": 312.54,
        "end": 319.21000000000004,
        "speaker": "speaker_0",
        "text": "وهو مشهد واحد لكن أدهشتني صح الحلقه دي بالذات من أحب الحلقات لقلبي"
    },
    {
        "start": 319.5,
        "end": 324.375,
        "speaker": "speaker_0",
        "text": "بالذات كمان الشهيد اللي هو ويذه لكل الناس افتره إن هو فعلا ا"
    },
    {
        "start": 324.375,
        "end": 325.125,
        "speaker": "speaker_1",
        "text": " سم"
    },
    {
        "start": 325.125,
        "end": 328.81,
        "speaker": "speaker_0",
        "text": "كدهوحصل ساعتها لغط كبير جدا في العى التيس بوك"
    },
    {
        "start": 329.02,
        "end": 336.01,
        "speaker": "speaker_0",
        "text": "لكن من الممثلين اللي أعتقد ن متصور إن هو هيبقى ليه شقن كبير جدا قريب إن شاء الله"
    },
    {
        "start": 336.22,
        "end": 339.095,
        "speaker": "speaker_0",
        "text": "أأه فيعني دول واقي معاه"
    },
    {
        "start": 339.095,
        "end": 341.345,
        "speaker": "speaker_4",
        "text": "ا يا جماعه المشهد ده من المشاهد اللي معانا"
    },
    {
        "start": 341.345,
        "end": 342.17,
        "speaker": "speaker_1",
        "text": " ده مشهد صعب"
    },
    {
        "start": 343.58,
        "end": 344.205,
        "speaker": "speaker_0",
        "text": "تمام طي"
    },
    {
        "start": 344.205,
        "end": 344.455,
        "speaker": "speaker_1",
        "text": "يعني"
    },
    {
        "start": 344.455,
        "end": 347.455,
        "speaker": "speaker_4",
        "text": "عالى ما نحضر مشاريع تانيه  فرح"
    },
    {
        "start": 347.455,
        "end": 350.205,
        "speaker": "speaker_0",
        "text": "يعني عروس شاهد لمشاهد اللي خدت وقت"
    },
    {
        "start": 350.205,
        "end": 353.93,
        "speaker": "speaker_4",
        "text": "بع هنرجع نكده معاكم مشاهدينا بس نفرخ العروس رقم أربعه بعدين الج"
    },
    {
        "start": 358.14,
        "end": 360.81,
        "speaker": "speaker_5",
        "text": "يعني سمهن السي ن المفروض فرحي بعد العيه"
    },
    {
        "start": 361.26,
        "end": 363.53,
        "speaker": "speaker_5",
        "text": "بس العلم دلوقتي مجلتش حاجه كد"
    },
    {
        "start": 363.98,
        "end": 365.37,
        "speaker": "speaker_5",
        "text": "عشان هي جزها غاليه وكده"
    },
    {
        "start": 366.22,
        "end": 367.93,
        "speaker": "speaker_5",
        "text": "بس جبت حاجات معينه كده"
    },
    {
        "start": 368.62,
        "end": 374.97,
        "speaker": "speaker_6",
        "text": "إن فرح بيت جرب في شهر صبه ولا عايز أجهزها وماليش معايا ماقالشم"
    },
    {
        "start": 377.18,
        "end": 378.57,
        "speaker": "speaker_5",
        "text": "ولدي موظف صغير"
    },
    {
        "start": 378.86,
        "end": 379.93,
        "speaker": "speaker_5",
        "text": "وأدي تعبانه"
    },
    {
        "start": 380.38,
        "end": 382.73,
        "speaker": "speaker_5",
        "text": "فيعتبر دخله رايح ليها مش"
    },
    {
        "start": 383.9,
        "end": 384.525,
        "speaker": "speaker_5",
        "text": "مسي"
    },
    {
        "start": 384.525,
        "end": 384.89,
        "speaker": "speaker_1",
        "text": "يعني"
    },
    {
        "start": 385.18,
        "end": 386.01,
        "speaker": "speaker_5",
        "text": "فلوص اللي أنا جي"
    },
    {
        "start": 386.78,
        "end": 388.0,
        "speaker": "speaker_1",
        "text": "بس متشيش ي حمزي"
    }
]