[
    {
        "start": 0.0,
        "end": 20.88,
        "speaker": "speaker_1",
        "text": "ترشح الشخصيات إنك تشوفي ده هيليق على الدور ولا لأ في ساعات تحديات يعني مثلا أستاذ نريمين جديد عليها الدور ده خالص أه لكن التحدي إن وهي كانت متخوفه من الدور ده إن تقولي لأ أنا هاخد الريسك وأقول لأ هي هتعمل الدورده و هتعمله كويس كل الشخصيات يعني كل الشخصياتهي"
    },
    {
        "start": 24.36,
        "end": 24.48,
        "speaker": "speaker_0",
        "text": "ده"
    },
    {
        "start": 24.56,
        "end": 25.0,
        "speaker": "speaker_1",
        "text": "مشارير"
    },
    {
        "start": 25.52,
        "end": 26.6,
        "speaker": "speaker_0",
        "text": "طلع"
    },
    {
        "start": 27.4,
        "end": 68.92,
        "speaker": "speaker_1",
        "text": "الكمبه الكتابه مكتوبه بجد من أول لحظه مكتوبه حلو أوي علشان تخليكي تلاقي نفسك مشدوده ليها إنك تكوني الشخصيات ده مهم جدا إنك تركبي التركيبات دي ده رقم واحد في الحدوته رقم اتنين إن ممكن يبقى في الوكيشن مهم جدا اختيار اللكيشن الحدوته الجنود المجهولين ي الحدوته سواء مشاعدين مخرج سواء مدير التصوير سواء مهندس وق كل الكروق لغاية عامل البوفيه دول مية مجهولين في الحدوته دي وراء نجاح الحدوته دي وبجد عامل إن هما يكونوا بيحبوا بعض ده كان مهم في او بيحبوا"
    },
    {
        "start": 68.96000000000001,
        "end": 75.8,
        "speaker": "speaker_0",
        "text": "بعض كليهماكانش أكيد  الأعمال بيقولوا بيقولوا إن العمال اللي فيها بنات كتير ه"
    },
    {
        "start": 76.03999999999999,
        "end": 76.24,
        "speaker": "speaker_1",
        "text": "سم"
    },
    {
        "start": 78.12,
        "end": 99.36,
        "speaker": "speaker_0",
        "text": "كان دي تقولك أنا فشلتني مشاهر أه هو ده  تا مفي  صلش علا  لأ على فكره  كا علي جدا سبب من أسباب نجاح المسلسل ده الكواليس الحب وإن الناس كلها كانت في هرموني كده مع بعض ومبسوطين وإحنا رايحين التصوير بجد زعلانين أوي من المسلسل"
    },
    {
        "start": 99.64,
        "end": 113.0,
        "speaker": "speaker_1",
        "text": "الحدوته فيها عوامل فيها صوبه فعلا يعني الكتابه صعب أنا منكرش الموضوع ده يعني هاني برضو حطيني في نظر كتير إن الكتابه صابص لجديد يعني علمثرين"
    },
    {
        "start": 113.0,
        "end": 113.12,
        "speaker": "speaker_0",
        "text": "أه"
    },
    {
        "start": 113.2,
        "end": 113.36,
        "speaker": "speaker_1",
        "text": "أوي"
    },
    {
        "start": 113.44,
        "end": 113.52000000000001,
        "speaker": "speaker_0",
        "text": "و"
    },
    {
        "start": 113.52000000000001,
        "end": 120.56,
        "speaker": "speaker_1",
        "text": "في خروج وتكول و أيا كان لكن في مشاهد كان فيه خمسه وعشرين ومس دي في صاله ورقصه فص"
    },
    {
        "start": 120.64,
        "end": 122.36,
        "speaker": "speaker_0",
        "text": "ه كانو بيحكليعلى الفسيس خلت صاف ع"
    },
    {
        "start": 123.12,
        "end": 138.88,
        "speaker": "speaker_1",
        "text": "يعني ه ده حاجه بسيطه مثلا ل كان عندك رقصه ي صلر بإتناشر ممثل وانشط م ده ده برضو التنيك ايفرق هنا إنك يبقى عندك أوضه فيها خمسه وعشرين ممثل أو الفرح اللي إحنا شفناه دلوقتي بنتي أغنيت بنتي ده كله متصور مثلا"
    }
]