[
    {
        "start": 1.04,
        "end": 18.56,
        "speaker": "speaker_0",
        "text": "العروسه والقريش المستقبليه اللي لمو اللي خد الموقف وراح واجه وشارح إم ولأ لأ ولا ولا اللي راحت ووجهة حماته إن لأ إم أنا مش حبني شحتي على زعلك أنا"
    },
    {
        "start": 19.04,
        "end": 20.6,
        "speaker": "speaker_1",
        "text": "مش هتين اللعبه دي مش"
    },
    {
        "start": 20.6,
        "end": 28.8,
        "speaker": "speaker_0",
        "text": "هتاكل اللعبه دي مسأله مش معركه و هي اللي لم لمت الأسره ولمة البيت و لمت الجوازه في الاخر اللي لم اتجوازه العروسه"
    },
    {
        "start": 29.04,
        "end": 30.2,
        "speaker": "speaker_3",
        "text": "يعني الست هي لدور"
    },
    {
        "start": 30.72,
        "end": 34.96,
        "speaker": "speaker_0",
        "text": "خ   را تلت"
    },
    {
        "start": 36.04,
        "end": 100.75999999999999,
        "speaker": "speaker_1",
        "text": "خمس نون هو الحلو في الموضوع و طرح الطرح المشكله إن م فيش بيت في الدنيا ما يهوش مشاكل الحلو في إن إن إحنا بنحطه لإنه حط المشكله وإداها الشكل المظبوط أو النهايه أو مظبوطه مش إن هي عشان إحنا عايزين نهايه حلوه في الاخر ولم شم ليلى لأ هو قدى إلن هي اللي فيها تعليم فيها ثقافه دايما نقول إيه ليه بنقدم ساعات حاجات مش مظبوطه ليه بنقدم مثلا مناظر في مصر مش حلو إحنا عندنا حاجات حلوه لكن هو حط يعني هاني في الاخر نقل الشكل الطبيعي إن لازم يكون عليه سواء المرأه في احتواقها في كل حاجه في حياتها منديش دايما السلبيات لأ يبقى لازم في إيجابيات إم فده الحلو في الموضوع ل بالظبط في معالجه والمعالجه جمينه فيها تعليم يعني اللي بيتفرج ول عنده مشكله طب ليه لأن انا معملش كده ليه فعلا أنا مقولش مثلا لأ فأنا أنا لازم أعمل واحد اتنين تلاته ليه دايما أخد الناحيه السلبيه ليه ميبقاش في"
    },
    {
        "start": 100.92,
        "end": 107.72,
        "speaker": "speaker_0",
        "text": "لراجل يعني يعرف إزاي بيتكشف عشان يعرف ييعني"
    },
    {
        "start": 107.75999999999999,
        "end": 108.16,
        "speaker": "speaker_3",
        "text": "شايفه"
    },
    {
        "start": 108.2,
        "end": 116.0,
        "speaker": "speaker_2",
        "text": "إن إحنا عقشناها بشكل بشكل حلو من غير ما نبقى ماسكين عصايه كده وبنعلم وبنقول شكل حكاهسل"
    },
    {
        "start": 116.12,
        "end": 116.6,
        "speaker": "speaker_1",
        "text": "حدوته"
    },
    {
        "start": 116.8,
        "end": 140.07999999999998,
        "speaker": "speaker_2",
        "text": "مسألة الجهاز ومسألة إحنا ليه لما بيبقى في اتنين على وش الجوازي ما بنقول كده ببلدي و شباب و لسه في في بداية حياتهم ليه بنقعد ليه بنقعد نطلب طلبات كتيره ونيب بنقعد نتشرط ونقور عايزين وعايزين وعايزين وايزين طب ما الحكايه تبقى سلسه على كل الأطراف علشان  ميبدقوش حياتهم مديونين مله"
    },
    {
        "start": 140.12,
        "end": 140.32,
        "speaker": "speaker_1",
        "text": "حلو"
    },
    {
        "start": 140.36,
        "end": 144.96,
        "speaker": "speaker_3",
        "text": "أوي لقطة طالما في التلاجه المصري والمستورد والفرق قد كده طب منجيب المص"
    },
    {
        "start": 145.0,
        "end": 145.68,
        "speaker": "speaker_2",
        "text": "بالبط"
    },
    {
        "start": 145.68,
        "end": 146.32,
        "speaker": "speaker_1",
        "text": "أه"
    },
    {
        "start": 146.48,
        "end": 157.68,
        "speaker": "speaker_3",
        "text": "لمراسبة التلاجه والرسئله بس عايز أقول إن إحنا وده نويت عنو قبل كده إن إحنا قررنا إن إحنا نحول الفرحه اللي في الأسره دي الأسره اللي إحنا عشنا معاه"
    },
    {
        "start": 157.72,
        "end": 158.28,
        "speaker": "speaker_1",
        "text": "تلات شهور"
    },
    {
        "start": 158.4,
        "end": 159.88,
        "speaker": "speaker_3",
        "text": "اللي فرحهيه ه"
    }
]