[
    {
        "start": 0.14,
        "end": 1.6,
        "speaker": "speaker_1",
        "text": "إيهاللي موجودين عندك"
    },
    {
        "start": 1.92,
        "end": 3.36,
        "speaker": "speaker_3",
        "text": "و عليهم ناس كتيره جدا"
    },
    {
        "start": 3.44,
        "end": 4.0,
        "speaker": "speaker_0",
        "text": "من"
    },
    {
        "start": 4.48,
        "end": 4.88,
        "speaker": "speaker_2",
        "text": "مهب"
    }
]