[
    {
        "start": 0.0,
        "end": 1.0,
        "speaker": "speaker_3",
        "text": "حلو أوي نفتكرها"
    },
    {
        "start": 1.0,
        "end": 1.8,
        "speaker": "speaker_2",
        "text": "و بعدين نرجع"
    },
    {
        "start": 1.96,
        "end": 4.72,
        "speaker": "speaker_1",
        "text": "قولونا بقى وضحكولنا كواليسهل"
    },
    {
        "start": 4.8,
        "end": 5.04,
        "speaker": "speaker_0",
        "text": "ياش"
    }
]