[
    {
        "start": 0.0,
        "end": 0.17,
        "speaker": "speaker_2",
        "text": ""
    },
    {
        "start": 0.38,
        "end": 0.65,
        "speaker": "speaker_2",
        "text": ""
    },
    {
        "start": 1.34,
        "end": 1.61,
        "speaker": "speaker_2",
        "text": ""
    },
    {
        "start": 2.3,
        "end": 2.65,
        "speaker": "speaker_2",
        "text": ""
    },
    {
        "start": 3.74,
        "end": 4.01,
        "speaker": "speaker_2",
        "text": ""
    },
    {
        "start": 4.78,
        "end": 20.41,
        "speaker": "speaker_1",
        "text": "تتيجه عند إسماعيل ياسين ولازم تتوقف كثيعا يعني أكثر الذين أبهجونا وأمتعونا وبالتأكيد بتقعد تشوف بتقول إسماعيليسين ممتش واللي زي إسماعيل يسين م بيموتش يعني ليه"
    },
    {
        "start": 20.7,
        "end": 26.65,
        "speaker": "speaker_1",
        "text": "لأنك بتشوف سلسلة أعمال كثيره ومتعدده ومتنوعه ومختلفه"
    },
    {
        "start": 26.86,
        "end": 32.57,
        "speaker": "speaker_1",
        "text": "و فيه بقى الكوميديا الحقيقيه اللي هي مش إفهات مختركه أو مصطنعه لأ"
    },
    {
        "start": 32.86,
        "end": 38.97,
        "speaker": "speaker_1",
        "text": "قائمه على الموقف وعلى الحكايه و على القصه م وعلى الحدوته"
    },
    {
        "start": 39.26,
        "end": 47.05,
        "speaker": "speaker_1",
        "text": "إسماعيلي في أمتاعنا كثيرا ودايما حتى الناس تقول بس إحنا سمعنا أصله للأسف كمان"
    },
    {
        "start": 47.26,
        "end": 58.489999999999995,
        "speaker": "speaker_1",
        "text": "يعني مات حزينا ومتألما شوفه دايما هتلاقولي بيبهوجونا ويمتعونه هتلاقي في خيوط مأساء في حياتهم واحنا بنحتفل بعيد ميلاد"
    },
    {
        "start": 59.02,
        "end": 68.97,
        "speaker": "speaker_1",
        "text": "إسماعيل ياسين وبذكرى ميلادي معايا أسرته اللي دايما بتدافع عن تراثه وبتدافع عن فنه دائما"
    },
    {
        "start": 69.82,
        "end": 74.445,
        "speaker": "speaker_1",
        "text": "بدا مساميه شاهين أرمالة المخ راحل ياسين إسماعيل يسين ولام مسمي أهلا بحضرتك"
    },
    {
        "start": 74.195,
        "end": 74.445,
        "speaker": "speaker_0",
        "text": ""
    },
    {
        "start": 74.445,
        "end": 75.85,
        "speaker": "speaker_0",
        "text": "أهلا بيتيك يا أستاذ ائل"
    },
    {
        "start": 76.14,
        "end": 85.21000000000001,
        "speaker": "speaker_1",
        "text": "سلمه ياسين إسماعيل ياسين سلمه أهلا بيكي وانت بتظعيش كتير فالحمد لله إنه يعني"
    },
    {
        "start": 85.66,
        "end": 87.21,
        "speaker": "speaker_1",
        "text": "كانت موجوده معانا يعني"
    },
    {
        "start": 87.74,
        "end": 88.41,
        "speaker": "speaker_1",
        "text": "إم"
    },
    {
        "start": 88.94,
        "end": 92.815,
        "speaker": "speaker_1",
        "text": "وسمى أنا شايف قبل ما أقدم بقى هي الي هي الأقرب الإسماعيل ي سيف"
    },
    {
        "start": 92.815,
        "end": 94.065,
        "speaker": "speaker_0",
        "text": "أيه"
    },
    {
        "start": 92.815,
        "end": 93.315,
        "speaker": "speaker_1",
        "text": "ايف"
    },
    {
        "start": 93.565,
        "end": 94.065,
        "speaker": "speaker_1",
        "text": ""
    },
    {
        "start": 94.065,
        "end": 95.065,
        "speaker": "speaker_1",
        "text": "شسايق"
    },
    {
        "start": 94.065,
        "end": 94.315,
        "speaker": "speaker_0",
        "text": ""
    },
    {
        "start": 94.815,
        "end": 95.065,
        "speaker": "speaker_0",
        "text": "ل"
    },
    {
        "start": 95.065,
        "end": 96.57,
        "speaker": "speaker_0",
        "text": "وحتى الرو"
    },
    {
        "start": 96.94,
        "end": 98.815,
        "speaker": "speaker_0",
        "text": "ويك ومدين زي"
    },
    {
        "start": 96.94,
        "end": 97.565,
        "speaker": "speaker_1",
        "text": "ولو"
    },
    {
        "start": 98.815,
        "end": 103.45,
        "speaker": "speaker_1",
        "text": "ودين تطلع إسماعيل ياسين على طول أيوه"
    },
    {
        "start": 98.815,
        "end": 99.065,
        "speaker": "speaker_0",
        "text": ""
    },
    {
        "start": 99.315,
        "end": 100.065,
        "speaker": "speaker_0",
        "text": "الديني طب"
    },
    {
        "start": 103.9,
        "end": 104.65,
        "speaker": "speaker_1",
        "text": ""
    },
    {
        "start": 105.58,
        "end": 109.69,
        "speaker": "speaker_1",
        "text": "معايا كمان يسين شريف حفيد"
    },
    {
        "start": 109.98,
        "end": 111.29,
        "speaker": "speaker_1",
        "text": "إسماعيلي ياسين"
    },
    {
        "start": 111.58,
        "end": 112.705,
        "speaker": "speaker_1",
        "text": "ياسين أهلا بيك"
    },
    {
        "start": 112.705,
        "end": 113.45,
        "speaker": "speaker_2",
        "text": "الحمد لله"
    },
    {
        "start": 113.74,
        "end": 117.77,
        "speaker": "speaker_1",
        "text": "أول ما بتقول بقى حفيد إسماعيل ياسين ده كده يعني"
    },
    {
        "start": 118.14,
        "end": 119.29,
        "speaker": "speaker_1",
        "text": "الناس تعمل إيه"
    },
    {
        "start": 119.82,
        "end": 121.28999999999999,
        "speaker": "speaker_2",
        "text": "سعب"
    },
    {
        "start": 121.58,
        "end": 124.49,
        "speaker": "speaker_2",
        "text": "صحابي في المدرسه بيقولا كن متسم"
    },
    {
        "start": 124.78,
        "end": 125.13,
        "speaker": "speaker_2",
        "text": "يا حبيب"
    },
    {
        "start": 125.42,
        "end": 125.85000000000001,
        "speaker": "speaker_2",
        "text": "سيم"
    },
    {
        "start": 126.22,
        "end": 130.73,
        "speaker": "speaker_2",
        "text": "بيفضلوا يقولوا كده لكن مدرسين مش أوي بيقولوا بجه"
    },
    {
        "start": 131.02,
        "end": 131.895,
        "speaker": "speaker_2",
        "text": "بس خلاص"
    },
    {
        "start": 131.895,
        "end": 132.65,
        "speaker": "speaker_1",
        "text": ""
    },
    {
        "start": 133.02,
        "end": 134.09,
        "speaker": "speaker_1",
        "text": ""
    },
    {
        "start": 134.86,
        "end": 141.53,
        "speaker": "speaker_1",
        "text": "ياسين صريح جدا كمان معايا ساره ياسين اسماعيل ياسين"
    },
    {
        "start": 141.98,
        "end": 155.20999999999998,
        "speaker": "speaker_1",
        "text": "إساره وحفيدة إسماعيلي ياسين أهلا بيك يا سم أهلا بحضجتك طيب لو عايز هنا مدام سمي بفوعه كده يعني إسماعيل ياسين أبهجنا كثيرا بس أنا في جي خيط كده على طول دايما"
    },
    {
        "start": 155.66,
        "end": 157.37,
        "speaker": "speaker_1",
        "text": "بيشغلني جدا"
    },
    {
        "start": 157.9,
        "end": 164.65,
        "speaker": "speaker_1",
        "text": "وأعتقد حتى الخيط ده أنا بشك إنه ورا ورفه أيضا إبنه ياسين إسماعيل ياسين يعني"
    },
    {
        "start": 165.1,
        "end": 170.81,
        "speaker": "speaker_1",
        "text": "الون اللي بيبهدنا دايما ومتعنا ده بتبقى في خروط مأساهفي حياته يعني"
    },
    {
        "start": 171.02,
        "end": 174.895,
        "speaker": "speaker_0",
        "text": "بص حضرتك هو فنانين الزمن الجميل"
    },
    {
        "start": 174.895,
        "end": 175.61,
        "speaker": "speaker_1",
        "text": "إم"
    },
    {
        "start": 175.9,
        "end": 177.93,
        "speaker": "speaker_0",
        "text": "كلهم أق أكترهم"
    },
    {
        "start": 178.7,
        "end": 181.20999999999998,
        "speaker": "speaker_0",
        "text": "عايشوا قد عاشه وأبتاعه الناس"
    },
    {
        "start": 181.42,
        "end": 182.89,
        "speaker": "speaker_0",
        "text": "ولكن بتبقى"
    },
    {
        "start": 183.1,
        "end": 185.69,
        "speaker": "speaker_0",
        "text": "الحياه في اختامها بتبقى حزينه"
    },
    {
        "start": 185.9,
        "end": 188.89000000000001,
        "speaker": "speaker_0",
        "text": "لأن هما كانوا فنانين للفن"
    },
    {
        "start": 189.42,
        "end": 194.295,
        "speaker": "speaker_0",
        "text": "أه مكانوش فنانين عشان خاطر إن هما ياخدوا مبالغ بين"
    },
    {
        "start": 194.045,
        "end": 194.295,
        "speaker": "speaker_1",
        "text": ""
    },
    {
        "start": 194.295,
        "end": 197.295,
        "speaker": "speaker_1",
        "text": "يقفع فلوس لهعنده هو"
    },
    {
        "start": 194.295,
        "end": 194.545,
        "speaker": "speaker_0",
        "text": "اي"
    },
    {
        "start": 196.795,
        "end": 197.295,
        "speaker": "speaker_0",
        "text": "و"
    },
    {
        "start": 197.295,
        "end": 199.45,
        "speaker": "speaker_0",
        "text": "وبه وكانت حياته "
    },
    {
        "start": 197.295,
        "end": 197.545,
        "speaker": "speaker_1",
        "text": "يوم"
    },
    {
        "start": 199.74,
        "end": 202.49,
        "speaker": "speaker_0",
        "text": "فده يمكن إن أكثرهم"
    },
    {
        "start": 202.78,
        "end": 204.97,
        "speaker": "speaker_0",
        "text": "الختام بتاعهم كان مقساوي"
    },
    {
        "start": 205.42,
        "end": 214.795,
        "speaker": "speaker_1",
        "text": "أه بالتأكيد ياسين حك يعني هنا المساعه عند إسم ياسين عند إسماعيل ياسين هوظط فعلا زي ما كنا لحد الإفلاس"
    },
    {
        "start": 214.795,
        "end": 218.25,
        "speaker": "speaker_0",
        "text": "لا لا لا لا لا لا  أه أولا سماني ياسين"
    },
    {
        "start": 214.795,
        "end": 215.045,
        "speaker": "speaker_1",
        "text": "لا"
    },
    {
        "start": 218.62,
        "end": 220.65,
        "speaker": "speaker_0",
        "text": "يعني مت مفتور"
    },
    {
        "start": 221.1,
        "end": 222.48999999999998,
        "speaker": "speaker_0",
        "text": "بدليل إن هو مات"
    },
    {
        "start": 222.86,
        "end": 223.29000000000002,
        "speaker": "speaker_0",
        "text": ""
    },
    {
        "start": 223.66,
        "end": 229.77,
        "speaker": "speaker_0",
        "text": "أياني شأتها الأخرانيه اللي كان هو اتوفى فيها كانت في الزمالك كان سبع أوض و صاله"
    },
    {
        "start": 230.06,
        "end": 232.97,
        "speaker": "speaker_0",
        "text": "كانت كبيره كانت مستور"
    },
    {
        "start": 233.26,
        "end": 236.32999999999998,
        "speaker": "speaker_0",
        "text": "أه بس ماكنش يعني ما كنش متسول"
    },
    {
        "start": 236.78,
        "end": 244.01,
        "speaker": "speaker_0",
        "text": "أو كان بيمي و لا حد بيقول و لا كان بي لا في ناس طلعت قالت إنه جا ا تلف مننا ومستل كل ده"
    },
    {
        "start": 244.7,
        "end": 246.97,
        "speaker": "speaker_0",
        "text": "أه هو إسمان ياسين مشكلته"
    },
    {
        "start": 247.18,
        "end": 250.25,
        "speaker": "speaker_0",
        "text": "إني بداية مسرح التليفزيون"
    },
    {
        "start": 250.78,
        "end": 253.45,
        "speaker": "speaker_0",
        "text": "وزهور الشباب اللي طلعت جديد"
    },
    {
        "start": 253.9,
        "end": 254.65,
        "speaker": "speaker_0",
        "text": "أ"
    },
    {
        "start": 255.26,
        "end": 258.385,
        "speaker": "speaker_0",
        "text": "حبت الدوله إنها يعني تطلع شباب"
    },
    {
        "start": 258.385,
        "end": 262.49,
        "speaker": "speaker_1",
        "text": "إن في مدرسه كوميديه جديده طبعا شباب"
    },
    {
        "start": 262.78,
        "end": 266.655,
        "speaker": "speaker_1",
        "text": "يعني هل شعر بإنه موكتل الكوميدينتهت يعني"
    },
    {
        "start": 266.405,
        "end": 266.655,
        "speaker": "speaker_0",
        "text": "م"
    },
    {
        "start": 266.655,
        "end": 271.21,
        "speaker": "speaker_0",
        "text": "لأ هو كان بيجيله سيناريوهات ده اللي وائل كان ياسين بيحكولي"
    },
    {
        "start": 266.655,
        "end": 266.905,
        "speaker": "speaker_1",
        "text": "لأ"
    },
    {
        "start": 271.58,
        "end": 274.40999999999997,
        "speaker": "speaker_0",
        "text": "و خلاص على الاتفاه فجأه يكتفي المنتج"
    },
    {
        "start": 275.66,
        "end": 277.785,
        "speaker": "speaker_0",
        "text": "إفضلت الحاله دي لغاية الحراك"
    },
    {
        "start": 277.535,
        "end": 277.785,
        "speaker": "speaker_1",
        "text": "حري"
    },
    {
        "start": 277.785,
        "end": 282.035,
        "speaker": "speaker_1",
        "text": "بسده مش تعمد لأن لبعض برضو حاول يدعي إن كان في مشكله بي"
    },
    {
        "start": 281.785,
        "end": 282.035,
        "speaker": "speaker_0",
        "text": "لبي"
    },
    {
        "start": 282.035,
        "end": 283.53000000000003,
        "speaker": "speaker_0",
        "text": "لالا لا وطعم"
    },
    {
        "start": 283.98,
        "end": 284.605,
        "speaker": "speaker_1",
        "text": "اتعمق"
    },
    {
        "start": 284.605,
        "end": 285.355,
        "speaker": "speaker_0",
        "text": "دايسم"
    },
    {
        "start": 285.355,
        "end": 287.355,
        "speaker": "speaker_1",
        "text": "بس مش مع الرئيس عبد الناصر لا ل"
    },
    {
        "start": 285.355,
        "end": 285.605,
        "speaker": "speaker_0",
        "text": "بش"
    },
    {
        "start": 287.105,
        "end": 287.355,
        "speaker": "speaker_0",
        "text": ""
    },
    {
        "start": 287.355,
        "end": 290.97,
        "speaker": "speaker_0",
        "text": "خالص لأن ياسين كان صاحب ولاد عبد الناصر"
    },
    {
        "start": 291.34,
        "end": 295.21,
        "speaker": "speaker_0",
        "text": "أه يعني لغاية يعني لغاية وفاة ياسين"
    },
    {
        "start": 291.34,
        "end": 291.965,
        "speaker": "speaker_1",
        "text": "أه ي"
    },
    {
        "start": 295.42,
        "end": 298.795,
        "speaker": "speaker_1",
        "text": "إنما الشخصيات من الشخصيات المحيطه بجمال عبد الناصر"
    },
    {
        "start": 298.795,
        "end": 299.69,
        "speaker": "speaker_0",
        "text": "المراكز القومى"
    },
    {
        "start": 300.46,
        "end": 304.335,
        "speaker": "speaker_1",
        "text": "مراكز القوى خاصة إن هو يعني حتى تورفي اتنين وسبعين يعني"
    },
    {
        "start": 304.335,
        "end": 305.04999999999995,
        "speaker": "speaker_0",
        "text": "ألو"
    },
    {
        "start": 305.58,
        "end": 312.96999999999997,
        "speaker": "speaker_0",
        "text": "أه كان كان لأسباب لظهور ناس تانيه ليه ناس تانيه تبقى النجوم الكوميديا في الفترهأ"
    },
    {
        "start": 313.26,
        "end": 313.39,
        "speaker": "speaker_1",
        "text": ""
    }
]