[
    {
        "start": 0.0,
        "end": 0.84,
        "speaker": "speaker_1",
        "text": "الحلقه"
    },
    {
        "start": 1.08,
        "end": 1.52,
        "speaker": "speaker_2",
        "text": "صحيح"
    },
    {
        "start": 1.92,
        "end": 2.6,
        "speaker": "speaker_3",
        "text": "هي دي كانت"
    },
    {
        "start": 2.64,
        "end": 3.12,
        "speaker": "speaker_0",
        "text": "المجاشره"
    },
    {
        "start": 3.12,
        "end": 3.8,
        "speaker": "speaker_1",
        "text": "بالنسبالنا"
    }
]