[
    {
        "start": 0.0,
        "end": 4.56,
        "speaker": "speaker_0",
        "text": "الأولاني أهلا بيك وألف و مبروك على النجاح ده و على العمل المحترم"
    },
    {
        "start": 4.64,
        "end": 5.16,
        "speaker": "speaker_1",
        "text": "أهلا بيك"
    },
    {
        "start": 5.24,
        "end": 11.04,
        "speaker": "speaker_0",
        "text": "برحب كمان الأستاذ هاني كمان المؤلف واللي إدوك حقك و زياده في فكرة إن كل المشاهد الحلوه"
    },
    {
        "start": 12.64,
        "end": 13.08,
        "speaker": "speaker_1",
        "text": "ن م"
    },
    {
        "start": 15.0,
        "end": 72.68,
        "speaker": "speaker_0",
        "text": "وا عضي يعني تكلموا كتير حتى لما كنا بنقول دي ممثل عمل العمل بشكل حلو أوي يقولك لأ مش أنا اللي عملت العمل حلو ده علشان هو مكتوب حلو أنا للحظ ح بهنيك وبقولك مبروك و طبعا أستاذ خالد عز الموزع والملحن اللي عملنا واحده من أجمل الأغاني اللي شوفناها في مسلسل قبل عنشر الناس كلها ارتبطن بيها ألف موبوك على النجاح الكبير عايز أقول إن الناس كمان يمكن في رسال كتير وصلت لدي ميديا بفكرة إن هما عايزين جزء تاني للمسلسل مفيش قرار ي ما يخص لجزء التاني لأن ده سؤال قرار كتير لكن دي ميديا بتقعد حضراتكو بإنه هيكون في أعمال أخرى هتكون على نفس مستوى أول اعروسه حتى لو مفيش جزء تاني من الأسه اللي ارتبطت بيه ده لكن هيكون في أعمال تانيه تكون على نفس المستوى وتقول قريبه بالشكل ده للأسره المصريه برحب بيكو هما كلموا عليكو كتير و انتو مش موجودين فأنا عايزكو بقى إنتو تتكلموا عليهم و حضراتكم بتتكلموا عليه"
    },
    {
        "start": 74.12,
        "end": 74.48,
        "speaker": "speaker_1",
        "text": "ن"
    },
    {
        "start": 74.6,
        "end": 93.6,
        "speaker": "speaker_0",
        "text": "كلمو عليهم بسريعا قبل ما يمسوا ل إن أنا عارفه إنه عندهم فير هم معانا من بدري الحقيقه و في تصوير علشان شغل رمضان حاضر ول بس أنا عايز أسمع بقى قبل ما يمشوا عملوا معاك إيه"
    },
    {
        "start": 93.92,
        "end": 94.56,
        "speaker": "speaker_1",
        "text": "عملوا مياه"
    },
    {
        "start": 95.0,
        "end": 95.6,
        "speaker": "speaker_0",
        "text": "نين"
    },
    {
        "start": 96.16,
        "end": 97.92,
        "speaker": "speaker_1",
        "text": "خليني بس الأولادي بس"
    },
    {
        "start": 97.96000000000001,
        "end": 99.0,
        "speaker": "speaker_0",
        "text": "إحنا عكره"
    },
    {
        "start": 99.12,
        "end": 120.84,
        "speaker": "speaker_1",
        "text": "إن أنا أشكر دي ميسي المنتجه والأستاذه منى قطب و الأستاذ إبراهيم حموده الأستاذه المنتجين و يعني بجد أنا مبسوط إن ربنا تحلي فرصه إن أنا يبقى معايا قيمه وقامر زي الأساتذ النجوم اللي هما معاه والأساتذه الغائبين"
    }
]