[
    {
        "start": 0.06,
        "end": 2.12,
        "speaker": "speaker_3",
        "text": "حاجه معينه عندو حاجه خاصه لرمضان"
    },
    {
        "start": 2.16,
        "end": 5.36,
        "speaker": "speaker_1",
        "text": "ي لحظة غضا لا لحظة غطا  صبه صابا سابه"
    },
    {
        "start": 5.4,
        "end": 9.32,
        "speaker": "speaker_0",
        "text": "وباركو سابه عامله مسلسل رائع لن السطور بجد مسلسل"
    },
    {
        "start": 9.36,
        "end": 9.88,
        "speaker": "speaker_1",
        "text": "حلو جدا"
    },
    {
        "start": 10.4,
        "end": 12.52,
        "speaker": "speaker_4",
        "text": "خراج معبد العزيز النجار برضو"
    },
    {
        "start": 13.08,
        "end": 13.76,
        "speaker": "speaker_0",
        "text": "نفس المخرج"
    },
    {
        "start": 14.28,
        "end": 16.96,
        "speaker": "speaker_2",
        "text": "طارق جماين  الطاي النا نتي ب"
    },
    {
        "start": 17.0,
        "end": 20.16,
        "speaker": "speaker_0",
        "text": "ده مسلسل جميل جدا بدعوكو إنكو تتفرجوا عليه"
    },
    {
        "start": 20.28,
        "end": 23.08,
        "speaker": "speaker_3",
        "text": "شكرا ليكو شكرا لحاله خاصه شكرا"
    },
    {
        "start": 24.24,
        "end": 26.88,
        "speaker": "speaker_5",
        "text": "ليكو كلكو للكاتب للمخرج لطارق"
    }
]