[
    {
        "start": 0.0,
        "end": 7.125,
        "speaker": "speaker_0",
        "text": "هو بسم الله رحم رح إن أنا برحب بحضرتك أولاني هو طبعا العاده ديت أو إحنا بنقول عليها الجريمه إم الشعاده إم"
    },
    {
        "start": 6.875,
        "end": 7.125,
        "speaker": "speaker_2",
        "text": ""
    },
    {
        "start": 7.125,
        "end": 7.875,
        "speaker": "speaker_2",
        "text": "ليه فعلا جريم"
    },
    {
        "start": 7.125,
        "end": 7.375,
        "speaker": "speaker_0",
        "text": "دفع"
    },
    {
        "start": 7.875,
        "end": 10.09,
        "speaker": "speaker_0",
        "text": "أه بالظبط أه دي بقالها مئة السنين"
    },
    {
        "start": 10.54,
        "end": 17.53,
        "speaker": "speaker_0",
        "text": "فإنتي حاجم بإلهانيات السنين بيبقى صعب جدا إن إنتي تدي عليها عمره واحده طبعا بياخد وقت مجهود إم "
    },
    {
        "start": 17.74,
        "end": 33.37,
        "speaker": "speaker_0",
        "text": "وعايز بس أشير حاجه إن هي العاد دي عاده إفريقيا مش فروانيه إم الفرانه يعني أبرياء من هذه الكريمه فرانه كل حاجه كانوا بيوسقوها إم سواء على اجيداريه أو برديه إم موسقين كتان الذزكور لكن ختان الناس محصلش إم في فتره كده"
    },
    {
        "start": 33.66,
        "end": 36.33,
        "speaker": "speaker_0",
        "text": "حصل فيها زا هجره من بلاد الحباشيده مصر"
    },
    {
        "start": 36.54,
        "end": 41.37,
        "speaker": "speaker_0",
        "text": "إتنقلت ليها كل العادات السلبيه أو العادات الإيجابيه إم منها جريمة خات الإجناسي"
    },
    {
        "start": 41.98,
        "end": 49.449999999999996,
        "speaker": "speaker_0",
        "text": "فإحنا زي ما بقول لحضرتك هي جريمه زي أي جريمه تانيه من الصعب جدا إن إنتي تقضي ليها مره واحده بتيجي عن طريق التوعيه"
    },
    {
        "start": 49.66,
        "end": 56.035,
        "speaker": "speaker_0",
        "text": "إحنا في الأول عملنا توعيه كبيره جدا من ساعتنا بدأنا البرنامج بتاعنا من ألفين وتلاته"
    },
    {
        "start": 55.785,
        "end": 56.035,
        "speaker": "speaker_1",
        "text": ""
    },
    {
        "start": 56.035,
        "end": 57.535,
        "speaker": "speaker_1",
        "text": "بدأته فين تحديدا"
    },
    {
        "start": 57.535,
        "end": 61.61,
        "speaker": "speaker_0",
        "text": "إحنا بدأنا في عشر محافظات أ ست محافظات إبل وأربعه بحري"
    },
    {
        "start": 62.22,
        "end": 65.095,
        "speaker": "speaker_2",
        "text": "كان المحافظات دي معروف عنها إن هما مش"
    },
    {
        "start": 64.845,
        "end": 65.095,
        "speaker": "speaker_0",
        "text": ""
    },
    {
        "start": 65.095,
        "end": 65.345,
        "speaker": "speaker_0",
        "text": "سبعن"
    },
    {
        "start": 65.095,
        "end": 65.345,
        "speaker": "speaker_2",
        "text": "سبعن"
    },
    {
        "start": 65.345,
        "end": 66.845,
        "speaker": "speaker_2",
        "text": "نسب الخزانه "
    },
    {
        "start": 65.345,
        "end": 65.595,
        "speaker": "speaker_0",
        "text": ""
    },
    {
        "start": 66.845,
        "end": 75.53,
        "speaker": "speaker_0",
        "text": "نان أسوان إنى سوهاج أم أسوط المينيا بن لسويف إم القنوبيه كل المحافظات دي بتبقى نسبة الختمين فيها عالي جدا"
    },
    {
        "start": 66.845,
        "end": 67.095,
        "speaker": "speaker_2",
        "text": "ط"
    },
    {
        "start": 70.345,
        "end": 70.845,
        "speaker": "speaker_1",
        "text": "إم"
    },
    {
        "start": 76.06,
        "end": 82.57000000000001,
        "speaker": "speaker_0",
        "text": "فبدأ ما عملتش الشوعيه اللي كانت لما حدثت وفاة الطفله بتدور في ألفين وسبعه إم طبعا المجتمع كله اتحركت"
    },
    {
        "start": 82.78,
        "end": 97.53,
        "speaker": "speaker_0",
        "text": "الدوله كلها إتحركت بمؤسساتها بار الإفتاءالتدخل وأصدر أو الفتوى بتحليل ختام الناس إم وزير الصحه أصزر قرار ده يعتبر القرار التالت بعد سنة تسعه وخمسين وسته وتسعين صادر القرار في ألفين وسبعه"
    },
    {
        "start": 97.82,
        "end": 102.72999999999999,
        "speaker": "speaker_0",
        "text": "بمانى يختلناس في أي مكان إم أو أي شخص يدرهذه ال الكريمه"
    },
    {
        "start": 103.02,
        "end": 108.33,
        "speaker": "speaker_0",
        "text": "إلى ان صادر القانون و ده كان حاجه صعبه جدا إن إنتي في ألفين و تمانيه كان لسه المجتمع"
    },
    {
        "start": 108.62,
        "end": 120.97,
        "speaker": "speaker_0",
        "text": "إن إنتي تدخلويله مدخل تقريم الفتان ده كان شيء جديد عليه لأنه بيعتبرها عاده فإن إنتي تجراميها وتطلع بالعقوبه الصغيره دي هي كانت في الأول من تلات شهور لسنتين أول بغرامه من ألف خمستلاف"
    },
    {
        "start": 121.18,
        "end": 122.97000000000001,
        "speaker": "speaker_0",
        "text": "ده كان إنجاز بالنسباله إم"
    },
    {
        "start": 123.42,
        "end": 133.29,
        "speaker": "speaker_0",
        "text": "لغاية لما بدأنا نعمل ورش عمل مع الناس المسؤول عن إنفاز قانوني إن إحنا لاحظنا  من ألفين وتمانيه لغاية برضو وفاة الطفل سوير الباتا"
    },
    {
        "start": 133.58,
        "end": 135.45000000000002,
        "speaker": "speaker_0",
        "text": "في الدهليه توفت برضوبنت"
    },
    {
        "start": 135.74,
        "end": 139.29000000000002,
        "speaker": "speaker_0",
        "text": "نتيجة جريمة ختال الناس متنفسش لقانون إم"
    },
    {
        "start": 139.5,
        "end": 164.875,
        "speaker": "speaker_0",
        "text": "فبدأنا نشوف المسؤولين عن إنفاذ القانون وهي القضاء النابه العامه الطب الشرعي وزارة الصحه لعلاج الحر بدأنا نعمل ورش عمل وتدريبات للساده القضاه لأنيبه الطب الشرعي إم وطلعنا بشوية توصيات مهمه جدا إم و من ضمنها تغليز العقيبه إم لاحظنا إن العقوبه بتاعت جريمة ختام ناس عقوبه قليله جدا لا تتناسب مع الجريمه"
    },
    {
        "start": 164.875,
        "end": 166.625,
        "speaker": "speaker_2",
        "text": "ودلوقتي العكوبه وبقت قد إيه"
    },
    {
        "start": 166.625,
        "end": 174.49,
        "speaker": "speaker_0",
        "text": "هي العقوبه دلوقتي إن أي إنسان هيعمل عملية الختان سواء طبيب أو أي شخص العقوبه من خمس سنين لسبع سنين ده في حالة الجرح"
    },
    {
        "start": 174.7,
        "end": 189.60999999999999,
        "speaker": "speaker_0",
        "text": "إم لكن لو حصل عاها مستديمه زي أكرأو لا قدر الله و البنت توفت بتوصل للسجن المشدل م الميزه في الماده المعدله أو كذا ميزه إن هي أولا عرفت يعني إيه ختام إناس إم في القانون نفسه"
    },
    {
        "start": 177.075,
        "end": 177.825,
        "speaker": "speaker_1",
        "text": ""
    },
    {
        "start": 181.325,
        "end": 182.075,
        "speaker": "speaker_1",
        "text": ""
    },
    {
        "start": 188.075,
        "end": 188.575,
        "speaker": "speaker_1",
        "text": "س"
    },
    {
        "start": 190.14,
        "end": 194.17,
        "speaker": "speaker_0",
        "text": "إن هي إزاله سواء جزئيه أو تام للأعضاء الخارجيه للبنت"
    },
    {
        "start": 194.62,
        "end": 203.45000000000002,
        "speaker": "speaker_0",
        "text": "بدون سبب مراضي وده المهم إن هي الأعضاء دي أعطاء قديمه مش زي ختان الذكور ن هي إيه عشان الناس بتحاول تخما بين ختان اإي ناس وختام الذكور"
    },
    {
        "start": 203.74,
        "end": 210.65,
        "speaker": "speaker_0",
        "text": "ملهاش علاقه خالص إن إنتي قاطع الأعضاء ده هيعمل تربيه للبنت أو تهذيب البنت"
    },
    {
        "start": 211.18,
        "end": 216.33,
        "speaker": "speaker_0",
        "text": "ده بالعكس إنتي يعني بتعملي مشاكل صحيه وجسديه ونفسيه "
    },
    {
        "start": 216.54,
        "end": 219.415,
        "speaker": "speaker_0",
        "text": "بتستمر معاها قبل الجواز وبعد الجواز"
    },
    {
        "start": 219.415,
        "end": 219.69,
        "speaker": "speaker_1",
        "text": ""
    },
    {
        "start": 220.06,
        "end": 226.01,
        "speaker": "speaker_0",
        "text": "فا العقوبه دي حضرتك تتناسب مع الجريمه نفسها الميزه التانيه"
    },
    {
        "start": 226.22,
        "end": 239.69,
        "speaker": "speaker_0",
        "text": "هو حضرتك دخل أي إنسان هيصطاحب أنسى سواء أب أو أم أو عم أو خال لدكتور ويجرله عملية الختيان هيكون لوقوبه من سنه لتلات سنين والميسه التالته إن هو رفع"
    },
    {
        "start": 240.06,
        "end": 243.435,
        "speaker": "speaker_0",
        "text": "السقف الجريمه من جنحه لجنيه"
    },
    {
        "start": 243.185,
        "end": 243.435,
        "speaker": "speaker_1",
        "text": ""
    },
    {
        "start": 243.435,
        "end": 253.05,
        "speaker": "speaker_1",
        "text": "و لكن مع هذا البعض يا أستاذ مصطفى لن يعني في عملات توعيه وفي قانون و في تعديلات قانونيه و لكن"
    },
    {
        "start": 243.435,
        "end": 243.685,
        "speaker": "speaker_0",
        "text": ""
    },
    {
        "start": 253.34,
        "end": 254.25,
        "speaker": "speaker_1",
        "text": "إجتماعيا"
    },
    {
        "start": 254.7,
        "end": 258.09,
        "speaker": "speaker_1",
        "text": "ما زال في مناطق معينه أهو مقبول و"
    },
    {
        "start": 258.38,
        "end": 259.13,
        "speaker": "speaker_1",
        "text": "مطلوب"
    },
    {
        "start": 259.42,
        "end": 263.77000000000004,
        "speaker": "speaker_1",
        "text": "وبيبقى عار لو البنت معمروهاش عملية الفتين"
    },
    {
        "start": 264.06,
        "end": 271.435,
        "speaker": "speaker_1",
        "text": "ده بيتم مناهبدته إزاي أو محبته إزاي لأن التقادير الاجتماعيه دي من أكتر الحاجات الصعبه الواحد"
    },
    {
        "start": 271.185,
        "end": 271.435,
        "speaker": "speaker_0",
        "text": "لا"
    },
    {
        "start": 271.435,
        "end": 272.435,
        "speaker": "speaker_0",
        "text": "خاصة في المجتمع"
    },
    {
        "start": 272.435,
        "end": 276.57,
        "speaker": "speaker_1",
        "text": "تمام فلما بتيجي تعملي عملية توعيه مين بيقول بعملية لتوعيه دي"
    },
    {
        "start": 272.435,
        "end": 272.685,
        "speaker": "speaker_0",
        "text": "كان"
    },
    {
        "start": 276.94,
        "end": 281.93,
        "speaker": "speaker_0",
        "text": "هو حضرتك إحنا في الحملات التوعيه بلف كوره مصر كلها أو المدن"
    },
    {
        "start": 282.22,
        "end": 284.25,
        "speaker": "speaker_0",
        "text": "بيكون في شيخ"
    },
    {
        "start": 284.46,
        "end": 284.72999999999996,
        "speaker": "speaker_0",
        "text": "هر"
    },
    {
        "start": 284.94,
        "end": 287.21,
        "speaker": "speaker_0",
        "text": "الأوقاف أو الأزهر أو ضر الإفتاء"
    },
    {
        "start": 287.42,
        "end": 289.05,
        "speaker": "speaker_0",
        "text": "وبيكون طبيب "
    },
    {
        "start": 289.66,
        "end": 298.49,
        "speaker": "speaker_0",
        "text": "بيشرح كل الأضرار الجسديه والنفسيه إم طبعا الناس كلها في الأول مبتبقاش عندها كل المعلومات اللي هي في جريمة ختان إماس"
    },
    {
        "start": 298.035,
        "end": 298.49,
        "speaker": "speaker_1",
        "text": "ب"
    },
    {
        "start": 298.7,
        "end": 308.65,
        "speaker": "speaker_0",
        "text": "يعني لما  حتى لما ناقشنا مع القوضاه وكلاء نيابه مكانوش مستوعبين خطورة العادهيه بالنسبه للست لأن هو راجل"
    },
    {
        "start": 308.86,
        "end": 312.09000000000003,
        "speaker": "speaker_0",
        "text": "ومش بيحس بالالام دي أو المشاكل اللي بتحصل البنت"
    },
    {
        "start": 312.3,
        "end": 312.925,
        "speaker": "speaker_0",
        "text": "سلم بى"
    },
    {
        "start": 312.675,
        "end": 312.925,
        "speaker": "speaker_1",
        "text": "طب"
    },
    {
        "start": 312.925,
        "end": 313.925,
        "speaker": "speaker_1",
        "text": "إيه  تعنيه"
    },
    {
        "start": 312.925,
        "end": 313.175,
        "speaker": "speaker_0",
        "text": "بيه"
    },
    {
        "start": 313.675,
        "end": 313.925,
        "speaker": "speaker_0",
        "text": "يعني"
    },
    {
        "start": 313.925,
        "end": 330.41,
        "speaker": "speaker_0",
        "text": "أه بالظبط إم فلما بتوصله بيبتدي غير رأيه وبيبتدي فكره كله إن هي دي في شهات جرنه إم لإن هو عنده اعتقاد إن دي حاجه عاديه جدا بسيطه جدا للبنت إحنا بنحاول نشبهها ما بين الذكور وللناس إن الضوافر لما بتتقص غير الصوباعه لما بين"
    },
    {
        "start": 330.62,
        "end": 333.85,
        "speaker": "speaker_0",
        "text": "إهم ده بالظبط المسال اللي اختام الذكوره اختام الناس"
    },
    {
        "start": 334.14,
        "end": 337.93,
        "speaker": "speaker_0",
        "text": "فلما بنوصل للناس و بنوضريه وبنوصلبهم المعلومات"
    },
    {
        "start": 338.14,
        "end": 341.77,
        "speaker": "speaker_0",
        "text": "تبقى في نسبه عاليه جدا إن هما بيستجبوا معانا"
    },
    {
        "start": 341.98,
        "end": 343.605,
        "speaker": "speaker_0",
        "text": "حة إنه دي قريمه سلا"
    },
    {
        "start": 343.355,
        "end": 343.605,
        "speaker": "speaker_2",
        "text": "ا"
    },
    {
        "start": 343.605,
        "end": 350.855,
        "speaker": "speaker_2",
        "text": "أعتقد كمان مع وجود شيخ وجود طبيب العمليه بتبقى برضو أسهل شويه أه السوت وعو الناس مش كده"
    },
    {
        "start": 346.855,
        "end": 347.355,
        "speaker": "speaker_0",
        "text": "مالله"
    },
    {
        "start": 350.855,
        "end": 370.105,
        "speaker": "speaker_0",
        "text": "أه بالظبط لأن هو حضرتك في الأول الناس بتحاول تلسقها ل حاديث لسيدنا النبي عليه الصلاة و السلام وبتقول إن زيت حاجه من السنه و هي طبعا بعيدا هائيا عن السنه لجه ذكره لإمان المنظر في القرن الرابع الهجمي م وقال إن فيتان الناس ليس في خبر يرجع لي أو سنة الطبع إم"
    },
    {
        "start": 350.855,
        "end": 351.105,
        "speaker": "speaker_2",
        "text": ""
    },
    {
        "start": 355.105,
        "end": 355.855,
        "speaker": "speaker_2",
        "text": "إم أحد"
    },
    {
        "start": 369.855,
        "end": 370.105,
        "speaker": "speaker_2",
        "text": "مع"
    },
    {
        "start": 370.105,
        "end": 371.77000000000004,
        "speaker": "speaker_2",
        "text": "طب إيه الحاجات اللي محيزه ده"
    },
    {
        "start": 370.105,
        "end": 370.355,
        "speaker": "speaker_0",
        "text": "ط"
    },
    {
        "start": 372.14,
        "end": 377.765,
        "speaker": "speaker_0",
        "text": "حضرتك دي دي شوية مطبعات مهمه جدا أولا إحنا بنحاول بنوزعها"
    },
    {
        "start": 377.515,
        "end": 377.765,
        "speaker": "speaker_2",
        "text": "صح"
    },
    {
        "start": 377.765,
        "end": 378.015,
        "speaker": "speaker_2",
        "text": "حال"
    },
    {
        "start": 377.765,
        "end": 378.015,
        "speaker": "speaker_0",
        "text": "حال"
    },
    {
        "start": 378.015,
        "end": 379.61,
        "speaker": "speaker_0",
        "text": "كلفئة المجتمع"
    },
    {
        "start": 378.015,
        "end": 378.265,
        "speaker": "speaker_2",
        "text": "بولم"
    },
    {
        "start": 379.82,
        "end": 386.89,
        "speaker": "speaker_0",
        "text": "سواء ناس عاديه أو وأم أو ناس مسؤولين أو ناس مهمين يعني بيبقوا اختصاصهم إنفاذ القانون"
    },
    {
        "start": 387.1,
        "end": 390.89000000000004,
        "speaker": "speaker_0",
        "text": "بتبقى نضباط حاجات بسيطه أو سيجيهات أو كتيبات إم"
    },
    {
        "start": 391.26,
        "end": 402.17,
        "speaker": "speaker_0",
        "text": "بالإضافه إحنا عاملين إستراتيجيه قوميه للمواطة ختال الإناس ديوطيقة في ألفين وستاشر لغاية ألفين وعشرين دي تهدف إلى إقلال نسبة ختان إنسر مصر"
    },
    {
        "start": 398.885,
        "end": 399.385,
        "speaker": "speaker_1",
        "text": "تلام"
    },
    {
        "start": 402.62,
        "end": 403.85,
        "speaker": "speaker_0",
        "text": "إلى خمسين في الميه"
    }
]