[
    {
        "start": 0.0,
        "end": 29.56,
        "speaker": "speaker_1",
        "text": "إنه مهندس عبد الله الفلاني من عشقو للزمن الجميل وأغاني الزمن الجميل سطوانات الأغاني القديمه فمسني بناته فايزه وشاديه ونجات أم كلثوم إحنا نقصنا فايزه لأنها مسافره الفنانه إيمي الجندي لكن بقيت البناتيت موجودين معانا نور إيهاب برحب بيكي معانا الأمر بدين أيوه شانديه مماني نكل متوقع مستقبل باهر جدا وده حصن يمكن مشهد اللي حضرتك ما شفت لسه بقولهم أنا اتأصرت بيه جدا جدا نقض يعني"
    },
    {
        "start": 29.64,
        "end": 30.2,
        "speaker": "speaker_0",
        "text": "الحمد لله"
    },
    {
        "start": 30.64,
        "end": 31.2,
        "speaker": "speaker_1",
        "text": "منورانا"
    },
    {
        "start": 31.4,
        "end": 31.84,
        "speaker": "speaker_0",
        "text": "رسإيه"
    },
    {
        "start": 31.88,
        "end": 41.56,
        "speaker": "speaker_1",
        "text": "والشقيه بيلار أحبد إحنا ش أم كلثوم عامله إيه الحمد لله منورانا واضح إن الشقاوه اللي إحنا شفناهفي المسلسل في أكتر منها في الحيقه على السوشينم"
    },
    {
        "start": 41.64,
        "end": 41.76,
        "speaker": "speaker_0",
        "text": "مش"
    },
    {
        "start": 41.8,
        "end": 51.76,
        "speaker": "speaker_1",
        "text": "فتانه ومش بتالصناه بذبته طيب و خلينا نرحب كمان بونشان بدل ب دور نجات قولشام مني ورانا عامله إيه"
    },
    {
        "start": 51.88,
        "end": 53.8,
        "speaker": "speaker_0",
        "text": "فوقي"
    },
    {
        "start": 53.92,
        "end": 54.2,
        "speaker": "speaker_1",
        "text": "طيب"
    },
    {
        "start": 54.92,
        "end": 55.08,
        "speaker": "speaker_0",
        "text": "ده"
    },
    {
        "start": 55.12,
        "end": 55.52,
        "speaker": "speaker_1",
        "text": "بروت"
    },
    {
        "start": 55.6,
        "end": 62.28,
        "speaker": "speaker_2",
        "text": "برضو صعب ي العمل جد د مؤذي كنا نقاذها منه"
    },
    {
        "start": 62.68,
        "end": 75.03999999999999,
        "speaker": "speaker_1",
        "text": "الحمد لله الحمد لله إحكولي على المسلسل والأسره ولسه كنت بقولهم أنا حاس إن أنا مش قاعد مع شخصيتهم الحقيقيه هما لسه جوه المسلسل نور إحكيلي على كواليس المسلسل"
    },
    {
        "start": 75.36,
        "end": 86.84,
        "speaker": "speaker_0",
        "text": "يعني حقيقي بجد مش كلام اللي هو كده بقى عشان إحنا قاعدين مع بعض حقيقي كان من أحلى الكواليس اللي ممكن حد عيشها في حياته إن إحنا قضينا مع بعض وقت كبير أوي ومن أول يوم"
    }
]