[
    {
        "start": 0.0,
        "end": 15.32,
        "speaker": "speaker_0",
        "text": "الله حضرتك سعدتني جدا جدا جدا إيه يعني إنتي دخلتي في التفاصيل بتاعة الشنطه الهيت فون طريقت الكشوف هل دخلتي في التفاصيل دي يا باليه ولا إيه"
    },
    {
        "start": 15.52,
        "end": 34.96,
        "speaker": "speaker_1",
        "text": "اللي أنا عملته إن أنا أعرفهم على مجموعه من الأولاد اللي عندي في السنتو و أنا كنت يعني كان علني حاسس إن هما في الاخر هناكو عبد الله إن هو اللي هيجي عن الدور خليه أكلي عبد الله يبقى اخر واحد يشوفوه عشان يكون نتعلمهم كل اللي قبليه"
    },
    {
        "start": 35.0,
        "end": 35.12,
        "speaker": "speaker_0",
        "text": "إم"
    },
    {
        "start": 36.0,
        "end": 50.16,
        "speaker": "speaker_1",
        "text": "عبد الضله هوندي يعني عبد الله بيمشي غايت النهارده بعهاد فونز لبس الشنطه ماسك الشنطه بنفس الطريقه اللي إن دي بيمسكها بيتكسف بنفس الطريقهه"
    },
    {
        "start": 50.36,
        "end": 52.36,
        "speaker": "speaker_0",
        "text": "يعنييهحاجه"
    },
    {
        "start": 52.4,
        "end": 57.96,
        "speaker": "speaker_1",
        "text": "مرعبه يعني لدرجة أنا ما اتفرجت على الحلقه مش مصدقه أنا نفسي ي"
    },
    {
        "start": 58.2,
        "end": 75.08,
        "speaker": "speaker_0",
        "text": "بعد ما شوفتي المسلسل تأثير المسلسل ده إيه على اهتمام المجتمع بدمج المتوحدين و بإن هما بالإحساس إن هما جزء من هذا المجتمع يمكن التعامل معاهم بل بالعكس ممكن يكونوا أفضل من العادي"
    },
    {
        "start": 75.24,
        "end": 92.64,
        "speaker": "speaker_1",
        "text": "بص يا أستاذه لميس يعني إني  قطع الناس اللي عارفه أنا بقيت خمستاشر سنه بعمل عملية التوعيه إنما هما عملوا حاجه أنا لو فضلت كمان مي مليون سنه مش هعرف أعملها ده إن هما دخلوا توحد أو الوتيسن فدي كل"
    },
    {
        "start": 94.0,
        "end": 94.32,
        "speaker": "speaker_0",
        "text": "شخص"
    },
    {
        "start": 94.4,
        "end": 95.72,
        "speaker": "speaker_1",
        "text": "الوطن عربي"
    },
    {
        "start": 95.96000000000001,
        "end": 96.47999999999999,
        "speaker": "speaker_0",
        "text": "بالظبط"
    },
    {
        "start": 96.75999999999999,
        "end": 103.4,
        "speaker": "speaker_1",
        "text": "يعني أنا مهما عرفت أواصل للناس مثلا حد واقف كمين أصره إزاي"
    },
    {
        "start": 103.4,
        "end": 103.56,
        "speaker": "speaker_0",
        "text": "إم"
    },
    {
        "start": 105.36,
        "end": 120.2,
        "speaker": "speaker_1",
        "text": "دي أو ناس توق الفن رهيب رجيب وكوني إن أه قدر يقدم الدور بالشكل ده يعني أنا شايفه نفسي برده بشباريه كتير جدا تشتغل في المجان ده عيطت عياط"
    },
    {
        "start": 120.28,
        "end": 124.12,
        "speaker": "speaker_0",
        "text": "اخر حلقتين أه أنا كمان تثري يه لما عملي"
    },
    {
        "start": 124.24,
        "end": 125.68,
        "speaker": "speaker_1",
        "text": "ريات نا بتعوده أه"
    },
    {
        "start": 125.96,
        "end": 128.12,
        "speaker": "speaker_0",
        "text": "إنتي متعوده مش المفروض"
    },
    {
        "start": 128.24,
        "end": 129.32,
        "speaker": "speaker_1",
        "text": "عيط"
    },
    {
        "start": 129.48,
        "end": 130.88,
        "speaker": "speaker_0",
        "text": "دكل"
    },
    {
        "start": 131.0,
        "end": 134.84,
        "speaker": "speaker_1",
        "text": "مانتي متخاينه أداءه بالنسبالي كان عظيم"
    },
    {
        "start": 135.08,
        "end": 155.52,
        "speaker": "speaker_0",
        "text": "أنا بشكرك على المجهود اللي عملتيها باليه وبشكرك على المجهود اللي بتعمليه وهننعمل حلقات تانيه بس هما الحقيقه قدموا أعظم من الحلقات اللي إحنا بنعملها كتير بس مجود رجيب ده حقيقي شكرا دكتوره داليه سليمان يا عز يا عز عز يعني بس أنا لازم أقولكوا كمان إنتو"
    }
]