[
    {
        "start": 0.0,
        "end": 1.04,
        "speaker": "speaker_0",
        "text": "أما في أولاد"
    },
    {
        "start": 1.8,
        "end": 5.2,
        "speaker": "speaker_1",
        "text": "إهده هي يعني إنت شايفه ده يتلاقض مع الأمومه"
    },
    {
        "start": 5.4,
        "end": 8.96,
        "speaker": "speaker_0",
        "text": "يعني كبرت بقى كنت بعمل كده وأنا في سن فيف"
    },
    {
        "start": 9.04,
        "end": 13.32,
        "speaker": "speaker_1",
        "text": "طب يعملي حاجه طب عملها حتى بوقدي"
    },
    {
        "start": 13.32,
        "end": 13.52,
        "speaker": "speaker_0",
        "text": "إنت"
    },
    {
        "start": 13.52,
        "end": 13.8,
        "speaker": "speaker_1",
        "text": "عايز"
    },
    {
        "start": 13.96,
        "end": 14.96,
        "speaker": "speaker_0",
        "text": "جوز يمشي عليا في"
    },
    {
        "start": 16.32,
        "end": 28.08,
        "speaker": "speaker_1",
        "text": "لا والله ده أكيد شوف كل ما يتعلق بإسماعيل ياسين وبير الناس وبتاعه وأحفاده أسرته إنس سرا متقاليش مهاليسن خالص لأ"
    },
    {
        "start": 28.12,
        "end": 30.32,
        "speaker": "speaker_0",
        "text": "و أنا صغيره كنت بعيد يعني الموضوع ده"
    },
    {
        "start": 30.64,
        "end": 33.64,
        "speaker": "speaker_1",
        "text": "لا و إنتي وإنتي أكثر جديه يعني أشان"
    },
    {
        "start": 33.64,
        "end": 48.96,
        "speaker": "speaker_0",
        "text": "البنوته ندي هي سنه هير مش كي طول الوقت يعني بابا دايما معتبرني أنا كنت الولد اللي هو يعني مجبش وليت فأنا معتبرين الولد ده وسره فنستاس بقى البنوته الكيوت"
    },
    {
        "start": 49.4,
        "end": 63.08,
        "speaker": "speaker_1",
        "text": "أه هو الراحل ياسيني إسماعيل ياسين إنتسلمه وساره بس ماعنكيش إخوه التانيين  فكان بتقولي إنتي يعني بيعتبرك إنتي اللي ممكن تكون بديلا لل الرجل"
    },
    {
        "start": 63.12,
        "end": 77.76,
        "speaker": "speaker_0",
        "text": "يعني كنا بنهظر مباض يعني تنين لجاله بيظر م بعض عنس بقى يعني كده فهو كان بيتعام معانا كده صوره بتاعت الأفلام و نفرجع مين لش مع بعض بقى أنا لأ أنا مش كده أه"
    },
    {
        "start": 77.92,
        "end": 86.92,
        "speaker": "speaker_1",
        "text": "طيب يلا إعمل دان البتاع ده عشان نطلع منها فاصلبطلعفه"
    }
]