[
    {
        "start": 2.04,
        "end": 5.08,
        "speaker": "speaker_4",
        "text": "تفقيدها عليه إنت كمان وحيات والله لا سمع عنتك بتقول كده"
    },
    {
        "start": 5.12,
        "end": 7.8,
        "speaker": "speaker_1",
        "text": "تاني قولي عنين خلاص حلاوه صوتك عالي مش كفايه"
    },
    {
        "start": 7.84,
        "end": 8.84,
        "speaker": "speaker_4",
        "text": "القضيه اللي فاتت"
    },
    {
        "start": 9.0,
        "end": 12.44,
        "speaker": "speaker_3",
        "text": "يا هو القضيه اللي فاتت ده أول قول إيه رياضة"
    },
    {
        "start": 12.52,
        "end": 13.8,
        "speaker": "speaker_2",
        "text": "دوهيه إنت تكتوا عليا"
    },
    {
        "start": 13.8,
        "end": 16.36,
        "speaker": "speaker_0",
        "text": "و لا إيه شانسكت لك قصود ده إيه ده تست"
    },
    {
        "start": 16.44,
        "end": 20.52,
        "speaker": "speaker_2",
        "text": "تيه ألاعشان خاطر ال بيه بس شرود عليك يا بنت إنت  ا نا س"
    },
    {
        "start": 20.72,
        "end": 41.52,
        "speaker": "speaker_0",
        "text": "عايز كر إيه اللي بيحصل ده سكو قعدي كده ليه مسمعش وت حد عارف مكتب هنا تاني تاهميني ورا لأ فيها ندي ديزيتهم عالي"
    },
    {
        "start": 41.56,
        "end": 42.8,
        "speaker": "speaker_1",
        "text": "أوي"
    },
    {
        "start": 43.12,
        "end": 45.0,
        "speaker": "speaker_0",
        "text": "سمل زقتك مش"
    },
    {
        "start": 45.04,
        "end": 46.72,
        "speaker": "speaker_1",
        "text": "حاجه مفيش حاجه"
    },
    {
        "start": 46.76,
        "end": 47.08,
        "speaker": "speaker_0",
        "text": "خالص"
    }
]