[
    {
        "start": 0.0,
        "end": 5.96,
        "speaker": "speaker_0",
        "text": "بجي بتتكاسر برضو مع السمكوميداي إن هو بيوجه ناس لايف دي بتتكس أمرك"
    },
    {
        "start": 6.12,
        "end": 7.76,
        "speaker": "speaker_2",
        "text": "قولت حاجات محدش ضحك"
    },
    {
        "start": 7.84,
        "end": 10.96,
        "speaker": "speaker_0",
        "text": "كتير طبعيلما"
    },
    {
        "start": 11.0,
        "end": 13.16,
        "speaker": "speaker_2",
        "text": "محدش بيضحك بتبقى مشكله"
    },
    {
        "start": 13.32,
        "end": 20.88,
        "speaker": "speaker_1",
        "text": "هي بتضحكنا إحنا كستند اكوميدينس بقى يعني ملناس مع بيحك من الكالوس من جوه على  حضرتك بيضحك علي عشان كلنا بقىعارفين الموقف دهعمل"
    }
]